"gene","celltype","group1","group2","comparison","logFC","logCPM","F","PValue","FDR","direction"
"MTHFD1L","Luminal_Epithelial","TNBC","ER_Positive","TNBC vs ER_Positive",6.08934709742265,2.95528787526116,47.0497818197888,5.71746678641789e-07,0.00252798640882786,"TNBC_higher"
"CDCA7","Luminal_Epithelial","TNBC","ER_Positive","TNBC vs ER_Positive",5.51379576155475,2.87131602988754,46.6565223484332,5.73862810520906e-07,0.00252798640882786,"TNBC_higher"
"CDC20","Luminal_Epithelial","TNBC","ER_Positive","TNBC vs ER_Positive",3.87309896923268,3.1470122715432,44.8231146448355,7.31904584615762e-07,0.00252798640882786,"TNBC_higher"
"PSAT1","Luminal_Epithelial","TNBC","ER_Positive","TNBC vs ER_Positive",7.67680082817897,4.2534147900033,44.7412422026579,8.66862034745946e-07,0.00252798640882786,"TNBC_higher"
"USB1","Luminal_Epithelial","TNBC","ER_Positive","TNBC vs ER_Positive",2.45222365179067,4.69790433470709,46.4467972093966,1.2981692827691e-06,0.00274929690948151,"TNBC_higher"
"RGS11","Luminal_Epithelial","TNBC","ER_Positive","TNBC vs ER_Positive",-4.51028262579926,3.14951532101538,39.3827143574449,1.50442998387065e-06,0.00274929690948151,"ER_Positive_higher"
"SSH3","Luminal_Epithelial","TNBC","ER_Positive","TNBC vs ER_Positive",-1.70298350098919,4.57916589633178,44.6296491884175,1.7465946330498e-06,0.00274929690948151,"ER_Positive_higher"
"PGM1","Luminal_Epithelial","TNBC","ER_Positive","TNBC vs ER_Positive",1.83580576771811,5.26765874024169,43.7881576940575,2.05890732081745e-06,0.00274929690948151,"TNBC_higher"
"SLC16A6","Luminal_Epithelial","TNBC","ER_Positive","TNBC vs ER_Positive",-4.6120058674209,3.38532285417966,37.3423267898288,2.31867873969142e-06,0.00274929690948151,"ER_Positive_higher"
"BAG2","Luminal_Epithelial","TNBC","ER_Positive","TNBC vs ER_Positive",4.29307802891368,3.57616850427171,38.5805270810134,2.3568769048277e-06,0.00274929690948151,"TNBC_higher"
"CENPW","Luminal_Epithelial","TNBC","ER_Positive","TNBC vs ER_Positive",3.98223107507415,5.22191481579295,39.2056423446587,3.81575228358123e-06,0.00404643185345227,"TNBC_higher"
"PLIN5","Luminal_Epithelial","TNBC","ER_Positive","TNBC vs ER_Positive",-5.63590403130635,3.94661593238447,34.2905086042059,4.1728283232222e-06,0.00405633686586558,"ER_Positive_higher"
"NFATC4","Luminal_Epithelial","TNBC","ER_Positive","TNBC vs ER_Positive",-5.07221806871719,4.49687394202698,34.581963216895,4.8381495380103e-06,0.00409303085401854,"ER_Positive_higher"
"CCNB2","Luminal_Epithelial","TNBC","ER_Positive","TNBC vs ER_Positive",3.82875339076207,2.48685987168447,34.1595794342627,4.98498676481375e-06,0.00409303085401854,"TNBC_higher"
"EME2","Luminal_Epithelial","TNBC","ER_Positive","TNBC vs ER_Positive",-2.65063133686511,2.58364188420066,34.5014236626321,5.2632201294709e-06,0.00409303085401854,"ER_Positive_higher"
"CHEK1","Luminal_Epithelial","TNBC","ER_Positive","TNBC vs ER_Positive",2.82299596806692,2.7766457489008,34.0328563101801,6.74902445469037e-06,0.00476439774301556,"TNBC_higher"
"MCCC2","Luminal_Epithelial","TNBC","ER_Positive","TNBC vs ER_Positive",-2.18451093220503,5.88977889790045,36.5752456227852,6.94340005411613e-06,0.00476439774301556,"ER_Positive_higher"
"MRAS","Luminal_Epithelial","TNBC","ER_Positive","TNBC vs ER_Positive",4.41369695296325,3.5675695525175,32.386384198035,8.00487934060185e-06,0.00493926382433202,"TNBC_higher"
"ENO1","Luminal_Epithelial","TNBC","ER_Positive","TNBC vs ER_Positive",2.50660374868828,8.79434146268087,35.7743052546462,8.04509324151808e-06,0.00493926382433202,"TNBC_higher"
"HOXB-AS1","Luminal_Epithelial","TNBC","ER_Positive","TNBC vs ER_Positive",-3.13912030737491,2.98671222662701,30.7392320056237,1.1810302866259e-05,0.00674920314119894,"ER_Positive_higher"
"CERS2","Luminal_Epithelial","TNBC","ER_Positive","TNBC vs ER_Positive",-1.26228238403797,6.60891621921492,33.5681579928164,1.21503014115026e-05,0.00674920314119894,"ER_Positive_higher"
"UPP1","Luminal_Epithelial","TNBC","ER_Positive","TNBC vs ER_Positive",3.75111107873553,4.70910524361508,31.9929477148067,1.40041048621545e-05,0.0070248761460066,"TNBC_higher"
"MSN","Luminal_Epithelial","TNBC","ER_Positive","TNBC vs ER_Positive",2.51263112234175,4.54396135946612,32.5396620841013,1.40256402500254e-05,0.0070248761460066,"TNBC_higher"
"F7","Luminal_Epithelial","TNBC","ER_Positive","TNBC vs ER_Positive",-3.98348352663809,1.42485893699186,28.1231981972131,1.46860381337452e-05,0.0070248761460066,"ER_Positive_higher"
"ACTR3B","Luminal_Epithelial","TNBC","ER_Positive","TNBC vs ER_Positive",3.11830748903598,4.9311181625977,32.0334111390384,1.53015496081979e-05,0.0070248761460066,"TNBC_higher"
"GREB1L","Luminal_Epithelial","TNBC","ER_Positive","TNBC vs ER_Positive",-4.29775825209232,2.36584417199415,28.1885720545954,1.60349691355498e-05,0.0070248761460066,"ER_Positive_higher"
"MXRA8","Luminal_Epithelial","TNBC","ER_Positive","TNBC vs ER_Positive",-4.30546561902841,3.19023573443363,28.5701853935034,1.64747632110429e-05,0.0070248761460066,"ER_Positive_higher"
"LIG3","Luminal_Epithelial","TNBC","ER_Positive","TNBC vs ER_Positive",-1.2150891294538,3.83985744828846,31.5634514007061,1.69560438906649e-05,0.0070248761460066,"ER_Positive_higher"
"CAV2","Luminal_Epithelial","TNBC","ER_Positive","TNBC vs ER_Positive",4.85981352721978,4.84956983635918,29.800374321642,1.79809981322419e-05,0.0070248761460066,"TNBC_higher"
"NAT1","Luminal_Epithelial","TNBC","ER_Positive","TNBC vs ER_Positive",-4.58860153048092,5.5057591499294,30.4336340605534,1.8066548168041e-05,0.0070248761460066,"ER_Positive_higher"
"CHST11","Luminal_Epithelial","TNBC","ER_Positive","TNBC vs ER_Positive",4.06349812347636,1.73989438679343,28.0330823875135,2.08108054042183e-05,0.00747707454701834,"TNBC_higher"
"BAIAP3","Luminal_Epithelial","TNBC","ER_Positive","TNBC vs ER_Positive",-3.19252814224153,2.14306320204663,27.1889308953578,2.18111005740136e-05,0.00747707454701834,"ER_Positive_higher"
"ASF1B","Luminal_Epithelial","TNBC","ER_Positive","TNBC vs ER_Positive",2.26860580098605,2.25900722549602,28.3048221256224,2.23303980530533e-05,0.00747707454701834,"TNBC_higher"
"DCXR","Luminal_Epithelial","TNBC","ER_Positive","TNBC vs ER_Positive",-1.76719765953957,8.63794496015255,30.4240134228341,2.24223685938236e-05,0.00747707454701834,"ER_Positive_higher"
"SERPINE2","Luminal_Epithelial","TNBC","ER_Positive","TNBC vs ER_Positive",6.12079310380633,4.50935988471428,27.5932306097976,2.24344285594206e-05,0.00747707454701834,"TNBC_higher"
"FSCN1","Luminal_Epithelial","TNBC","ER_Positive","TNBC vs ER_Positive",5.13296357666536,5.93539332927507,29.429978251034,2.33879046577855e-05,0.00757833077314078,"TNBC_higher"
"MSL3","Luminal_Epithelial","TNBC","ER_Positive","TNBC vs ER_Positive",1.47820349356432,4.10754491777364,29.7521221202493,2.49670455452156e-05,0.00787136719689027,"TNBC_higher"
"GYPC","Luminal_Epithelial","TNBC","ER_Positive","TNBC vs ER_Positive",5.0455884675758,4.91844219075871,27.8406204843867,2.70723971105792e-05,0.00802997043283392,"TNBC_higher"
"ASNS","Luminal_Epithelial","TNBC","ER_Positive","TNBC vs ER_Positive",2.2199413764586,4.33238380136524,28.9915530539354,2.87828115979079e-05,0.00802997043283392,"TNBC_higher"
"MVD","Luminal_Epithelial","TNBC","ER_Positive","TNBC vs ER_Positive",1.94033087269888,4.47366652641223,29.0787367120901,2.87925885614091e-05,0.00802997043283392,"TNBC_higher"
"PHF19","Luminal_Epithelial","TNBC","ER_Positive","TNBC vs ER_Positive",2.80812879105978,2.73500855690964,27.3446931427199,2.88053103763647e-05,0.00802997043283392,"TNBC_higher"
"WWP1","Luminal_Epithelial","TNBC","ER_Positive","TNBC vs ER_Positive",-2.42676395360334,5.99680988138545,29.1677619985819,2.89120238473231e-05,0.00802997043283392,"ER_Positive_higher"
"CACNA1D","Luminal_Epithelial","TNBC","ER_Positive","TNBC vs ER_Positive",-3.65924463507992,2.3848628850132,25.8096905915442,3.0383286382858e-05,0.00805522809512024,"ER_Positive_higher"
"P4HTM","Luminal_Epithelial","TNBC","ER_Positive","TNBC vs ER_Positive",-1.66950323243971,5.60128565105816,28.7328034170662,3.17408861653263e-05,0.00805522809512024,"ER_Positive_higher"
"LMNTD2","Luminal_Epithelial","TNBC","ER_Positive","TNBC vs ER_Positive",-2.23806952770129,1.71582645217502,25.7367112085494,3.17890738820746e-05,0.00805522809512024,"ER_Positive_higher"
"HACD1","Luminal_Epithelial","TNBC","ER_Positive","TNBC vs ER_Positive",3.53055446940873,2.93100099301577,26.4512414706832,3.18006273721143e-05,0.00805522809512024,"TNBC_higher"
"PRKX","Luminal_Epithelial","TNBC","ER_Positive","TNBC vs ER_Positive",2.64352680743,3.05466912995142,27.3487902387316,3.24556982829534e-05,0.00805522809512024,"TNBC_higher"
"CYB5B","Luminal_Epithelial","TNBC","ER_Positive","TNBC vs ER_Positive",1.1563803904916,5.2404107831465,28.2229253207881,3.54012990223233e-05,0.00849062006246757,"TNBC_higher"
"SLC22A5","Luminal_Epithelial","TNBC","ER_Positive","TNBC vs ER_Positive",-2.32151788053142,4.6228043040965,27.9593488124545,3.56656993622727e-05,0.00849062006246757,"ER_Positive_higher"
"YBX1","Luminal_Epithelial","TNBC","ER_Positive","TNBC vs ER_Positive",2.93942144012823,9.66770191436422,27.9652363917988,3.73361877478983e-05,0.00867824318406693,"TNBC_higher"
"TTC36","Luminal_Epithelial","TNBC","ER_Positive","TNBC vs ER_Positive",-3.76911143085689,4.96658683379097,27.2124995084261,3.79417404532716e-05,0.00867824318406693,"ER_Positive_higher"
"LIX1L","Luminal_Epithelial","TNBC","ER_Positive","TNBC vs ER_Positive",2.74067874499544,2.70367154509533,25.8485990416733,4.13165615932109e-05,0.00926841713432317,"TNBC_higher"
"TRIM23","Luminal_Epithelial","TNBC","ER_Positive","TNBC vs ER_Positive",-2.01155795469453,2.36259994855051,25.3597680912275,4.42455559575454e-05,0.00932403623972048,"ER_Positive_higher"
"CDT1","Luminal_Epithelial","TNBC","ER_Positive","TNBC vs ER_Positive",2.47377470440854,2.2342491666584,25.0222168442029,4.60451373865834e-05,0.00932403623972048,"TNBC_higher"
"PTTG1","Luminal_Epithelial","TNBC","ER_Positive","TNBC vs ER_Positive",3.38876272248443,4.48020367884211,26.3907770299958,4.67658234860113e-05,0.00932403623972048,"TNBC_higher"
"EPSTI1","Luminal_Epithelial","TNBC","ER_Positive","TNBC vs ER_Positive",3.23735159939279,2.90422528795306,25.0708099234175,4.75594172079347e-05,0.00932403623972048,"TNBC_higher"
"WIPF1","Luminal_Epithelial","TNBC","ER_Positive","TNBC vs ER_Positive",3.94408582032146,3.22434632293362,24.7450942666028,4.82538721068789e-05,0.00932403623972048,"TNBC_higher"
"GLRX3","Luminal_Epithelial","TNBC","ER_Positive","TNBC vs ER_Positive",1.70312477938873,6.26948268936914,26.7011088229687,4.91714380510815e-05,0.00932403623972048,"TNBC_higher"
"PDSS1","Luminal_Epithelial","TNBC","ER_Positive","TNBC vs ER_Positive",1.94749576382683,2.80791845230663,25.7410598183028,4.93508930632087e-05,0.00932403623972048,"TNBC_higher"
"PHGDH","Luminal_Epithelial","TNBC","ER_Positive","TNBC vs ER_Positive",3.45004467437035,5.26778916895433,26.4563189961221,4.93739962444874e-05,0.00932403623972048,"TNBC_higher"
"CRYAB","Luminal_Epithelial","TNBC","ER_Positive","TNBC vs ER_Positive",5.35403981649262,6.66715463354604,26.304034905554,4.94713858732808e-05,0.00932403623972048,"TNBC_higher"
"ODC1","Luminal_Epithelial","TNBC","ER_Positive","TNBC vs ER_Positive",2.90644963003796,5.48698332647722,26.5818925878794,4.9557672255694e-05,0.00932403623972048,"TNBC_higher"
"FHL3","Luminal_Epithelial","TNBC","ER_Positive","TNBC vs ER_Positive",2.86173546972842,4.04038564244771,25.8575937349135,5.29106291352955e-05,0.00969198058419002,"TNBC_higher"
"C9orf116","Luminal_Epithelial","TNBC","ER_Positive","TNBC vs ER_Positive",-2.69985179625409,5.00038937408557,26.1557304125347,5.31750327808111e-05,0.00969198058419002,"ER_Positive_higher"
"GJA1","Luminal_Epithelial","TNBC","ER_Positive","TNBC vs ER_Positive",-5.52853545167192,5.82477693029039,24.7741622869349,5.63403493596975e-05,0.00993011593307317,"ER_Positive_higher"
"RIBC1","Luminal_Epithelial","TNBC","ER_Positive","TNBC vs ER_Positive",-2.38923293018218,2.11781920483786,23.8344008459511,5.63632567335321e-05,0.00993011593307317,"ER_Positive_higher"
"TP53I3","Luminal_Epithelial","TNBC","ER_Positive","TNBC vs ER_Positive",2.69289492998388,4.40574197754277,25.6832022264757,5.7972392522015e-05,0.00993011593307317,"TNBC_higher"
"S100A4","Luminal_Epithelial","TNBC","ER_Positive","TNBC vs ER_Positive",4.55333077186193,7.62508024221486,25.8642352043849,5.87721523629519e-05,0.00993011593307317,"TNBC_higher"
"CORO1C","Luminal_Epithelial","TNBC","ER_Positive","TNBC vs ER_Positive",1.88220029758777,3.82763284929352,25.6307441729572,5.88011469634143e-05,0.00993011593307317,"TNBC_higher"
"NMI","Luminal_Epithelial","TNBC","ER_Positive","TNBC vs ER_Positive",1.45901360943205,4.84289783929415,25.7962858950508,5.9703509367753e-05,0.00993011593307317,"TNBC_higher"
"TYMS","Luminal_Epithelial","TNBC","ER_Positive","TNBC vs ER_Positive",2.98418530914065,4.06520172187077,25.2296703159979,6.04404827473806e-05,0.00993011593307317,"TNBC_higher"
"TPGS2","Luminal_Epithelial","TNBC","ER_Positive","TNBC vs ER_Positive",1.31468699973308,5.92072027775867,25.4822569023034,6.44806603324656e-05,0.0102845076079808,"TNBC_higher"
"NUDT5","Luminal_Epithelial","TNBC","ER_Positive","TNBC vs ER_Positive",1.42607591842402,6.2656538110991,25.4428844155794,6.50367037023904e-05,0.0102845076079808,"TNBC_higher"
"ADA","Luminal_Epithelial","TNBC","ER_Positive","TNBC vs ER_Positive",2.88277759200569,3.34003595963416,24.4538890186481,6.52424828967489e-05,0.0102845076079808,"TNBC_higher"
"CASP1","Luminal_Epithelial","TNBC","ER_Positive","TNBC vs ER_Positive",2.60336994332554,3.2830536724885,24.4755703997988,6.72941170966253e-05,0.0104664783457618,"TNBC_higher"
"PCMTD2","Luminal_Epithelial","TNBC","ER_Positive","TNBC vs ER_Positive",-1.82667910155837,4.45761580101111,24.9028710444361,7.1261816566752e-05,0.0107402995958938,"ER_Positive_higher"
"ANXA2","Luminal_Epithelial","TNBC","ER_Positive","TNBC vs ER_Positive",1.79659783126991,9.57825339294028,25.0110724540509,7.15455856127452e-05,0.0107402995958938,"TNBC_higher"
"RP11-379F12.4","Luminal_Epithelial","TNBC","ER_Positive","TNBC vs ER_Positive",-4.49814641619147,1.95833184294727,22.247389262493,7.18168339888312e-05,0.0107402995958938,"ER_Positive_higher"
"NME3","Luminal_Epithelial","TNBC","ER_Positive","TNBC vs ER_Positive",-1.16027594909571,7.92238354004421,24.8679801051482,7.39997878398581e-05,0.0109266775335689,"ER_Positive_higher"
"JRKL","Luminal_Epithelial","TNBC","ER_Positive","TNBC vs ER_Positive",3.28315785727256,2.5273421167949,22.8176588091529,7.62160328427207e-05,0.0111132502888792,"TNBC_higher"
"MYO15B","Luminal_Epithelial","TNBC","ER_Positive","TNBC vs ER_Positive",-2.06814697570147,2.33393497772682,23.0613227377233,7.76626972262808e-05,0.0111843871993156,"ER_Positive_higher"
"DEF8","Luminal_Epithelial","TNBC","ER_Positive","TNBC vs ER_Positive",1.70016341159142,4.46486634489525,24.3764739924955,8.14937741794143e-05,0.0115929862902789,"TNBC_higher"
"GPR143","Luminal_Epithelial","TNBC","ER_Positive","TNBC vs ER_Positive",-2.72504302275957,2.01332443831638,22.091260258471,8.34782966302379e-05,0.0116308174050867,"ER_Positive_higher"
"SMIM12","Luminal_Epithelial","TNBC","ER_Positive","TNBC vs ER_Positive",1.21743817281962,5.405780306983,24.33473157391,8.37538501523601e-05,0.0116308174050867,"TNBC_higher"
"DSCC1","Luminal_Epithelial","TNBC","ER_Positive","TNBC vs ER_Positive",2.21128506042993,2.32782488158581,22.747553514829,8.85018373831387e-05,0.0121455756832272,"TNBC_higher"
"ANXA1","Luminal_Epithelial","TNBC","ER_Positive","TNBC vs ER_Positive",4.0851582910177,7.3169643832205,23.9136833802038,9.1953418788188e-05,0.0123649147540759,"TNBC_higher"
"SERBP1","Luminal_Epithelial","TNBC","ER_Positive","TNBC vs ER_Positive",1.43203866691843,8.18272314061078,23.9134792796235,9.22201100389713e-05,0.0123649147540759,"TNBC_higher"
"CCL5","Luminal_Epithelial","TNBC","ER_Positive","TNBC vs ER_Positive",5.01338028320119,6.14618131230212,23.4773862737115,9.38406001336025e-05,0.0124392113699826,"TNBC_higher"
"CHAC2","Luminal_Epithelial","TNBC","ER_Positive","TNBC vs ER_Positive",2.45967415893293,2.55544712460827,22.2315691940189,0.00010218077149836,0.013286853258917,"TNBC_higher"
"GBP1","Luminal_Epithelial","TNBC","ER_Positive","TNBC vs ER_Positive",2.96482195139533,4.78708872536609,23.2625592524253,0.000103050408381597,0.013286853258917,"TNBC_higher"
"LRRC6","Luminal_Epithelial","TNBC","ER_Positive","TNBC vs ER_Positive",-2.23189935956411,3.29455534402837,22.6737306051591,0.000104306045236495,0.013286853258917,"ER_Positive_higher"
"TPPP3","Luminal_Epithelial","TNBC","ER_Positive","TNBC vs ER_Positive",-3.1569231182011,3.64321226900936,22.326314312469,0.000105818279693417,0.013286853258917,"ER_Positive_higher"
"DHRS2","Luminal_Epithelial","TNBC","ER_Positive","TNBC vs ER_Positive",-6.92787118032783,7.37517924869111,22.3603498001442,0.000106644427287807,0.013286853258917,"ER_Positive_higher"
"GLIPR1","Luminal_Epithelial","TNBC","ER_Positive","TNBC vs ER_Positive",4.2800410105116,3.80690924710376,21.8157030928881,0.000108850738460804,0.013286853258917,"TNBC_higher"
"CD68","Luminal_Epithelial","TNBC","ER_Positive","TNBC vs ER_Positive",2.73072318956757,3.82265383658363,22.7306410312158,0.000109398034233737,0.013286853258917,"TNBC_higher"
"CENPN","Luminal_Epithelial","TNBC","ER_Positive","TNBC vs ER_Positive",2.25758676177815,3.50614631127183,22.6979808789982,0.00011111061986616,0.013286853258917,"TNBC_higher"
"CFAP20","Luminal_Epithelial","TNBC","ER_Positive","TNBC vs ER_Positive",1.35794862087808,4.71506885588564,23.0861449737978,0.00011161282595629,0.013286853258917,"TNBC_higher"
"AC018816.3","Luminal_Epithelial","TNBC","ER_Positive","TNBC vs ER_Positive",-5.59264457278859,5.62944759806932,21.7932512383971,0.000113017230489673,0.013286853258917,"ER_Positive_higher"
"SPHK1","Luminal_Epithelial","TNBC","ER_Positive","TNBC vs ER_Positive",4.6386670650967,4.95571064699905,22.1985886791423,0.000114850515954964,0.013286853258917,"TNBC_higher"
"CYHR1","Luminal_Epithelial","TNBC","ER_Positive","TNBC vs ER_Positive",-1.32994095870182,6.32042329232359,22.9917321319235,0.000114946015696781,0.013286853258917,"ER_Positive_higher"
"KIAA0825","Luminal_Epithelial","TNBC","ER_Positive","TNBC vs ER_Positive",-1.749932116263,1.55992369889217,20.9325027457476,0.0001160886269993,0.013286853258917,"ER_Positive_higher"
"FYB","Luminal_Epithelial","TNBC","ER_Positive","TNBC vs ER_Positive",3.54852455075954,3.55564973998464,21.8692496282521,0.000116272407355331,0.013286853258917,"TNBC_higher"
"TRIB3","Luminal_Epithelial","TNBC","ER_Positive","TNBC vs ER_Positive",1.69625914800726,5.36796721200335,22.8950167086758,0.000117320693156318,0.013286853258917,"TNBC_higher"
"HOXB3","Luminal_Epithelial","TNBC","ER_Positive","TNBC vs ER_Positive",-4.15073390151761,3.61474555302439,21.1028515319859,0.000119214506470042,0.0133715117112793,"ER_Positive_higher"
"CCDC82","Luminal_Epithelial","TNBC","ER_Positive","TNBC vs ER_Positive",3.39408066719033,3.49491612597439,21.7646269304441,0.000120972004559046,0.0134339986575856,"TNBC_higher"
"RP11-458F8.4","Luminal_Epithelial","TNBC","ER_Positive","TNBC vs ER_Positive",-1.98649978088968,1.5222003179315,20.6115190064306,0.000123341905384854,0.0134339986575856,"ER_Positive_higher"
"CAV1","Luminal_Epithelial","TNBC","ER_Positive","TNBC vs ER_Positive",5.78836137039358,6.5899673092118,22.1494889797425,0.000125477464033628,0.0134339986575856,"TNBC_higher"
"TUBB6","Luminal_Epithelial","TNBC","ER_Positive","TNBC vs ER_Positive",4.41840658927822,4.23313447128703,21.4773983766337,0.00012552986315275,0.0134339986575856,"TNBC_higher"
"WARS","Luminal_Epithelial","TNBC","ER_Positive","TNBC vs ER_Positive",2.72189964637461,6.04666649800622,22.513003491265,0.000128417536161066,0.0135758777989304,"TNBC_higher"
"RNASEH1","Luminal_Epithelial","TNBC","ER_Positive","TNBC vs ER_Positive",1.73075548485159,5.08308059932447,22.4520133979854,0.000130163064065606,0.0135758777989304,"TNBC_higher"
"MOCOS","Luminal_Epithelial","TNBC","ER_Positive","TNBC vs ER_Positive",2.31949864072976,3.87137125869999,22.1802053532364,0.000130347047876571,0.0135758777989304,"TNBC_higher"
"COTL1","Luminal_Epithelial","TNBC","ER_Positive","TNBC vs ER_Positive",4.14534804162753,6.66074129680415,22.3381907344549,0.000132540507219927,0.0135833863851379,"TNBC_higher"
"OXCT1","Luminal_Epithelial","TNBC","ER_Positive","TNBC vs ER_Positive",2.6440612996329,3.75934412557402,21.9627848038683,0.00013274805382818,0.0135833863851379,"TNBC_higher"
"QRSL1","Luminal_Epithelial","TNBC","ER_Positive","TNBC vs ER_Positive",2.80562778778174,5.15547853092979,22.2544034574751,0.000134341530684197,0.013626903960271,"TNBC_higher"
"MSMB","Luminal_Epithelial","TNBC","ER_Positive","TNBC vs ER_Positive",-3.9237590337225,4.78350862137778,21.6486627686593,0.000135818966232635,0.01365800207848,"ER_Positive_higher"
"CASC8","Luminal_Epithelial","TNBC","ER_Positive","TNBC vs ER_Positive",5.84423081117328,2.71898052859652,20.9070102625333,0.000138020816975019,0.0137588239185228,"TNBC_higher"
"POLR2C","Luminal_Epithelial","TNBC","ER_Positive","TNBC vs ER_Positive",1.16976204857461,5.76725084025324,22.1987887171867,0.000139180559141508,0.0137588239185228,"TNBC_higher"
"HLA-DPA1","Luminal_Epithelial","TNBC","ER_Positive","TNBC vs ER_Positive",2.90171382980556,5.98077253406354,22.0971889237318,0.000141774101209174,0.0137849427249279,"TNBC_higher"
"ITGB1BP1","Luminal_Epithelial","TNBC","ER_Positive","TNBC vs ER_Positive",1.62019491133176,6.07428989463636,22.1207318376219,0.000141808240633635,0.0137849427249279,"TNBC_higher"
"PRDM1","Luminal_Epithelial","TNBC","ER_Positive","TNBC vs ER_Positive",3.49532437066299,1.94711616266443,20.326543941178,0.000143092708205339,0.0137948466216139,"TNBC_higher"
"STMN1","Luminal_Epithelial","TNBC","ER_Positive","TNBC vs ER_Positive",2.350707549945,7.68030317749967,21.9354960061508,0.000148291147447987,0.0140638273249215,"TNBC_higher"
"ARPC2","Luminal_Epithelial","TNBC","ER_Positive","TNBC vs ER_Positive",1.42745737316526,8.25186263486253,21.932014246839,0.000148294107240921,0.0140638273249215,"TNBC_higher"
"UTP11L","Luminal_Epithelial","TNBC","ER_Positive","TNBC vs ER_Positive",1.48742081805678,5.23371678061762,21.8558125481275,0.000151068330766411,0.0142113877289531,"TNBC_higher"
"URGCP","Luminal_Epithelial","TNBC","ER_Positive","TNBC vs ER_Positive",-1.26667713319756,3.67280707176005,21.6214174305054,0.000152927116595622,0.0142692712101172,"ER_Positive_higher"
"CIAPIN1","Luminal_Epithelial","TNBC","ER_Positive","TNBC vs ER_Positive",1.4602171016636,4.59986479450136,21.7304256949865,0.000154684539220651,0.0142692712101172,"TNBC_higher"
"LMBRD2","Luminal_Epithelial","TNBC","ER_Positive","TNBC vs ER_Positive",-1.37694293790412,3.68889874066409,21.5428777950583,0.000155353402801962,0.0142692712101172,"ER_Positive_higher"
"VIM","Luminal_Epithelial","TNBC","ER_Positive","TNBC vs ER_Positive",5.99254040844499,10.3833311720606,21.6935901322959,0.000157400357564223,0.0143443372733333,"TNBC_higher"
"TROAP","Luminal_Epithelial","TNBC","ER_Positive","TNBC vs ER_Positive",2.96758619432552,1.91979475738703,19.9394879123392,0.000158900555451539,0.0143687982894744,"TNBC_higher"
"FAM26F","Luminal_Epithelial","TNBC","ER_Positive","TNBC vs ER_Positive",4.5006253890244,2.58527557706877,20.0180573916714,0.000162396726025097,0.0145159203910901,"TNBC_higher"
"LAMB3","Luminal_Epithelial","TNBC","ER_Positive","TNBC vs ER_Positive",3.87263482694794,3.55025655102764,20.3588715684093,0.000163643707945496,0.0145159203910901,"TNBC_higher"
"ETNK2","Luminal_Epithelial","TNBC","ER_Positive","TNBC vs ER_Positive",-2.36507595561235,4.08535087068747,21.2214577101748,0.000164260736530123,0.0145159203910901,"ER_Positive_higher"
"FABP5","Luminal_Epithelial","TNBC","ER_Positive","TNBC vs ER_Positive",5.17806606316919,7.55887830330686,21.4244373164679,0.000165670790722007,0.0145304494268588,"TNBC_higher"
"FAM214A","Luminal_Epithelial","TNBC","ER_Positive","TNBC vs ER_Positive",-2.06859563098443,5.10044644740897,21.2864410936693,0.000172163299454843,0.0149872006577667,"ER_Positive_higher"
"YARS","Luminal_Epithelial","TNBC","ER_Positive","TNBC vs ER_Positive",1.7959530430112,5.19779785890454,21.2195538570192,0.000176525107839922,0.0151737746193118,"TNBC_higher"
"POLR3G","Luminal_Epithelial","TNBC","ER_Positive","TNBC vs ER_Positive",3.13636116006391,2.77353317775539,20.0027853306837,0.000176908131009551,0.0151737746193118,"TNBC_higher"
"RARRES1","Luminal_Epithelial","TNBC","ER_Positive","TNBC vs ER_Positive",5.55130656006331,7.71462133584711,21.0675582542192,0.000180264934108702,0.0152121855749035,"TNBC_higher"
"CELSR1","Luminal_Epithelial","TNBC","ER_Positive","TNBC vs ER_Positive",-1.81240295334724,4.17308457165343,20.9513693569133,0.000182552110592351,0.0152121855749035,"ER_Positive_higher"
"CSNK2A2","Luminal_Epithelial","TNBC","ER_Positive","TNBC vs ER_Positive",1.58869220504904,2.86479966904074,20.6321181992547,0.000182587016794982,0.0152121855749035,"TNBC_higher"
"B4GALNT4","Luminal_Epithelial","TNBC","ER_Positive","TNBC vs ER_Positive",-2.00141498781737,2.48890159659665,19.9778996759447,0.000184333361483602,0.0152121855749035,"ER_Positive_higher"
"TPI1","Luminal_Epithelial","TNBC","ER_Positive","TNBC vs ER_Positive",1.68175354280363,9.60906689533623,21.0448031070132,0.000184818233503971,0.0152121855749035,"TNBC_higher"
"NCF1","Luminal_Epithelial","TNBC","ER_Positive","TNBC vs ER_Positive",2.04188926800556,1.75004393804186,19.5526536673053,0.000186657621001473,0.0152121855749035,"TNBC_higher"
"ACOT4","Luminal_Epithelial","TNBC","ER_Positive","TNBC vs ER_Positive",-2.00058777078276,4.05977621755978,20.7744432309319,0.000188053577928503,0.0152121855749035,"ER_Positive_higher"
"IMPA2","Luminal_Epithelial","TNBC","ER_Positive","TNBC vs ER_Positive",3.02695609430052,4.70755262132371,20.7592555371093,0.000189731154849427,0.0152121855749035,"TNBC_higher"
"DTD1","Luminal_Epithelial","TNBC","ER_Positive","TNBC vs ER_Positive",1.7180232361389,5.37387186892207,20.9381172406538,0.000189829990838863,0.0152121855749035,"TNBC_higher"
"MAP1B","Luminal_Epithelial","TNBC","ER_Positive","TNBC vs ER_Positive",4.74964908240004,4.70131724007577,20.0427556738636,0.000190396836171103,0.0152121855749035,"TNBC_higher"
"MFGE8","Luminal_Epithelial","TNBC","ER_Positive","TNBC vs ER_Positive",4.30699887673504,5.25826029075458,20.4586290169749,0.000195247262848629,0.0154626929108863,"TNBC_higher"
"SNX3","Luminal_Epithelial","TNBC","ER_Positive","TNBC vs ER_Positive",1.32473606641974,7.78384205538342,20.7961931583327,0.000196902729839396,0.0154626929108863,"TNBC_higher"
"NMB","Luminal_Epithelial","TNBC","ER_Positive","TNBC vs ER_Positive",3.63552075637168,5.04718571979119,20.5541857181448,0.000197508893589546,0.0154626929108863,"TNBC_higher"
"DERA","Luminal_Epithelial","TNBC","ER_Positive","TNBC vs ER_Positive",1.2601747705251,5.17599439102171,20.7227054910862,0.000200630199667666,0.0155975968898965,"TNBC_higher"
"DCUN1D3","Luminal_Epithelial","TNBC","ER_Positive","TNBC vs ER_Positive",-1.68729031612085,3.15399651853877,20.2226304831155,0.000202740727982401,0.0155975968898965,"ER_Positive_higher"
"ZC3H18","Luminal_Epithelial","TNBC","ER_Positive","TNBC vs ER_Positive",1.15276272475259,3.87114601065363,20.5853010967749,0.000203243439971219,0.0155975968898965,"TNBC_higher"
"LINC01503","Luminal_Epithelial","TNBC","ER_Positive","TNBC vs ER_Positive",2.58590019404441,2.1973535912219,19.2929208013118,0.000205691351509374,0.0156822850676919,"TNBC_higher"
"NIP7","Luminal_Epithelial","TNBC","ER_Positive","TNBC vs ER_Positive",1.26999280484741,4.48621406170641,20.5206445546278,0.000209671808616669,0.0158819587500873,"TNBC_higher"
"MTMR2","Luminal_Epithelial","TNBC","ER_Positive","TNBC vs ER_Positive",2.01884613319317,3.65724865046095,20.2572574042505,0.000212544647631369,0.0159637911142083,"TNBC_higher"
"CSTB","Luminal_Epithelial","TNBC","ER_Positive","TNBC vs ER_Positive",2.12032116768594,9.67261859786037,20.4762287580594,0.000213489191068709,0.0159637911142083,"TNBC_higher"
"RNF145","Luminal_Epithelial","TNBC","ER_Positive","TNBC vs ER_Positive",3.29784307576037,4.47365497666595,19.9666913839493,0.000225273822955534,0.0167184631430935,"TNBC_higher"
"FAM102A","Luminal_Epithelial","TNBC","ER_Positive","TNBC vs ER_Positive",-1.73201928434428,5.63007466952682,20.2453201796101,0.000226448107724713,0.0167184631430935,"ER_Positive_higher"
"BICD1","Luminal_Epithelial","TNBC","ER_Positive","TNBC vs ER_Positive",2.43684269586481,3.02074710642311,19.5624821466043,0.000229538849540142,0.0167627122654927,"TNBC_higher"
"IZUMO4","Luminal_Epithelial","TNBC","ER_Positive","TNBC vs ER_Positive",-2.17150756839672,2.64583915625213,19.2147833549642,0.000229921471279796,0.0167627122654927,"ER_Positive_higher"
"KCND3","Luminal_Epithelial","TNBC","ER_Positive","TNBC vs ER_Positive",-3.34452674612336,2.45964333279894,18.3832068015515,0.000243155004334867,0.0174181980994236,"ER_Positive_higher"
"NMT2","Luminal_Epithelial","TNBC","ER_Positive","TNBC vs ER_Positive",2.07833555849609,2.61650459418323,19.2609981321468,0.000243261756043245,0.0174181980994236,"TNBC_higher"
"ZNF467","Luminal_Epithelial","TNBC","ER_Positive","TNBC vs ER_Positive",-1.88228655603895,3.42762095831211,19.59981720264,0.000243391880857783,0.0174181980994236,"ER_Positive_higher"
"CCDC74B","Luminal_Epithelial","TNBC","ER_Positive","TNBC vs ER_Positive",-3.77788053900848,3.97033608121132,19.0085236438496,0.000245667300113252,0.0174738357062261,"ER_Positive_higher"
"RAMP3","Luminal_Epithelial","TNBC","ER_Positive","TNBC vs ER_Positive",-3.85688481143276,2.84731159815685,18.3360187597791,0.0002474798731669,0.0174960770938902,"ER_Positive_higher"
"CDC25B","Luminal_Epithelial","TNBC","ER_Positive","TNBC vs ER_Positive",2.19833965528072,3.81464022157379,19.6563550086921,0.000249286677594552,0.0175105651109993,"TNBC_higher"
"COQ9","Luminal_Epithelial","TNBC","ER_Positive","TNBC vs ER_Positive",1.25541901949453,4.82413792833397,19.7982003992091,0.000253790401748503,0.0175105651109993,"TNBC_higher"
"STMND1","Luminal_Epithelial","TNBC","ER_Positive","TNBC vs ER_Positive",-3.79909513906935,3.73188835882515,18.7056717065242,0.000254103969654552,0.0175105651109993,"ER_Positive_higher"
"CYB561D2.1","Luminal_Epithelial","TNBC","ER_Positive","TNBC vs ER_Positive",-2.06569037593726,2.90111082382065,19.0796069956385,0.000254533497705037,0.0175105651109993,"ER_Positive_higher"
"ADPRHL2","Luminal_Epithelial","TNBC","ER_Positive","TNBC vs ER_Positive",1.4217287848009,5.08038194504774,19.781006532448,0.000255190404532351,0.0175105651109993,"TNBC_higher"
"GARS","Luminal_Epithelial","TNBC","ER_Positive","TNBC vs ER_Positive",1.54495445130997,5.91622230601351,19.730523804308,0.000259225795833795,0.0176834439087791,"TNBC_higher"
"SLC1A2","Luminal_Epithelial","TNBC","ER_Positive","TNBC vs ER_Positive",-2.3266287722861,2.53427781822883,18.5729525420155,0.00026439653419945,0.0179119326215928,"ER_Positive_higher"
"NUP93","Luminal_Epithelial","TNBC","ER_Positive","TNBC vs ER_Positive",1.44425506262098,3.7851184942521,19.5180217199853,0.000265647768476583,0.0179119326215928,"TNBC_higher"
"COL6A2","Luminal_Epithelial","TNBC","ER_Positive","TNBC vs ER_Positive",5.83240316149417,5.61313456701628,18.7096367693946,0.00026906876661551,0.0179119326215928,"TNBC_higher"
"RNF14","Luminal_Epithelial","TNBC","ER_Positive","TNBC vs ER_Positive",-1.46871395945101,4.93638184255971,19.5580741256846,0.000269419763325573,0.0179119326215928,"ER_Positive_higher"
"WDR90","Luminal_Epithelial","TNBC","ER_Positive","TNBC vs ER_Positive",-1.40521186598665,3.14289008819613,19.2096387314393,0.000271287496301369,0.0179119326215928,"ER_Positive_higher"
"PFKP","Luminal_Epithelial","TNBC","ER_Positive","TNBC vs ER_Positive",3.31181517877258,4.6510046182465,19.2990165933423,0.00027275776993241,0.0179119326215928,"TNBC_higher"
"CSRP2","Luminal_Epithelial","TNBC","ER_Positive","TNBC vs ER_Positive",4.78900498032349,5.96406604417358,19.271757897117,0.000273323961135321,0.0179119326215928,"TNBC_higher"
"CCNE1","Luminal_Epithelial","TNBC","ER_Positive","TNBC vs ER_Positive",2.36220825002458,1.68257748849929,18.0633212579897,0.000275452938437297,0.0179506062953691,"TNBC_higher"
"GATA3-AS1","Luminal_Epithelial","TNBC","ER_Positive","TNBC vs ER_Positive",-3.97902722401622,4.76744320134456,18.8762444694881,0.000280051193902647,0.0181488732048577,"ER_Positive_higher"
"CXCL10","Luminal_Epithelial","TNBC","ER_Positive","TNBC vs ER_Positive",6.22270122408366,7.13097298873994,19.0610326270497,0.000284039127780858,0.0182313903281915,"TNBC_higher"
"HOXB2","Luminal_Epithelial","TNBC","ER_Positive","TNBC vs ER_Positive",-3.11909989879266,6.26921797737269,19.3473492291025,0.000284450324880484,0.0182313903281915,"ER_Positive_higher"
"PARD6B","Luminal_Epithelial","TNBC","ER_Positive","TNBC vs ER_Positive",-2.58788256318627,6.31301046939982,19.292278261177,0.000290005389280818,0.0184858626555232,"ER_Positive_higher"
"PTRF","Luminal_Epithelial","TNBC","ER_Positive","TNBC vs ER_Positive",3.74581031325238,4.80917614925977,18.9796912663492,0.000291911128039195,0.0185062136335718,"TNBC_higher"
"S100A8","Luminal_Epithelial","TNBC","ER_Positive","TNBC vs ER_Positive",8.50918684477598,10.7799662868336,19.1630927299186,0.000296132194049128,0.018633456708599,"TNBC_higher"
"LINC00926","Luminal_Epithelial","TNBC","ER_Positive","TNBC vs ER_Positive",-2.01684784142976,2.03916362085728,17.9534045045401,0.000297112983094677,0.018633456708599,"ER_Positive_higher"
"SERPINE1","Luminal_Epithelial","TNBC","ER_Positive","TNBC vs ER_Positive",6.10695537440685,5.1383357609769,17.9472508902472,0.000300445409788628,0.0187416882630179,"TNBC_higher"
"LFNG","Luminal_Epithelial","TNBC","ER_Positive","TNBC vs ER_Positive",-2.76393146704552,2.89719667463846,18.1268868833606,0.000302069840313114,0.0187427908896408,"ER_Positive_higher"
"TPM2","Luminal_Epithelial","TNBC","ER_Positive","TNBC vs ER_Positive",4.80508270014396,6.40517981902357,18.9363553582497,0.000306913005751285,0.0189425408047023,"TNBC_higher"
"PLEKHF2","Luminal_Epithelial","TNBC","ER_Positive","TNBC vs ER_Positive",-1.65889777346201,5.9268463926737,19.0235466633172,0.000312038602744056,0.0190216252307382,"ER_Positive_higher"
"TMEM80","Luminal_Epithelial","TNBC","ER_Positive","TNBC vs ER_Positive",-1.48051834695789,4.72610783218768,18.9738880078412,0.000313439485556137,0.0190216252307382,"ER_Positive_higher"
"C1orf64","Luminal_Epithelial","TNBC","ER_Positive","TNBC vs ER_Positive",-4.67932198949521,6.09086297396072,18.7263762012333,0.000313979365320108,0.0190216252307382,"ER_Positive_higher"
"GPRC5A","Luminal_Epithelial","TNBC","ER_Positive","TNBC vs ER_Positive",-3.14729294693955,7.7629345312181,18.9907918619107,0.000314826167383642,0.0190216252307382,"ER_Positive_higher"
"DCBLD1","Luminal_Epithelial","TNBC","ER_Positive","TNBC vs ER_Positive",2.37572861746535,2.47884628975229,18.0914812773008,0.000316347646357756,0.0190216252307382,"TNBC_higher"
"LRRC46","Luminal_Epithelial","TNBC","ER_Positive","TNBC vs ER_Positive",-2.43321993918898,2.2684828409345,17.6678581914689,0.00032258158562915,0.0191636199049389,"ER_Positive_higher"
"GHDC","Luminal_Epithelial","TNBC","ER_Positive","TNBC vs ER_Positive",-1.2855225514957,3.39257779810739,18.6559992205875,0.000324344930320291,0.0191636199049389,"ER_Positive_higher"
"RP11-347C12.10","Luminal_Epithelial","TNBC","ER_Positive","TNBC vs ER_Positive",-2.39912592483302,2.48192681103432,17.7879829029439,0.000326443914219949,0.0191636199049389,"ER_Positive_higher"
"RTN4IP1","Luminal_Epithelial","TNBC","ER_Positive","TNBC vs ER_Positive",2.96029437106397,3.92117279445649,18.4819474541047,0.000327601448227148,0.0191636199049389,"TNBC_higher"
"RP11-458J1.1","Luminal_Epithelial","TNBC","ER_Positive","TNBC vs ER_Positive",-2.08753485339179,1.44554377482817,17.2747947428808,0.000327775145496804,0.0191636199049389,"ER_Positive_higher"
"ARRB2","Luminal_Epithelial","TNBC","ER_Positive","TNBC vs ER_Positive",1.59405558221453,3.9687858731798,18.7353337763727,0.000328566136389865,0.0191636199049389,"TNBC_higher"
"CDCA3","Luminal_Epithelial","TNBC","ER_Positive","TNBC vs ER_Positive",2.41816622109419,1.43999837144367,17.2989540641575,0.000337316783806314,0.0195619815588086,"TNBC_higher"
"PKM","Luminal_Epithelial","TNBC","ER_Positive","TNBC vs ER_Positive",1.85844744905382,9.02318984767738,18.7110230767322,0.000338750130722619,0.0195619815588086,"TNBC_higher"
"COA7","Luminal_Epithelial","TNBC","ER_Positive","TNBC vs ER_Positive",1.60667554279414,3.34930062309324,18.4575868869626,0.00034199880602219,0.0195825451017864,"TNBC_higher"
"DUSP22","Luminal_Epithelial","TNBC","ER_Positive","TNBC vs ER_Positive",1.67777180576005,4.19842051338714,18.6037114104247,0.000342463712024383,0.0195825451017864,"TNBC_higher"
"SCAMP1","Luminal_Epithelial","TNBC","ER_Positive","TNBC vs ER_Positive",-1.27207360583884,5.10810700905991,18.6044331325115,0.000348211518007746,0.0196367973812577,"ER_Positive_higher"
"SLC19A2","Luminal_Epithelial","TNBC","ER_Positive","TNBC vs ER_Positive",-2.24851029726851,5.29735006741759,18.5752259521879,0.000348462671060467,0.0196367973812577,"ER_Positive_higher"
"TLE4","Luminal_Epithelial","TNBC","ER_Positive","TNBC vs ER_Positive",2.28888147047151,3.01902924448666,18.1082059784418,0.000350177859920129,0.019637804211778,"TNBC_higher"
"RP11-496I9.1","Luminal_Epithelial","TNBC","ER_Positive","TNBC vs ER_Positive",-3.52803840576638,1.77508891137155,16.946565888708,0.000352048696668635,0.019637804211778,"ER_Positive_higher"
"CORO1A","Luminal_Epithelial","TNBC","ER_Positive","TNBC vs ER_Positive",3.07923600010496,3.67707523879589,18.0722951426842,0.000354940139072201,0.019637804211778,"TNBC_higher"
"FAM174A","Luminal_Epithelial","TNBC","ER_Positive","TNBC vs ER_Positive",-1.84496073817706,6.26059942823216,18.5393513794569,0.000355214461096027,0.019637804211778,"ER_Positive_higher"
"MMEL1","Luminal_Epithelial","TNBC","ER_Positive","TNBC vs ER_Positive",-2.20977630127046,4.52443442370927,18.399414022417,0.000357990021821755,0.0196978943610885,"ER_Positive_higher"
"RP11-983P16.4","Luminal_Epithelial","TNBC","ER_Positive","TNBC vs ER_Positive",-1.88503284193684,4.31802399592892,18.3859973476621,0.000360015985908947,0.0197163684301778,"ER_Positive_higher"
"CDK6","Luminal_Epithelial","TNBC","ER_Positive","TNBC vs ER_Positive",3.72554920206384,3.93577892648953,17.7944572132625,0.00036789571669635,0.0200010734671917,"TNBC_higher"
"NOB1","Luminal_Epithelial","TNBC","ER_Positive","TNBC vs ER_Positive",1.61605482798292,5.10498420978938,18.3912148836452,0.000368643874448882,0.0200010734671917,"TNBC_higher"
"BIRC5","Luminal_Epithelial","TNBC","ER_Positive","TNBC vs ER_Positive",3.13700070368002,3.41051859238327,17.6414068859009,0.00038225533142621,0.0205848836950572,"TNBC_higher"
"GNMT","Luminal_Epithelial","TNBC","ER_Positive","TNBC vs ER_Positive",-3.34094328530498,2.63086863646221,16.9767058189425,0.00038293354151971,0.0205848836950572,"ER_Positive_higher"
"CTPS1","Luminal_Epithelial","TNBC","ER_Positive","TNBC vs ER_Positive",2.08783196881541,3.70062061745892,17.951246028866,0.000394257601477983,0.0210963987212875,"TNBC_higher"
"NASP","Luminal_Epithelial","TNBC","ER_Positive","TNBC vs ER_Positive",1.3607327375478,6.03476795152159,18.1260727883118,0.000397481857941964,0.021111700777103,"TNBC_higher"
"SGK1","Luminal_Epithelial","TNBC","ER_Positive","TNBC vs ER_Positive",2.92079519653662,4.45999485406514,17.9419388899377,0.000398163237973653,0.021111700777103,"TNBC_higher"
"IFI16","Luminal_Epithelial","TNBC","ER_Positive","TNBC vs ER_Positive",2.84179855370955,4.13631731911,17.8265112731172,0.000404863800527185,0.0213698472088218,"TNBC_higher"
"RIOK3","Luminal_Epithelial","TNBC","ER_Positive","TNBC vs ER_Positive",1.30268272479571,5.43899926954634,17.98889119862,0.00041245523950329,0.0216724791387652,"TNBC_higher"
"ZNF703","Luminal_Epithelial","TNBC","ER_Positive","TNBC vs ER_Positive",-2.76501693367536,6.13164847960578,17.742066374631,0.000439397970272716,0.0229846516736827,"ER_Positive_higher"
"CALD1","Luminal_Epithelial","TNBC","ER_Positive","TNBC vs ER_Positive",3.6917457470935,6.33365490146026,17.6942856994018,0.000443105997526055,0.022986667535284,"TNBC_higher"
"LMO4","Luminal_Epithelial","TNBC","ER_Positive","TNBC vs ER_Positive",2.51158472534808,6.06981045322017,17.7169778928285,0.000443708645854813,0.022986667535284,"TNBC_higher"
"IFNAR2","Luminal_Epithelial","TNBC","ER_Positive","TNBC vs ER_Positive",1.59730554005445,3.62976400891676,17.5732749522393,0.000445348209427705,0.022986667535284,"TNBC_higher"
"RNF139-AS1","Luminal_Epithelial","TNBC","ER_Positive","TNBC vs ER_Positive",-1.78662751090525,3.2741156973798,17.3308625698663,0.000452221486935434,0.0232386063660874,"ER_Positive_higher"
"IFT140","Luminal_Epithelial","TNBC","ER_Positive","TNBC vs ER_Positive",-1.88476582447938,3.29903506751011,17.2564902656707,0.000460052912719264,0.0233922041407417,"ER_Positive_higher"
"SH3BP1","Luminal_Epithelial","TNBC","ER_Positive","TNBC vs ER_Positive",3.30648054589646,3.4939844458406,16.978015278251,0.000460463775671116,0.0233922041407417,"TNBC_higher"
"LAPTM5","Luminal_Epithelial","TNBC","ER_Positive","TNBC vs ER_Positive",3.22552628048534,3.948002806268,17.2177982753121,0.000461226485415395,0.0233922041407417,"TNBC_higher"
"STK32C","Luminal_Epithelial","TNBC","ER_Positive","TNBC vs ER_Positive",1.68697404985945,3.98879042745218,17.4444938250098,0.000467597309635653,0.0234724736621055,"TNBC_higher"
"UCK2","Luminal_Epithelial","TNBC","ER_Positive","TNBC vs ER_Positive",1.64765836054267,5.07111513974426,17.5184727350303,0.000467979747451626,0.0234724736621055,"TNBC_higher"
"KLHL7","Luminal_Epithelial","TNBC","ER_Positive","TNBC vs ER_Positive",1.08629141355435,4.24746779037947,17.4901569899072,0.000468919649097295,0.0234724736621055,"TNBC_higher"
"ALOX15B","Luminal_Epithelial","TNBC","ER_Positive","TNBC vs ER_Positive",-4.60963064416271,3.24057736198677,16.1742986467242,0.000473364803348332,0.0234724736621055,"ER_Positive_higher"
"AKR1B1","Luminal_Epithelial","TNBC","ER_Positive","TNBC vs ER_Positive",5.52589922056379,5.13821551364722,16.6379931273735,0.000478470448991169,0.0234724736621055,"TNBC_higher"
"SMIM14","Luminal_Epithelial","TNBC","ER_Positive","TNBC vs ER_Positive",-1.64416195319412,7.70019921122737,17.4342579056197,0.000480422844423998,0.0234724736621055,"ER_Positive_higher"
"STK17A","Luminal_Epithelial","TNBC","ER_Positive","TNBC vs ER_Positive",2.45062900148315,5.28094308881108,17.3661975921108,0.000486028093332428,0.0234724736621055,"TNBC_higher"
"SLC46A1","Luminal_Epithelial","TNBC","ER_Positive","TNBC vs ER_Positive",-2.32662616332998,2.35154723243545,16.3970399678506,0.000487392851898809,0.0234724736621055,"ER_Positive_higher"
"GTPBP8","Luminal_Epithelial","TNBC","ER_Positive","TNBC vs ER_Positive",1.07967763824091,3.56735704218842,17.2803979878191,0.000487454368975521,0.0234724736621055,"TNBC_higher"
"GYG1","Luminal_Epithelial","TNBC","ER_Positive","TNBC vs ER_Positive",1.84296129058097,6.03234588702078,17.3822408142959,0.000487538171689863,0.0234724736621055,"TNBC_higher"
"NUTF2","Luminal_Epithelial","TNBC","ER_Positive","TNBC vs ER_Positive",1.20505382087109,6.88558924212887,17.3745153988166,0.000488556003341523,0.0234724736621055,"TNBC_higher"
"DUSP15","Luminal_Epithelial","TNBC","ER_Positive","TNBC vs ER_Positive",-3.10252820339328,2.7969686043047,16.3010287619427,0.000492511337157411,0.0234724736621055,"ER_Positive_higher"
"PRKD3","Luminal_Epithelial","TNBC","ER_Positive","TNBC vs ER_Positive",1.94164536224942,2.73788852314522,16.8698770397819,0.000493667099299493,0.0234724736621055,"TNBC_higher"
"MCM7","Luminal_Epithelial","TNBC","ER_Positive","TNBC vs ER_Positive",1.87508980610509,5.40761456961417,17.3264996573309,0.000494219372824269,0.0234724736621055,"TNBC_higher"
"HDAC11","Luminal_Epithelial","TNBC","ER_Positive","TNBC vs ER_Positive",-1.4787426113199,3.9679064498412,17.2339433599337,0.000494262216594842,0.0234724736621055,"ER_Positive_higher"
"AK4","Luminal_Epithelial","TNBC","ER_Positive","TNBC vs ER_Positive",1.34857514999889,5.13523107885704,17.3235997744651,0.000495004588159277,0.0234724736621055,"TNBC_higher"
"PCAT18","Luminal_Epithelial","TNBC","ER_Positive","TNBC vs ER_Positive",-3.63776043980612,3.06388202195079,16.1874133144498,0.000499749977846629,0.0235881495592284,"ER_Positive_higher"
"PLTP","Luminal_Epithelial","TNBC","ER_Positive","TNBC vs ER_Positive",4.1193342967243,4.5728241499061,16.8432483824383,0.000501488306102756,0.0235881495592284,"TNBC_higher"
"PGD","Luminal_Epithelial","TNBC","ER_Positive","TNBC vs ER_Positive",2.10606981851306,6.52574215102725,17.2478159406357,0.000506148687534082,0.0235925589852128,"TNBC_higher"
"LPIN1","Luminal_Epithelial","TNBC","ER_Positive","TNBC vs ER_Positive",2.16315273215301,4.45323583230161,17.1577319942256,0.000509011074583705,0.0235925589852128,"TNBC_higher"
"COG2","Luminal_Epithelial","TNBC","ER_Positive","TNBC vs ER_Positive",-1.11613873857271,4.27113211576479,17.1839394546223,0.000509256484289183,0.0235925589852128,"ER_Positive_higher"
"TMEM39B","Luminal_Epithelial","TNBC","ER_Positive","TNBC vs ER_Positive",2.05356661831132,3.83323101331731,17.0761813470087,0.000509672084378365,0.0235925589852128,"TNBC_higher"
"DEFB1","Luminal_Epithelial","TNBC","ER_Positive","TNBC vs ER_Positive",5.09122483050659,6.02735378872652,16.93725600229,0.000513267794574229,0.023656123993525,"TNBC_higher"
"ACAP1","Luminal_Epithelial","TNBC","ER_Positive","TNBC vs ER_Positive",1.9582705082669,2.60951409942019,16.6725745031054,0.000515101199687557,0.023656123993525,"TNBC_higher"
"ADSSL1","Luminal_Epithelial","TNBC","ER_Positive","TNBC vs ER_Positive",2.64712227560213,3.15452891679569,16.6588158539619,0.000519676615523485,0.0237726577258096,"TNBC_higher"
"SLC4A8","Luminal_Epithelial","TNBC","ER_Positive","TNBC vs ER_Positive",-2.81336530563744,2.9598459643276,16.259009755343,0.000530457530033275,0.024056090190597,"ER_Positive_higher"
"FAS","Luminal_Epithelial","TNBC","ER_Positive","TNBC vs ER_Positive",2.86549813160271,3.51898553620799,16.6765933957869,0.000530896711742048,0.024056090190597,"TNBC_higher"
"HLA-B","Luminal_Epithelial","TNBC","ER_Positive","TNBC vs ER_Positive",2.15192060895205,9.87408999515331,17.0608005241098,0.000532734772287728,0.024056090190597,"TNBC_higher"
"SOD2","Luminal_Epithelial","TNBC","ER_Positive","TNBC vs ER_Positive",2.25481821032959,7.49766776748896,17.0548844679402,0.000534121505303441,0.024056090190597,"TNBC_higher"
"GPNMB","Luminal_Epithelial","TNBC","ER_Positive","TNBC vs ER_Positive",3.94382647322549,3.41352360187885,16.1351688706705,0.000539413548818285,0.0242009963344819,"TNBC_higher"
"TEAD4","Luminal_Epithelial","TNBC","ER_Positive","TNBC vs ER_Positive",2.21647769076732,4.11973261710218,16.8843729411201,0.000542428887111223,0.0242430381921549,"TNBC_higher"
"LRTOMT","Luminal_Epithelial","TNBC","ER_Positive","TNBC vs ER_Positive",-1.35953781530108,3.92370867648572,16.8182592665064,0.000556451331743351,0.024756379097945,"ER_Positive_higher"
"TPRG1","Luminal_Epithelial","TNBC","ER_Positive","TNBC vs ER_Positive",-3.1088356392027,3.70740876587246,16.3532944375883,0.000558159254415734,0.024756379097945,"ER_Positive_higher"
"ABCB8","Luminal_Epithelial","TNBC","ER_Positive","TNBC vs ER_Positive",-1.30071454835498,4.1866753386153,16.785924146152,0.000567326913925421,0.0249800322938287,"ER_Positive_higher"
"GALNS","Luminal_Epithelial","TNBC","ER_Positive","TNBC vs ER_Positive",1.4126120597701,3.34781823288248,16.6726415527013,0.000568629857300122,0.0249800322938287,"TNBC_higher"
"HMGA1","Luminal_Epithelial","TNBC","ER_Positive","TNBC vs ER_Positive",2.74906132421,8.15175008958441,16.8119362575093,0.000571983043383608,0.0249800322938287,"TNBC_higher"
"CEP57","Luminal_Epithelial","TNBC","ER_Positive","TNBC vs ER_Positive",1.77733149339197,5.45583678391254,16.745780258849,0.000582354738371522,0.0249800322938287,"TNBC_higher"
"CSK","Luminal_Epithelial","TNBC","ER_Positive","TNBC vs ER_Positive",1.31153617416351,3.49958971286427,16.6149928935084,0.000584526532965576,0.0249800322938287,"TNBC_higher"
"TRIM69","Luminal_Epithelial","TNBC","ER_Positive","TNBC vs ER_Positive",1.31936259433422,4.1215901238399,16.6841431678834,0.000585711961709596,0.0249800322938287,"TNBC_higher"
"C1S","Luminal_Epithelial","TNBC","ER_Positive","TNBC vs ER_Positive",4.35267652885028,4.68353026387067,16.269746615125,0.000586652467668478,0.0249800322938287,"TNBC_higher"
"C5orf49","Luminal_Epithelial","TNBC","ER_Positive","TNBC vs ER_Positive",-2.77001536247975,3.14150351385268,16.0551349889244,0.000587016163866525,0.0249800322938287,"ER_Positive_higher"
"ITGB1","Luminal_Epithelial","TNBC","ER_Positive","TNBC vs ER_Positive",1.32000708010604,7.11060481031827,16.7183726602585,0.000587428001131857,0.0249800322938287,"TNBC_higher"
"TOB1","Luminal_Epithelial","TNBC","ER_Positive","TNBC vs ER_Positive",-2.22130390675785,8.18217234069017,16.7094107594432,0.000588809024901585,0.0249800322938287,"ER_Positive_higher"
"GFRA1","Luminal_Epithelial","TNBC","ER_Positive","TNBC vs ER_Positive",-4.36975436861144,5.89058587170199,16.5143589431434,0.00058930613409069,0.0249800322938287,"ER_Positive_higher"
"BMP1","Luminal_Epithelial","TNBC","ER_Positive","TNBC vs ER_Positive",2.8715571021564,1.47191821346228,15.5456965114183,0.000589808407904028,0.0249800322938287,"TNBC_higher"
"NPNT","Luminal_Epithelial","TNBC","ER_Positive","TNBC vs ER_Positive",-2.39159855880134,4.33874126478409,16.5235667765159,0.000595391937316417,0.0249800322938287,"ER_Positive_higher"
"SYTL4","Luminal_Epithelial","TNBC","ER_Positive","TNBC vs ER_Positive",-2.57235426427364,3.57619870696939,16.2524263565594,0.000597898731611892,0.0249800322938287,"ER_Positive_higher"
"DHRS13","Luminal_Epithelial","TNBC","ER_Positive","TNBC vs ER_Positive",-1.46691470244009,3.25940697402736,16.4137339781193,0.000598476142840001,0.0249800322938287,"ER_Positive_higher"
"RET","Luminal_Epithelial","TNBC","ER_Positive","TNBC vs ER_Positive",-2.46648959720183,2.67016791536502,15.8490857209657,0.000601087864392217,0.0249800322938287,"ER_Positive_higher"
"LYSMD3","Luminal_Epithelial","TNBC","ER_Positive","TNBC vs ER_Positive",-1.2394952932867,3.63501691744548,16.5017068361173,0.000603378310718669,0.0249800322938287,"ER_Positive_higher"
"ODF2L","Luminal_Epithelial","TNBC","ER_Positive","TNBC vs ER_Positive",1.39948633037778,5.86239438135555,16.6178922489985,0.000604864756970359,0.0249800322938287,"TNBC_higher"
"CENPF","Luminal_Epithelial","TNBC","ER_Positive","TNBC vs ER_Positive",1.68568702248273,3.47622933984027,16.4476362393746,0.0006055281771648,0.0249800322938287,"TNBC_higher"
"FAAH","Luminal_Epithelial","TNBC","ER_Positive","TNBC vs ER_Positive",-2.0280343279313,4.52994312318211,16.5360674781821,0.000606030787754266,0.0249800322938287,"ER_Positive_higher"
"ST3GAL4-AS1","Luminal_Epithelial","TNBC","ER_Positive","TNBC vs ER_Positive",1.84535884899978,3.22472022045363,16.3337943520317,0.000611122113483401,0.0251011952598024,"TNBC_higher"
"ARID5B","Luminal_Epithelial","TNBC","ER_Positive","TNBC vs ER_Positive",1.33611023271026,5.96442286202438,16.5331304968744,0.000619697637033459,0.0251525982674319,"TNBC_higher"
"RARA","Luminal_Epithelial","TNBC","ER_Positive","TNBC vs ER_Positive",-1.66504790642668,5.40569332017702,16.5235577165108,0.000619769772625089,0.0251525982674319,"ER_Positive_higher"
"GLUL","Luminal_Epithelial","TNBC","ER_Positive","TNBC vs ER_Positive",-1.78796950660172,9.2035413884618,16.523284780029,0.000620497714256677,0.0251525982674319,"ER_Positive_higher"
"SAR1B","Luminal_Epithelial","TNBC","ER_Positive","TNBC vs ER_Positive",-1.33338636047892,6.37518630688964,16.5260369817541,0.000620998568454385,0.0251525982674319,"ER_Positive_higher"
"ZNF320","Luminal_Epithelial","TNBC","ER_Positive","TNBC vs ER_Positive",-1.25656782953175,2.15110020849796,15.8097522067241,0.000631668962084571,0.0254589638673071,"ER_Positive_higher"
"CTTNBP2NL","Luminal_Epithelial","TNBC","ER_Positive","TNBC vs ER_Positive",1.08648443673669,3.17853884142157,16.2978383538258,0.000632927520061642,0.0254589638673071,"TNBC_higher"
"TUFT1","Luminal_Epithelial","TNBC","ER_Positive","TNBC vs ER_Positive",-1.56285353877898,4.45657588837143,16.3476262190446,0.000644466758111783,0.0257861108828258,"ER_Positive_higher"
"RUNDC1","Luminal_Epithelial","TNBC","ER_Positive","TNBC vs ER_Positive",-1.32189114906258,4.36535102420349,16.347388283519,0.00064548172977155,0.0257861108828258,"ER_Positive_higher"
"CDH3","Luminal_Epithelial","TNBC","ER_Positive","TNBC vs ER_Positive",2.76615791162051,2.76598844240964,15.6749409551768,0.000656562906115377,0.026139270647904,"TNBC_higher"
"IL32","Luminal_Epithelial","TNBC","ER_Positive","TNBC vs ER_Positive",3.04206332218551,6.86662631999073,16.3032253203534,0.000661108060848413,0.0261772288477997,"TNBC_higher"
"CDCA7L","Luminal_Epithelial","TNBC","ER_Positive","TNBC vs ER_Positive",2.6734466305187,3.85083810644053,16.0611600410789,0.000663388638927663,0.0261772288477997,"TNBC_higher"
"DNAJC9","Luminal_Epithelial","TNBC","ER_Positive","TNBC vs ER_Positive",1.32849593494059,5.1493793567815,16.2834251404292,0.000664705566872784,0.0261772288477997,"TNBC_higher"
"ZSCAN31","Luminal_Epithelial","TNBC","ER_Positive","TNBC vs ER_Positive",1.9310926274717,2.5220549748744,15.7441163513107,0.000671233971557413,0.0261772288477997,"TNBC_higher"
"H2AFJ","Luminal_Epithelial","TNBC","ER_Positive","TNBC vs ER_Positive",-1.99200876770288,9.20198174623805,16.2473547074629,0.000671610576056188,0.0261772288477997,"ER_Positive_higher"
"ZNF552","Luminal_Epithelial","TNBC","ER_Positive","TNBC vs ER_Positive",-2.62930845776479,5.37422425418389,16.1877266030271,0.000675561247892758,0.0261772288477997,"ER_Positive_higher"
"FKBP8","Luminal_Epithelial","TNBC","ER_Positive","TNBC vs ER_Positive",1.15172987466576,6.94628946648978,16.2159475268396,0.000678335643312686,0.0261772288477997,"TNBC_higher"
"ACBD4","Luminal_Epithelial","TNBC","ER_Positive","TNBC vs ER_Positive",-1.47124882219117,2.89112681495446,15.8727727317748,0.000678911157107937,0.0261772288477997,"ER_Positive_higher"
"FAM134B","Luminal_Epithelial","TNBC","ER_Positive","TNBC vs ER_Positive",-3.21769766160508,4.41019501889512,15.9225989311693,0.000678977912995894,0.0261772288477997,"ER_Positive_higher"
"MET","Luminal_Epithelial","TNBC","ER_Positive","TNBC vs ER_Positive",3.26310648728181,2.84435082704549,15.4057571583456,0.000679957165956564,0.0261772288477997,"TNBC_higher"
"HACD3","Luminal_Epithelial","TNBC","ER_Positive","TNBC vs ER_Positive",-1.22972144783508,7.34155196711242,16.1256668818403,0.00069621753100862,0.0267150575632091,"ER_Positive_higher"
"YTHDC2","Luminal_Epithelial","TNBC","ER_Positive","TNBC vs ER_Positive",-1.00297645408055,4.27819772434059,16.0814011833237,0.000698556850373925,0.0267169365888913,"ER_Positive_higher"
"HSPA14","Luminal_Epithelial","TNBC","ER_Positive","TNBC vs ER_Positive",1.09472519915153,4.76232048857171,16.0941966889771,0.00070113146004473,0.0267277728151038,"TNBC_higher"
"MRPS22","Luminal_Epithelial","TNBC","ER_Positive","TNBC vs ER_Positive",1.1814327906148,4.87080402083993,16.076378557409,0.000705096026393034,0.0267809125591121,"TNBC_higher"
"SPECC1","Luminal_Epithelial","TNBC","ER_Positive","TNBC vs ER_Positive",2.36220979367083,3.28572582060185,15.7334657154437,0.000713321234105575,0.026928453708225,"TNBC_higher"
"DDR1","Luminal_Epithelial","TNBC","ER_Positive","TNBC vs ER_Positive",-1.26678382442519,6.07326020231952,15.99678795613,0.000723223021866703,0.027210401797608,"ER_Positive_higher"
"REM2","Luminal_Epithelial","TNBC","ER_Positive","TNBC vs ER_Positive",-2.54594304853897,2.19085652204778,14.9959461605821,0.000728026318239121,0.027210401797608,"ER_Positive_higher"
"CERS6","Luminal_Epithelial","TNBC","ER_Positive","TNBC vs ER_Positive",-1.79617952146174,5.29899483745111,15.9502807551326,0.000730012738158165,0.027210401797608,"ER_Positive_higher"
"AC006942.4","Luminal_Epithelial","TNBC","ER_Positive","TNBC vs ER_Positive",-2.04787031419659,2.11046176070951,15.0867184237405,0.00073166650630153,0.027210401797608,"ER_Positive_higher"
"TSPAN13","Luminal_Epithelial","TNBC","ER_Positive","TNBC vs ER_Positive",-2.07043827339332,8.9893530119181,15.947713471037,0.000732453164547699,0.027210401797608,"ER_Positive_higher"
"ETV7","Luminal_Epithelial","TNBC","ER_Positive","TNBC vs ER_Positive",2.05604147240822,3.07782184855673,15.5854234845867,0.000746754954333103,0.0276536398168116,"TNBC_higher"
"ANP32E","Luminal_Epithelial","TNBC","ER_Positive","TNBC vs ER_Positive",1.85648268811643,5.35590784270481,15.8627078446445,0.000750050558516276,0.027687784066748,"TNBC_higher"
"RRP1","Luminal_Epithelial","TNBC","ER_Positive","TNBC vs ER_Positive",1.13868423303273,4.69105998702286,15.8013678180578,0.000762828187918492,0.028070633476559,"TNBC_higher"
"EGR3","Luminal_Epithelial","TNBC","ER_Positive","TNBC vs ER_Positive",-2.80041813698799,5.16018825985436,15.722551035405,0.000767199303392091,0.0281427040065055,"ER_Positive_higher"
"H3F3C","Luminal_Epithelial","TNBC","ER_Positive","TNBC vs ER_Positive",-4.03100664476694,6.2256357879507,15.6990318193498,0.000770824486937203,0.0281870458938009,"ER_Positive_higher"
"OPTN","Luminal_Epithelial","TNBC","ER_Positive","TNBC vs ER_Positive",2.1208265052385,6.2405806305628,15.7479675251234,0.000777088163970783,0.0283272919772474,"TNBC_higher"
"LONRF2","Luminal_Epithelial","TNBC","ER_Positive","TNBC vs ER_Positive",-3.29530325649612,3.0162532809142,14.8798727914444,0.000780761807306817,0.0283412799394176,"ER_Positive_higher"
"ATG5","Luminal_Epithelial","TNBC","ER_Positive","TNBC vs ER_Positive",2.30917870941443,6.60252320584344,15.7247694190746,0.000782331087911914,0.0283412799394176,"TNBC_higher"
"SPEF2","Luminal_Epithelial","TNBC","ER_Positive","TNBC vs ER_Positive",-1.51185941135659,3.54522643018319,15.5455649083758,0.000787661566849571,0.0283707746426011,"ER_Positive_higher"
"TRPS1","Luminal_Epithelial","TNBC","ER_Positive","TNBC vs ER_Positive",-1.67580238899477,7.44377042878125,15.6918425780318,0.000789867303719227,0.0283707746426011,"ER_Positive_higher"
"NAE1","Luminal_Epithelial","TNBC","ER_Positive","TNBC vs ER_Positive",1.06912534886282,5.14142233130883,15.6886791233021,0.000790441642421376,0.0283707746426011,"TNBC_higher"
"YWHAQ","Luminal_Epithelial","TNBC","ER_Positive","TNBC vs ER_Positive",1.04809984727507,8.32846507980344,15.6491962390937,0.000799264910512394,0.02853139335946,"TNBC_higher"
"COX6C","Luminal_Epithelial","TNBC","ER_Positive","TNBC vs ER_Positive",-2.69673202313,11.8082292979429,15.6456469878554,0.00079980845508302,0.02853139335946,"ER_Positive_higher"
"RPL4","Luminal_Epithelial","TNBC","ER_Positive","TNBC vs ER_Positive",1.84051025292761,10.1913019775463,15.6256695633251,0.00080451380588941,0.0286117486149389,"TNBC_higher"
"ARL4C","Luminal_Epithelial","TNBC","ER_Positive","TNBC vs ER_Positive",3.53487394482496,3.73118803034754,15.1253842207691,0.000811249492574133,0.0287377885758535,"TNBC_higher"
"FAM102B","Luminal_Epithelial","TNBC","ER_Positive","TNBC vs ER_Positive",-2.11941983061423,2.50763035619412,14.930940540402,0.000813809105867563,0.0287377885758535,"ER_Positive_higher"
"SCCPDH","Luminal_Epithelial","TNBC","ER_Positive","TNBC vs ER_Positive",-1.61063834629298,7.15659224137753,15.5839454110537,0.000815448608539006,0.0287377885758535,"ER_Positive_higher"
"FAM198B","Luminal_Epithelial","TNBC","ER_Positive","TNBC vs ER_Positive",-3.06341164369256,4.85537345855039,15.4217767162029,0.00082092677917843,0.028843707467218,"ER_Positive_higher"
"PLIN2","Luminal_Epithelial","TNBC","ER_Positive","TNBC vs ER_Positive",2.0758199038241,4.86633149162114,15.4851933161276,0.000832763968075902,0.0290241286444399,"TNBC_higher"
"PLA2G4C","Luminal_Epithelial","TNBC","ER_Positive","TNBC vs ER_Positive",-2.15192960254041,2.28380050663622,14.7193675604369,0.000833526197675728,0.0290241286444399,"ER_Positive_higher"
"PARPBP","Luminal_Epithelial","TNBC","ER_Positive","TNBC vs ER_Positive",1.23224905813602,1.16961695140494,14.460795815836,0.000838299706119982,0.0291034704520523,"TNBC_higher"
"PHF12","Luminal_Epithelial","TNBC","ER_Positive","TNBC vs ER_Positive",-1.14915173529232,3.49742621958353,15.3406931416149,0.000844787057284915,0.0292416647573547,"ER_Positive_higher"
"ANXA9","Luminal_Epithelial","TNBC","ER_Positive","TNBC vs ER_Positive",-3.47913844337462,4.73356405282004,15.203181367906,0.000849815553328864,0.0293286935786426,"ER_Positive_higher"
"NCOA7","Luminal_Epithelial","TNBC","ER_Positive","TNBC vs ER_Positive",2.57100887957458,6.10359226923599,15.4244420249175,0.000853576061893548,0.0293520685481686,"TNBC_higher"
"C3","Luminal_Epithelial","TNBC","ER_Positive","TNBC vs ER_Positive",2.67355116302743,3.22360579782492,15.0260506518067,0.000855525358454979,0.0293520685481686,"TNBC_higher"
"MAP4K4","Luminal_Epithelial","TNBC","ER_Positive","TNBC vs ER_Positive",2.14074491958773,3.86612476981188,15.2521498618233,0.000866578736895758,0.0296340672550799,"TNBC_higher"
"C9orf40","Luminal_Epithelial","TNBC","ER_Positive","TNBC vs ER_Positive",2.21734083164091,1.81371415083185,14.5026327379113,0.000869476063391965,0.0296340672550799,"TNBC_higher"
"ATG16L2","Luminal_Epithelial","TNBC","ER_Positive","TNBC vs ER_Positive",-1.31493113676812,3.70541792104486,15.2554942151448,0.000871366058164801,0.0296340672550799,"ER_Positive_higher"
"GALNT7","Luminal_Epithelial","TNBC","ER_Positive","TNBC vs ER_Positive",-1.75448049544735,5.58401015684529,15.3310810898426,0.000877385549997261,0.0297520419788315,"ER_Positive_higher"
"WDR4","Luminal_Epithelial","TNBC","ER_Positive","TNBC vs ER_Positive",1.18731865995051,3.05179225944256,15.1050369062796,0.000892583540433868,0.0301789453284472,"TNBC_higher"
"ALG8","Luminal_Epithelial","TNBC","ER_Positive","TNBC vs ER_Positive",-1.45003980349653,5.35734717978457,15.2590493558432,0.000896483734439814,0.0301789453284472,"ER_Positive_higher"
"SRPK1","Luminal_Epithelial","TNBC","ER_Positive","TNBC vs ER_Positive",1.30544845572069,5.79232975050304,15.2598256582366,0.000897736307670055,0.0301789453284472,"TNBC_higher"
"SLC16A1","Luminal_Epithelial","TNBC","ER_Positive","TNBC vs ER_Positive",2.60105900871535,2.96775502493612,14.788742875054,0.000901611517568994,0.0302221217024205,"TNBC_higher"
"SEMA3C","Luminal_Epithelial","TNBC","ER_Positive","TNBC vs ER_Positive",-2.35202790434888,5.99147048165162,15.2221184731759,0.000905774376488236,0.0302746650479521,"ER_Positive_higher"
"MIR99AHG","Luminal_Epithelial","TNBC","ER_Positive","TNBC vs ER_Positive",4.02695294078067,2.46745928745448,14.3105603749126,0.000911904029695843,0.03039245858972,"TNBC_higher"
"PLEKHA1","Luminal_Epithelial","TNBC","ER_Positive","TNBC vs ER_Positive",1.96582869844282,5.42830734583421,15.184119202733,0.000916080831800411,0.0304446806351903,"TNBC_higher"
"LPCAT2","Luminal_Epithelial","TNBC","ER_Positive","TNBC vs ER_Positive",2.67571731727173,2.37035324911901,14.419703180852,0.000930290964118023,0.0308291025466953,"TNBC_higher"
"PNRC1","Luminal_Epithelial","TNBC","ER_Positive","TNBC vs ER_Positive",1.52829939806657,7.9142545800647,15.075500794939,0.000947405925331165,0.0313073374475582,"TNBC_higher"
"GDAP1","Luminal_Epithelial","TNBC","ER_Positive","TNBC vs ER_Positive",-3.58125409396501,5.22398369067073,14.9142801128368,0.000951552829637631,0.0313555473382005,"ER_Positive_higher"
"KCNN4","Luminal_Epithelial","TNBC","ER_Positive","TNBC vs ER_Positive",3.23569437014937,4.30914514147755,14.8474418680327,0.000955461104263302,0.031395644454173,"TNBC_higher"
"PRNP","Luminal_Epithelial","TNBC","ER_Positive","TNBC vs ER_Positive",2.63641724500361,5.45678505425331,15.0093746666666,0.000961011139601861,0.0314893116389205,"TNBC_higher"
"ECE2","Luminal_Epithelial","TNBC","ER_Positive","TNBC vs ER_Positive",1.75174994411748,4.92536197027357,14.9948043685723,0.000967039661617734,0.0315480689222847,"TNBC_higher"
"TMEM175","Luminal_Epithelial","TNBC","ER_Positive","TNBC vs ER_Positive",-1.49094490971525,4.26496473076079,14.955267186909,0.000968213345407453,0.0315480689222847,"ER_Positive_higher"
"PPP2CA","Luminal_Epithelial","TNBC","ER_Positive","TNBC vs ER_Positive",-1.16940422078474,6.42005170682295,14.99008243163,0.000972893947059058,0.0316122782519329,"ER_Positive_higher"
"FADS1","Luminal_Epithelial","TNBC","ER_Positive","TNBC vs ER_Positive",2.64200221323867,4.07069944116978,14.809951696596,0.000981934063375448,0.0318011212554956,"TNBC_higher"
"LRRC56","Luminal_Epithelial","TNBC","ER_Positive","TNBC vs ER_Positive",-2.96308724493453,2.39634188051554,14.044062055392,0.000984158146012336,0.0318011212554956,"ER_Positive_higher"
"LRRC37A3","Luminal_Epithelial","TNBC","ER_Positive","TNBC vs ER_Positive",-1.72073985445026,1.39469774610885,13.900517103462,0.000997196347368709,0.0318522928328384,"ER_Positive_higher"
"ZNF337","Luminal_Epithelial","TNBC","ER_Positive","TNBC vs ER_Positive",-1.37870368453157,2.31130268151094,14.3906535298797,0.00100125880351679,0.0318522928328384,"ER_Positive_higher"
"ZPR1","Luminal_Epithelial","TNBC","ER_Positive","TNBC vs ER_Positive",1.06440744518331,5.09514393674849,14.8704832941715,0.00100791714889116,0.0318522928328384,"TNBC_higher"
"RASSF7","Luminal_Epithelial","TNBC","ER_Positive","TNBC vs ER_Positive",-1.05419063959711,5.44124735389275,14.868874849387,0.00100870434257752,0.0318522928328384,"ER_Positive_higher"
"THBS1","Luminal_Epithelial","TNBC","ER_Positive","TNBC vs ER_Positive",-2.02500797479171,5.53162997811644,14.8563358746082,0.00100940703327028,0.0318522928328384,"ER_Positive_higher"
"FAM13B","Luminal_Epithelial","TNBC","ER_Positive","TNBC vs ER_Positive",-1.35863910376209,4.32955000546813,14.8252913400615,0.00101011374886928,0.0318522928328384,"ER_Positive_higher"
"GBP2","Luminal_Epithelial","TNBC","ER_Positive","TNBC vs ER_Positive",1.42120911861953,5.08246105932834,14.8523710255349,0.00101217649804905,0.0318522928328384,"TNBC_higher"
"RGS2","Luminal_Epithelial","TNBC","ER_Positive","TNBC vs ER_Positive",3.43125743822756,5.10908173349791,14.7556809567458,0.00101304763317471,0.0318522928328384,"TNBC_higher"
"RHPN1","Luminal_Epithelial","TNBC","ER_Positive","TNBC vs ER_Positive",-1.96706239866607,4.12244963554923,14.7224899668013,0.00102276013500221,0.0319852465812354,"ER_Positive_higher"
"TEKT5","Luminal_Epithelial","TNBC","ER_Positive","TNBC vs ER_Positive",-3.01237562571609,2.66092778058332,14.0127455587845,0.0010264118063598,0.0320136195753666,"ER_Positive_higher"
"PFN2","Luminal_Epithelial","TNBC","ER_Positive","TNBC vs ER_Positive",2.00928970126182,7.41320708658586,14.7887903738122,0.00103302598560236,0.0321339949921375,"TNBC_higher"
"ASCC1","Luminal_Epithelial","TNBC","ER_Positive","TNBC vs ER_Positive",1.3421089781112,4.37748718989226,14.7373347120888,0.00104182173160808,0.0323214109021498,"TNBC_higher"
"E2F4","Luminal_Epithelial","TNBC","ER_Positive","TNBC vs ER_Positive",1.44325213900204,3.79012614549473,14.6559755925222,0.00105270338761999,0.0325162258666487,"TNBC_higher"
"RAB30","Luminal_Epithelial","TNBC","ER_Positive","TNBC vs ER_Positive",-2.10819997923597,4.06172276767464,14.5988380417166,0.00105367624325703,0.0325162258666487,"ER_Positive_higher"
"PACSIN3","Luminal_Epithelial","TNBC","ER_Positive","TNBC vs ER_Positive",1.26461451470022,4.95704905141961,14.7004513698944,0.00105966222108105,0.0326088917377083,"TNBC_higher"
"SEMA3B","Luminal_Epithelial","TNBC","ER_Positive","TNBC vs ER_Positive",-2.77538801815185,4.70901434978924,14.5877930332071,0.00106226994087691,0.0326088917377083,"ER_Positive_higher"
"PDXK","Luminal_Epithelial","TNBC","ER_Positive","TNBC vs ER_Positive",1.5408289413375,5.62273195233696,14.6617046308574,0.00107359107253996,0.0328699208954821,"TNBC_higher"
"HLA-DPB1","Luminal_Epithelial","TNBC","ER_Positive","TNBC vs ER_Positive",2.68689672410929,5.92661435324875,14.5786869536509,0.00109812762341341,0.0335331380291033,"TNBC_higher"
"FAM8A1","Luminal_Epithelial","TNBC","ER_Positive","TNBC vs ER_Positive",-1.29454226559541,3.9311805823701,14.5111618103453,0.00110131565803381,0.033542681856304,"ER_Positive_higher"
"LARP6","Luminal_Epithelial","TNBC","ER_Positive","TNBC vs ER_Positive",3.24705635225188,4.19691817351929,14.3341339822993,0.00111057442474804,0.0337365902726195,"TNBC_higher"
"ATHL1","Luminal_Epithelial","TNBC","ER_Positive","TNBC vs ER_Positive",-2.85750742478749,4.49776508435633,14.3842254217511,0.00111549734457427,0.0337981208427502,"ER_Positive_higher"
"BCAS4","Luminal_Epithelial","TNBC","ER_Positive","TNBC vs ER_Positive",-1.61215177647217,5.36812389803249,14.5014736729204,0.00112521383288255,0.0339699981031726,"ER_Positive_higher"
"CLIP4","Luminal_Epithelial","TNBC","ER_Positive","TNBC vs ER_Positive",3.15493767535488,2.08955764206342,13.6571854384793,0.00112699436484593,0.0339699981031726,"TNBC_higher"
"RNF44","Luminal_Epithelial","TNBC","ER_Positive","TNBC vs ER_Positive",-1.11202050174363,4.342509209884,14.4571167855665,0.00113312222329389,0.0340106744374415,"ER_Positive_higher"
"SLC39A11","Luminal_Epithelial","TNBC","ER_Positive","TNBC vs ER_Positive",-1.36256735937119,4.69106287209868,14.4621963559154,0.00113417508411185,0.0340106744374415,"ER_Positive_higher"
"TMEM45A","Luminal_Epithelial","TNBC","ER_Positive","TNBC vs ER_Positive",3.04013998259648,5.39904007288829,14.4322032068817,0.0011378989356219,0.0340348489334088,"TNBC_higher"
"ANKRD11","Luminal_Epithelial","TNBC","ER_Positive","TNBC vs ER_Positive",1.52370525507676,5.18555879131574,14.4418822929863,0.00114641153394391,0.0342017660957947,"TNBC_higher"
"LCA5L","Luminal_Epithelial","TNBC","ER_Positive","TNBC vs ER_Positive",-1.57680612049585,2.62897015650624,14.0341823284643,0.00115222687842801,0.0342875676960783,"ER_Positive_higher"
"FAM24B","Luminal_Epithelial","TNBC","ER_Positive","TNBC vs ER_Positive",2.76521725690993,3.268707074916,14.0633015297062,0.0011572214402745,0.0343485702310484,"TNBC_higher"
"PPP6R3","Luminal_Epithelial","TNBC","ER_Positive","TNBC vs ER_Positive",-1.01166480973987,4.54496530413624,14.3737785707768,0.00116630850343683,0.034402556024583,"ER_Positive_higher"
"C17orf58","Luminal_Epithelial","TNBC","ER_Positive","TNBC vs ER_Positive",-1.32064610820756,5.79445393324285,14.3859854856278,0.00116788788561808,0.034402556024583,"ER_Positive_higher"
"PTGDS","Luminal_Epithelial","TNBC","ER_Positive","TNBC vs ER_Positive",4.22124706488088,4.14471537032096,13.8407551717054,0.0011929963161429,0.0348456716886911,"TNBC_higher"
"KARS","Luminal_Epithelial","TNBC","ER_Positive","TNBC vs ER_Positive",1.6480068155821,5.26196863130479,14.3073008078306,0.00119449765517707,0.0348456716886911,"TNBC_higher"
"TKT","Luminal_Epithelial","TNBC","ER_Positive","TNBC vs ER_Positive",1.82755729575372,7.73269457411954,14.3031453308044,0.00119708183194152,0.0348456716886911,"TNBC_higher"
"NDFIP1","Luminal_Epithelial","TNBC","ER_Positive","TNBC vs ER_Positive",-1.17822193639984,7.29515611461615,14.3019473611372,0.00119785964426505,0.0348456716886911,"ER_Positive_higher"
"CPTP","Luminal_Epithelial","TNBC","ER_Positive","TNBC vs ER_Positive",1.41752861997147,4.6734327868597,14.2836957650663,0.00119985231655509,0.0348456716886911,"TNBC_higher"
"PGLYRP2","Luminal_Epithelial","TNBC","ER_Positive","TNBC vs ER_Positive",-3.170651663587,2.15687134248307,13.3561029911991,0.00120625725495497,0.0348456716886911,"ER_Positive_higher"
"HMOX1","Luminal_Epithelial","TNBC","ER_Positive","TNBC vs ER_Positive",2.24089510159301,3.36599444651654,14.0641572685649,0.0012067257171085,0.0348456716886911,"TNBC_higher"
"CDKN3","Luminal_Epithelial","TNBC","ER_Positive","TNBC vs ER_Positive",2.82777138870078,3.14577452615343,13.8652872538017,0.00120682823508197,0.0348456716886911,"TNBC_higher"
"NT5C2","Luminal_Epithelial","TNBC","ER_Positive","TNBC vs ER_Positive",1.16026620730551,3.62120582902964,14.1889660162659,0.00121403627908265,0.0349672424580225,"TNBC_higher"
"CEP85L","Luminal_Epithelial","TNBC","ER_Positive","TNBC vs ER_Positive",2.15263675623152,1.97978914510968,13.5641952162638,0.00122542474676043,0.0352083243127104,"TNBC_higher"
"IL27RA","Luminal_Epithelial","TNBC","ER_Positive","TNBC vs ER_Positive",2.30121857083847,3.34881483765291,13.967399801577,0.00123838057062331,0.0354931433816238,"TNBC_higher"
"ABCA3","Luminal_Epithelial","TNBC","ER_Positive","TNBC vs ER_Positive",-2.13505515574146,3.35320197595734,13.8621282897757,0.00126296854504771,0.0359543276565622,"ER_Positive_higher"
"C12orf45","Luminal_Epithelial","TNBC","ER_Positive","TNBC vs ER_Positive",1.25441352400777,5.28234324059682,14.1262506638667,0.00126412393075659,0.0359543276565622,"TNBC_higher"
"SMC4","Luminal_Epithelial","TNBC","ER_Positive","TNBC vs ER_Positive",1.38798502365913,4.87829064078193,14.1137240115346,0.0012665105058907,0.0359543276565622,"TNBC_higher"
"SIAH2","Luminal_Epithelial","TNBC","ER_Positive","TNBC vs ER_Positive",-1.82501999132098,5.49977382715774,14.1093743509901,0.0012685549480164,0.0359543276565622,"ER_Positive_higher"
"CPEB3","Luminal_Epithelial","TNBC","ER_Positive","TNBC vs ER_Positive",-1.59919415286831,2.52515138134308,13.6906362283955,0.00126988281135908,0.0359543276565622,"ER_Positive_higher"
"NOTCH2NL","Luminal_Epithelial","TNBC","ER_Positive","TNBC vs ER_Positive",-1.61596106694864,2.87169753182996,13.7794698396007,0.00128347190813343,0.0361979009999097,"ER_Positive_higher"
"ERO1A","Luminal_Epithelial","TNBC","ER_Positive","TNBC vs ER_Positive",2.29337219941261,5.32854603229217,14.0611811539265,0.00128469190003966,0.0361979009999097,"TNBC_higher"
"DPH2","Luminal_Epithelial","TNBC","ER_Positive","TNBC vs ER_Positive",1.71822303689673,4.33446042836156,13.9902293550346,0.00130423405794314,0.0366599765925465,"TNBC_higher"
"TMEM141","Luminal_Epithelial","TNBC","ER_Positive","TNBC vs ER_Positive",-1.05287062981453,7.17015922538557,13.9939313874511,0.00131703642155115,0.0367678393898592,"ER_Positive_higher"
"ARMT1","Luminal_Epithelial","TNBC","ER_Positive","TNBC vs ER_Positive",-2.86047027418304,7.06953067575314,13.9932986859407,0.00131718432145118,0.0367678393898592,"ER_Positive_higher"
"RP11-253M7.1","Luminal_Epithelial","TNBC","ER_Positive","TNBC vs ER_Positive",-2.09011612881837,1.75286492664119,13.1478147689609,0.00132393939408233,0.0367678393898592,"ER_Positive_higher"
"HIST1H4C","Luminal_Epithelial","TNBC","ER_Positive","TNBC vs ER_Positive",1.55467066411728,6.34273713356865,13.9748231958396,0.00132527883075228,0.0367678393898592,"TNBC_higher"
"CTA-392E5.1","Luminal_Epithelial","TNBC","ER_Positive","TNBC vs ER_Positive",-4.59538869765861,4.19537815416303,13.2771662919444,0.00132666218883159,0.0367678393898592,"ER_Positive_higher"
"RP11-20F24.2","Luminal_Epithelial","TNBC","ER_Positive","TNBC vs ER_Positive",-3.44903602752083,1.53737863687352,12.9406753253235,0.00132698331617066,0.0367678393898592,"ER_Positive_higher"
"CDCA8","Luminal_Epithelial","TNBC","ER_Positive","TNBC vs ER_Positive",2.13221862551193,1.75783817400642,13.2289433966096,0.00133021249090101,0.0367699732378205,"TNBC_higher"
"RBM17","Luminal_Epithelial","TNBC","ER_Positive","TNBC vs ER_Positive",1.09455505607754,6.87662356560706,13.941401747525,0.00133869593795241,0.0369169931825411,"TNBC_higher"
"PRR15","Luminal_Epithelial","TNBC","ER_Positive","TNBC vs ER_Positive",-2.65078172725723,5.07702651043535,13.8629513103217,0.00134965449368641,0.03713141431333,"ER_Positive_higher"
"GADD45G","Luminal_Epithelial","TNBC","ER_Positive","TNBC vs ER_Positive",-2.38046946886355,6.09699592145959,13.8705877324831,0.00136658218045338,0.0375086614940911,"ER_Positive_higher"
"DEK","Luminal_Epithelial","TNBC","ER_Positive","TNBC vs ER_Positive",1.4264115426785,6.74385997192983,13.8636284491221,0.00137158050797576,0.0375574803416368,"TNBC_higher"
"RP13-890H12.2","Luminal_Epithelial","TNBC","ER_Positive","TNBC vs ER_Positive",-2.36016444358582,1.27088441850209,12.8339749254907,0.00138475797113505,0.0376459424342505,"ER_Positive_higher"
"MBOAT1","Luminal_Epithelial","TNBC","ER_Positive","TNBC vs ER_Positive",-2.20162702906706,3.23694295499094,13.5224385457372,0.0013856188434585,0.0376459424342505,"ER_Positive_higher"
"SNX8","Luminal_Epithelial","TNBC","ER_Positive","TNBC vs ER_Positive",1.52702036353639,4.51376901835595,13.8050003634388,0.00138780403312006,0.0376459424342505,"TNBC_higher"
"ELMOD2","Luminal_Epithelial","TNBC","ER_Positive","TNBC vs ER_Positive",-1.27107824345186,4.21346297203788,13.7874686229385,0.0013881746105765,0.0376459424342505,"ER_Positive_higher"
"FAM83A","Luminal_Epithelial","TNBC","ER_Positive","TNBC vs ER_Positive",3.77713598373005,3.2989784084654,13.2078610299736,0.00139094738012533,0.0376459424342505,"TNBC_higher"
"MDP1","Luminal_Epithelial","TNBC","ER_Positive","TNBC vs ER_Positive",-1.45434366088598,3.82684264901504,13.7122327080111,0.00140275175954244,0.0378775446182003,"ER_Positive_higher"
"CASP8AP2","Luminal_Epithelial","TNBC","ER_Positive","TNBC vs ER_Positive",1.03517018687416,4.06376114931497,13.740414573798,0.00141228010872779,0.0380369141854173,"TNBC_higher"
"ANKMY1","Luminal_Epithelial","TNBC","ER_Positive","TNBC vs ER_Positive",-1.22767799540126,2.83252561700478,13.5267670883003,0.00141517537560832,0.0380369141854173,"ER_Positive_higher"
"CASD1","Luminal_Epithelial","TNBC","ER_Positive","TNBC vs ER_Positive",-1.69376267148768,3.8780817125751,13.6284538995567,0.0014332841354133,0.0382054024712858,"ER_Positive_higher"
"RNF223","Luminal_Epithelial","TNBC","ER_Positive","TNBC vs ER_Positive",-2.28993246100312,3.95521067951275,13.5716170545136,0.00143454490205085,0.0382054024712858,"ER_Positive_higher"
"NSMCE4A","Luminal_Epithelial","TNBC","ER_Positive","TNBC vs ER_Positive",2.84757872610664,6.89294087012365,13.7028449996083,0.00144155530991469,0.0383046530527444,"TNBC_higher"
"PGAM1","Luminal_Epithelial","TNBC","ER_Positive","TNBC vs ER_Positive",1.61502233651762,7.80185402144932,13.6819780661088,0.00145073749330107,0.03831132875249,"TNBC_higher"
"C5orf28","Luminal_Epithelial","TNBC","ER_Positive","TNBC vs ER_Positive",-1.1493110372033,4.14936347651054,13.6465940542962,0.00145114185818611,0.03831132875249,"ER_Positive_higher"
"CHADL","Luminal_Epithelial","TNBC","ER_Positive","TNBC vs ER_Positive",-2.69919315264546,2.52280035972982,13.0003515828151,0.0014522362784514,0.03831132875249,"ER_Positive_higher"
"PIFO","Luminal_Epithelial","TNBC","ER_Positive","TNBC vs ER_Positive",-2.32223618308722,3.58598805860242,13.447185699616,0.00145494373230631,0.03831132875249,"ER_Positive_higher"
"CTU2","Luminal_Epithelial","TNBC","ER_Positive","TNBC vs ER_Positive",1.3338929146161,3.50459955513917,13.563677961984,0.0014659476737507,0.0385141432754547,"TNBC_higher"
"SLC22A18","Luminal_Epithelial","TNBC","ER_Positive","TNBC vs ER_Positive",-1.03806738073154,5.23587674098275,13.6341374606953,0.00147262009480353,0.0385588055578162,"ER_Positive_higher"
"PXN-AS1","Luminal_Epithelial","TNBC","ER_Positive","TNBC vs ER_Positive",-1.37221919636705,3.5591192104365,13.5203166889085,0.00147688572028297,0.0385588055578162,"ER_Positive_higher"
"NKX3-1","Luminal_Epithelial","TNBC","ER_Positive","TNBC vs ER_Positive",-2.78815267340942,2.78681956420461,13.009980216821,0.00147815714524027,0.0385588055578162,"ER_Positive_higher"
"PRKAG2-AS1","Luminal_Epithelial","TNBC","ER_Positive","TNBC vs ER_Positive",-1.99855381912398,4.08812148937837,13.5242075275573,0.00148086968623246,0.0385588055578162,"ER_Positive_higher"
"WWTR1","Luminal_Epithelial","TNBC","ER_Positive","TNBC vs ER_Positive",2.97328667220521,5.68075207017638,13.5864205939073,0.00148673704036318,0.0386253620842683,"TNBC_higher"
"EML4","Luminal_Epithelial","TNBC","ER_Positive","TNBC vs ER_Positive",1.35498401639397,5.47428122681258,13.5916264707248,0.00149309069575987,0.0387042288134196,"TNBC_higher"
"C5orf63","Luminal_Epithelial","TNBC","ER_Positive","TNBC vs ER_Positive",-1.478087983318,4.02634149932345,13.5200632141806,0.00149849288720729,0.0387581364285433,"ER_Positive_higher"
"PDCD11","Luminal_Epithelial","TNBC","ER_Positive","TNBC vs ER_Positive",1.0729794107339,3.38658109026121,13.4529232492597,0.00151827361567291,0.0391828799266028,"TNBC_higher"
"CDKN2A","Luminal_Epithelial","TNBC","ER_Positive","TNBC vs ER_Positive",4.14990152025684,6.56802681020553,13.483351200103,0.00153126427733418,0.0393872475731734,"TNBC_higher"
"MT1X","Luminal_Epithelial","TNBC","ER_Positive","TNBC vs ER_Positive",2.31383561643388,7.85029114238923,13.506717749543,0.00153294559779003,0.0393872475731734,"TNBC_higher"
"MAPK15","Luminal_Epithelial","TNBC","ER_Positive","TNBC vs ER_Positive",-2.49800604323062,2.64921530409605,12.9154360025168,0.00155643036084118,0.0399027695806865,"ER_Positive_higher"
"RPP40","Luminal_Epithelial","TNBC","ER_Positive","TNBC vs ER_Positive",1.47062478251775,3.70462513013032,13.3691837749482,0.00156620891095613,0.0400654099699633,"TNBC_higher"
"WASF2","Luminal_Epithelial","TNBC","ER_Positive","TNBC vs ER_Positive",1.2452162274658,6.77383886045114,13.4287262461663,0.00157153638269005,0.0400681815444174,"TNBC_higher"
"COG4","Luminal_Epithelial","TNBC","ER_Positive","TNBC vs ER_Positive",1.10224731951116,3.5689498861547,13.3496521475714,0.00157866501991417,0.0400681815444174,"TNBC_higher"
"LYNX1","Luminal_Epithelial","TNBC","ER_Positive","TNBC vs ER_Positive",3.07449842479957,3.2010332397472,12.9991406934049,0.00157985141143871,0.0400681815444174,"TNBC_higher"
"EMC8","Luminal_Epithelial","TNBC","ER_Positive","TNBC vs ER_Positive",1.02461702867166,5.08894798075852,13.4112752483055,0.00158005688044852,0.0400681815444174,"TNBC_higher"
"NPIPA1","Luminal_Epithelial","TNBC","ER_Positive","TNBC vs ER_Positive",-1.52280589912178,1.96174183986598,12.825649057253,0.00158604624845288,0.040132818846427,"ER_Positive_higher"
"FAM83D","Luminal_Epithelial","TNBC","ER_Positive","TNBC vs ER_Positive",2.69726892293111,1.47709239854371,12.5922147220509,0.00158972254862943,0.0401387738739444,"TNBC_higher"
"PSMB9","Luminal_Epithelial","TNBC","ER_Positive","TNBC vs ER_Positive",2.10360269288062,6.61233760823093,13.3768488496796,0.00159758962295755,0.0402502871529154,"TNBC_higher"
"CXXC5","Luminal_Epithelial","TNBC","ER_Positive","TNBC vs ER_Positive",-1.71934305471466,6.10445831256872,13.3391939497782,0.0016169064540418,0.0406491676430984,"ER_Positive_higher"
"IPO11","Luminal_Epithelial","TNBC","ER_Positive","TNBC vs ER_Positive",-1.18855048454693,2.99988986428144,13.1230266603908,0.00163466542134084,0.0409768500725414,"ER_Positive_higher"
"FAM49A","Luminal_Epithelial","TNBC","ER_Positive","TNBC vs ER_Positive",2.47266936504557,1.07571425326071,12.4572380750655,0.00163931529962431,0.0409768500725414,"TNBC_higher"
"AC004540.5","Luminal_Epithelial","TNBC","ER_Positive","TNBC vs ER_Positive",-2.87304402244605,2.61729049620601,12.6352156440582,0.00164047912420719,0.0409768500725414,"ER_Positive_higher"
"LYAR","Luminal_Epithelial","TNBC","ER_Positive","TNBC vs ER_Positive",1.22613455239389,4.65098795879755,13.2731868879581,0.0016459641408872,0.0410260079133528,"TNBC_higher"
"BID","Luminal_Epithelial","TNBC","ER_Positive","TNBC vs ER_Positive",1.38441482032367,5.5021642380743,13.2470933978106,0.00166458124013671,0.0413155401649487,"TNBC_higher"
"NOXA1","Luminal_Epithelial","TNBC","ER_Positive","TNBC vs ER_Positive",-1.78033332622863,3.89506082171032,13.1547795389876,0.00166466385576733,0.0413155401649487,"ER_Positive_higher"
"ANKRA2","Luminal_Epithelial","TNBC","ER_Positive","TNBC vs ER_Positive",-1.11774720175293,4.46555170938142,13.21979062128,0.00166923924677473,0.0413411376085504,"ER_Positive_higher"
"EHBP1","Luminal_Epithelial","TNBC","ER_Positive","TNBC vs ER_Positive",1.53167782296784,3.89840865235221,13.1671651982995,0.00167866101626014,0.0414863999039716,"TNBC_higher"
"RNF103","Luminal_Epithelial","TNBC","ER_Positive","TNBC vs ER_Positive",-1.45059460549646,4.50538708263224,13.1763268938527,0.00168847292854293,0.0415912177446423,"ER_Positive_higher"
"PRKCDBP","Luminal_Epithelial","TNBC","ER_Positive","TNBC vs ER_Positive",3.63082442011432,4.10103879385538,12.9174792391058,0.00169208410222943,0.0415912177446423,"TNBC_higher"
"STARD10","Luminal_Epithelial","TNBC","ER_Positive","TNBC vs ER_Positive",-2.23003507606636,7.72840014632442,13.1868700463329,0.00169650528855465,0.0415912177446423,"ER_Positive_higher"
"PVRL2","Luminal_Epithelial","TNBC","ER_Positive","TNBC vs ER_Positive",-1.46300551124882,7.33627841100208,13.1815299217351,0.00169934391214868,0.0415912177446423,"ER_Positive_higher"
"CXCL3","Luminal_Epithelial","TNBC","ER_Positive","TNBC vs ER_Positive",3.63709056699266,5.15312059000612,13.076512516517,0.00170679281964822,0.0415912177446423,"TNBC_higher"
"ME2","Luminal_Epithelial","TNBC","ER_Positive","TNBC vs ER_Positive",1.7435232063105,4.41240054418441,13.1386487617348,0.00170727801629763,0.0415912177446423,"TNBC_higher"
"GAPDH","Luminal_Epithelial","TNBC","ER_Positive","TNBC vs ER_Positive",1.95558137777727,12.3229713357103,13.1594935549223,0.00170988904437857,0.0415912177446423,"TNBC_higher"
"MRPS15","Luminal_Epithelial","TNBC","ER_Positive","TNBC vs ER_Positive",1.27274088367297,7.40026072899517,13.1588008163107,0.00171154420895509,0.0415912177446423,"TNBC_higher"
"SEC14L2","Luminal_Epithelial","TNBC","ER_Positive","TNBC vs ER_Positive",-2.53993433091137,5.06828579545903,13.1112517194393,0.00171499149037059,0.0415912177446423,"ER_Positive_higher"
"C9orf85","Luminal_Epithelial","TNBC","ER_Positive","TNBC vs ER_Positive",1.15736018056545,3.67077769497531,13.0463156293509,0.00174343613336105,0.0419878453683351,"TNBC_higher"
"TMEM121","Luminal_Epithelial","TNBC","ER_Positive","TNBC vs ER_Positive",-2.18871683509316,2.61605563838312,12.6290667320418,0.00174503542894891,0.0419878453683351,"ER_Positive_higher"
"MINA","Luminal_Epithelial","TNBC","ER_Positive","TNBC vs ER_Positive",1.18894744228264,4.15633133236989,13.0716289452476,0.00174574410661316,0.0419878453683351,"TNBC_higher"
"SLC25A35","Luminal_Epithelial","TNBC","ER_Positive","TNBC vs ER_Positive",-1.4951367849939,3.19821584930328,12.9043182407994,0.0017584398257072,0.0420777628797489,"ER_Positive_higher"
"AGBL5","Luminal_Epithelial","TNBC","ER_Positive","TNBC vs ER_Positive",1.5555932195058,4.06946178139651,13.0172297517073,0.00176759194406845,0.0420777628797489,"TNBC_higher"
"FAM13A","Luminal_Epithelial","TNBC","ER_Positive","TNBC vs ER_Positive",1.70227788812024,3.35890489958666,12.9275481659408,0.00177239656151121,0.0420777628797489,"TNBC_higher"
"CCNY","Luminal_Epithelial","TNBC","ER_Positive","TNBC vs ER_Positive",1.08285315149116,3.79975532609059,13.0025156266285,0.00177560724736436,0.0420777628797489,"TNBC_higher"
"EIF3I","Luminal_Epithelial","TNBC","ER_Positive","TNBC vs ER_Positive",1.23250341872289,7.6238251954035,13.0410548126426,0.0017767575658289,0.0420777628797489,"TNBC_higher"
"ASAH1","Luminal_Epithelial","TNBC","ER_Positive","TNBC vs ER_Positive",-1.3554417538142,7.78665076873469,13.0411005183154,0.00177681819861977,0.0420777628797489,"ER_Positive_higher"
"UBXN10","Luminal_Epithelial","TNBC","ER_Positive","TNBC vs ER_Positive",-2.2743311205584,2.22385648723647,12.4152615285084,0.00177754330002335,0.0420777628797489,"ER_Positive_higher"
"BCL9","Luminal_Epithelial","TNBC","ER_Positive","TNBC vs ER_Positive",-1.26006389070465,3.21920926721045,12.8987867510133,0.0017783400857022,0.0420777628797489,"ER_Positive_higher"
"LDHB","Luminal_Epithelial","TNBC","ER_Positive","TNBC vs ER_Positive",4.46969612209328,8.96112542475448,13.0312139581974,0.00178266093813464,0.0420946150674911,"TNBC_higher"
"RAP2B","Luminal_Epithelial","TNBC","ER_Positive","TNBC vs ER_Positive",1.53499408083174,4.64243699312977,13.007087396214,0.00178859193427666,0.0421269976389255,"TNBC_higher"
"ORC6","Luminal_Epithelial","TNBC","ER_Positive","TNBC vs ER_Positive",1.80924485894336,2.32398466205349,12.6204163836836,0.0017912551074931,0.0421269976389255,"TNBC_higher"
"LYRM9","Luminal_Epithelial","TNBC","ER_Positive","TNBC vs ER_Positive",-2.04946369245739,3.23594704391395,12.7574509759831,0.00179880877754792,0.0421448324016541,"ER_Positive_higher"
"IQCD","Luminal_Epithelial","TNBC","ER_Positive","TNBC vs ER_Positive",-1.63564330314911,2.44363227886833,12.6070895441651,0.00179923930870328,0.0421448324016541,"ER_Positive_higher"
"TJP3","Luminal_Epithelial","TNBC","ER_Positive","TNBC vs ER_Positive",-1.7313125912037,4.5957756148974,12.9533285716803,0.00181039550373172,0.0423211694409429,"ER_Positive_higher"
"SMIM10L1","Luminal_Epithelial","TNBC","ER_Positive","TNBC vs ER_Positive",1.35311549099686,5.75857197597733,12.9710907392424,0.00181814516321998,0.042417326657922,"TNBC_higher"
"GTPBP4","Luminal_Epithelial","TNBC","ER_Positive","TNBC vs ER_Positive",1.35393083665173,5.86280356017871,12.9635491510506,0.00182261246434084,0.0424366754421874,"TNBC_higher"
"TRIP13","Luminal_Epithelial","TNBC","ER_Positive","TNBC vs ER_Positive",2.43063615409768,2.83947737910577,12.6058472238462,0.00182831934818222,0.042467335144485,"TNBC_higher"
"GNA15","Luminal_Epithelial","TNBC","ER_Positive","TNBC vs ER_Positive",2.51036245985501,3.39465147676303,12.7360579444502,0.00183307958268089,0.042467335144485,"TNBC_higher"
"FAM63A","Luminal_Epithelial","TNBC","ER_Positive","TNBC vs ER_Positive",-1.38727176708206,3.88486089058975,12.8795388042216,0.00183485099981315,0.042467335144485,"ER_Positive_higher"
"ITGB2","Luminal_Epithelial","TNBC","ER_Positive","TNBC vs ER_Positive",2.36491374347706,2.72832416349951,12.5365071263648,0.00186051824998265,0.0429761294773221,"TNBC_higher"
"NCAM2","Luminal_Epithelial","TNBC","ER_Positive","TNBC vs ER_Positive",-3.26503368544914,3.15816283668703,12.3304744598816,0.00187286137277716,0.0431057928344529,"ER_Positive_higher"
"HSF4","Luminal_Epithelial","TNBC","ER_Positive","TNBC vs ER_Positive",-1.46975418498314,2.13076505387518,12.4020037594748,0.00187352224321197,0.0431057928344529,"ER_Positive_higher"
"AHNAK2","Luminal_Epithelial","TNBC","ER_Positive","TNBC vs ER_Positive",4.03203894499444,4.15226371660609,12.5027461743831,0.00188705231592197,0.0433071119264827,"TNBC_higher"
"PSTK","Luminal_Epithelial","TNBC","ER_Positive","TNBC vs ER_Positive",2.24511121954418,4.00057640015395,12.7637282912909,0.00188969738281866,0.0433071119264827,"TNBC_higher"
"WI2-85898F10.1","Luminal_Epithelial","TNBC","ER_Positive","TNBC vs ER_Positive",-2.87830919021255,1.80364797630692,12.0430182412412,0.00189681700452842,0.043385039917302,"ER_Positive_higher"
"HPCAL1","Luminal_Epithelial","TNBC","ER_Positive","TNBC vs ER_Positive",1.76737114645507,5.71756432119853,12.7908032534505,0.00192574091686535,0.0439345038435567,"TNBC_higher"
"CXCL14","Luminal_Epithelial","TNBC","ER_Positive","TNBC vs ER_Positive",-5.36531410758479,7.56645789472198,12.7368698773914,0.00192837256475791,0.0439345038435567,"ER_Positive_higher"
"ZNF385A","Luminal_Epithelial","TNBC","ER_Positive","TNBC vs ER_Positive",-1.70423370018045,4.722366096906,12.7576567698219,0.00193256286794865,0.0439370542903029,"ER_Positive_higher"
"CALR","Luminal_Epithelial","TNBC","ER_Positive","TNBC vs ER_Positive",1.19774163783729,8.78798266964093,12.7631395041846,0.00194191968461376,0.0439370542903029,"TNBC_higher"
"PCP2","Luminal_Epithelial","TNBC","ER_Positive","TNBC vs ER_Positive",-3.04614969296819,2.58366474800044,12.0988493108421,0.00194509632528308,0.0439370542903029,"ER_Positive_higher"
"CCDC78","Luminal_Epithelial","TNBC","ER_Positive","TNBC vs ER_Positive",-2.70160759392492,2.63846204658291,12.1962483176878,0.00194637153332178,0.0439370542903029,"ER_Positive_higher"
"KRT17","Luminal_Epithelial","TNBC","ER_Positive","TNBC vs ER_Positive",5.80316908350305,7.71777142090409,12.7089610392305,0.00194731736545963,0.0439370542903029,"TNBC_higher"
"MCM5","Luminal_Epithelial","TNBC","ER_Positive","TNBC vs ER_Positive",1.52880414964934,3.50025731101809,12.6589893311345,0.00195400579736729,0.0440028525604042,"TNBC_higher"
"ERI2","Luminal_Epithelial","TNBC","ER_Positive","TNBC vs ER_Positive",-1.26554215058603,3.43324799802842,12.6254513325523,0.001965277945758,0.0441714204956977,"ER_Positive_higher"
"RRAS2","Luminal_Epithelial","TNBC","ER_Positive","TNBC vs ER_Positive",2.17978238076448,3.75202520898775,12.6053398220617,0.00197406312204423,0.044190305917317,"TNBC_higher"
"BCAS1","Luminal_Epithelial","TNBC","ER_Positive","TNBC vs ER_Positive",-3.23775710428501,3.84523608626844,12.3830536776906,0.00197496041397487,0.044190305917317,"ER_Positive_higher"
"PLPP6","Luminal_Epithelial","TNBC","ER_Positive","TNBC vs ER_Positive",-1.20975642510376,2.19410742348716,12.3127766101026,0.00197748304233514,0.044190305917317,"ER_Positive_higher"
"SLC27A3","Luminal_Epithelial","TNBC","ER_Positive","TNBC vs ER_Positive",-1.15245410603164,3.30087435606745,12.5864958866174,0.00198381402775673,0.0441992224384835,"ER_Positive_higher"
"BIN1","Luminal_Epithelial","TNBC","ER_Positive","TNBC vs ER_Positive",3.03110555458446,4.69575270872068,12.6163425315671,0.00198706258079151,0.0441992224384835,"TNBC_higher"
"SLC35C1","Luminal_Epithelial","TNBC","ER_Positive","TNBC vs ER_Positive",1.72214413172737,3.23104139570044,12.5493355704894,0.00198971368255955,0.0441992224384835,"TNBC_higher"
"PREP","Luminal_Epithelial","TNBC","ER_Positive","TNBC vs ER_Positive",1.62035472158101,4.26889525604293,12.6475219668457,0.00199785372462308,0.0441992224384835,"TNBC_higher"
"KCNK15","Luminal_Epithelial","TNBC","ER_Positive","TNBC vs ER_Positive",-3.06916984115546,5.34097088718294,12.6227144281189,0.00200046158210722,0.0441992224384835,"ER_Positive_higher"
"UQCRH","Luminal_Epithelial","TNBC","ER_Positive","TNBC vs ER_Positive",1.44741911712395,9.492766652042,12.6708327798303,0.00200061632640543,0.0441992224384835,"TNBC_higher"
"C1orf122","Luminal_Epithelial","TNBC","ER_Positive","TNBC vs ER_Positive",1.24321592059478,5.99855336265028,12.6461674854375,0.00201921091345076,0.044498691386298,"TNBC_higher"
"C1GALT1","Luminal_Epithelial","TNBC","ER_Positive","TNBC vs ER_Positive",1.34456723429236,4.9454371658222,12.6263217156477,0.00202856158256496,0.044498691386298,"TNBC_higher"
"SYCE3","Luminal_Epithelial","TNBC","ER_Positive","TNBC vs ER_Positive",-2.31483884708009,3.12830437300351,12.3199148980236,0.00202920123624323,0.044498691386298,"ER_Positive_higher"
"YEATS2","Luminal_Epithelial","TNBC","ER_Positive","TNBC vs ER_Positive",1.16649309262246,2.88299343304043,12.4762740952826,0.0020305772123939,0.044498691386298,"TNBC_higher"
"MLLT4","Luminal_Epithelial","TNBC","ER_Positive","TNBC vs ER_Positive",-2.8664535744055,6.32277507450248,12.6165015303899,0.00203324496432892,0.044498691386298,"ER_Positive_higher"
"C10orf54","Luminal_Epithelial","TNBC","ER_Positive","TNBC vs ER_Positive",2.31012082860618,2.66234092070316,12.2689298372142,0.00204386392079775,0.044647327033906,"TNBC_higher"
"C21orf91","Luminal_Epithelial","TNBC","ER_Positive","TNBC vs ER_Positive",1.77512470444407,3.21471491030883,12.459250550772,0.00205078398653666,0.044671039330824,"TNBC_higher"
"MEIS3","Luminal_Epithelial","TNBC","ER_Positive","TNBC vs ER_Positive",-2.19253779551625,2.31487421853606,12.0427983931513,0.0020526084081716,0.044671039330824,"ER_Positive_higher"
"COL6A3","Luminal_Epithelial","TNBC","ER_Positive","TNBC vs ER_Positive",3.91823192610293,4.48180303731832,12.3464085498964,0.0020644910773964,0.0448194360940344,"TNBC_higher"
"IFT88","Luminal_Epithelial","TNBC","ER_Positive","TNBC vs ER_Positive",-1.24355011470163,3.96754153441454,12.5237503619469,0.00206914259931582,0.0448194360940344,"ER_Positive_higher"
"SFI1","Luminal_Epithelial","TNBC","ER_Positive","TNBC vs ER_Positive",-1.15514475157641,3.23364552260377,12.4426532697828,0.00207278130212449,0.0448194360940344,"ER_Positive_higher"
"ARHGEF3","Luminal_Epithelial","TNBC","ER_Positive","TNBC vs ER_Positive",-1.51404434604492,4.11844453041812,12.5019735772601,0.00208223138045036,0.0448194360940344,"ER_Positive_higher"
"SACM1L","Luminal_Epithelial","TNBC","ER_Positive","TNBC vs ER_Positive",-1.44954003097103,3.69752188859326,12.4693364117369,0.0020826993494867,0.0448194360940344,"ER_Positive_higher"
"ELP2","Luminal_Epithelial","TNBC","ER_Positive","TNBC vs ER_Positive",-1.72331923316277,6.45755573657296,12.5466606707614,0.002085213772294,0.0448194360940344,"ER_Positive_higher"
"FOXN2","Luminal_Epithelial","TNBC","ER_Positive","TNBC vs ER_Positive",1.70404227156952,2.4860096107752,12.2523792256502,0.00208632265744198,0.0448194360940344,"TNBC_higher"
"FTL","Luminal_Epithelial","TNBC","ER_Positive","TNBC vs ER_Positive",1.60203029497126,11.8008949083462,12.5131651754692,0.002105598438872,0.0450385954129668,"TNBC_higher"
"ERLIN2","Luminal_Epithelial","TNBC","ER_Positive","TNBC vs ER_Positive",-1.46534870855732,4.69057779181208,12.4874519510514,0.00211381967045888,0.045078073959603,"ER_Positive_higher"
"CHMP1B","Luminal_Epithelial","TNBC","ER_Positive","TNBC vs ER_Positive",1.44186755117223,6.27910447011844,12.4894273243169,0.00212431763274545,0.0451685354663137,"TNBC_higher"
"AP2M1","Luminal_Epithelial","TNBC","ER_Positive","TNBC vs ER_Positive",1.38394810210276,7.71921852800637,12.4852792951527,0.0021258059126452,0.0451685354663137,"TNBC_higher"
"TUBA1B","Luminal_Epithelial","TNBC","ER_Positive","TNBC vs ER_Positive",1.34295390718977,8.59438438381483,12.4669578890821,0.00213813311012557,0.0453478595083905,"TNBC_higher"
"FAM73B","Luminal_Epithelial","TNBC","ER_Positive","TNBC vs ER_Positive",-1.00836536621603,2.13859359492361,12.0940929087037,0.00214330726589745,0.0453750984694986,"ER_Positive_higher"
"NLRC5","Luminal_Epithelial","TNBC","ER_Positive","TNBC vs ER_Positive",2.2177653562767,2.19112948591753,11.9669934844716,0.00215936216917763,0.0455093369840911,"TNBC_higher"
"ATP11C","Luminal_Epithelial","TNBC","ER_Positive","TNBC vs ER_Positive",1.18873565773973,2.77227791313268,12.2712678903229,0.00215974248548245,0.0455093369840911,"TNBC_higher"
"GAMT","Luminal_Epithelial","TNBC","ER_Positive","TNBC vs ER_Positive",-2.32082395954933,6.06861971956363,12.4321996414443,0.00216135213794997,0.0455093369840911,"ER_Positive_higher"
"KLHDC3","Luminal_Epithelial","TNBC","ER_Positive","TNBC vs ER_Positive",1.27169184196526,5.55613401143097,12.4151523038319,0.00217634347890924,0.0456867483925808,"TNBC_higher"
"IKBKB","Luminal_Epithelial","TNBC","ER_Positive","TNBC vs ER_Positive",-1.23804346098065,4.79678641240065,12.3996513969664,0.00218013474609355,0.0456867483925808,"ER_Positive_higher"
"FASN","Luminal_Epithelial","TNBC","ER_Positive","TNBC vs ER_Positive",-1.87043426761691,7.39828211245305,12.4017888389785,0.00218544411513589,0.0456867483925808,"ER_Positive_higher"
"PRRT3-AS1","Luminal_Epithelial","TNBC","ER_Positive","TNBC vs ER_Positive",1.85538212612244,2.49756113959338,12.0749790505552,0.00219255303195983,0.0457533651481421,"TNBC_higher"
"TTC39A","Luminal_Epithelial","TNBC","ER_Positive","TNBC vs ER_Positive",-2.12456114787406,6.07491590401658,12.3762538177658,0.00220250558405602,0.0458789779250241,"ER_Positive_higher"
"CISD3","Luminal_Epithelial","TNBC","ER_Positive","TNBC vs ER_Positive",-1.139541398519,6.90332292421158,12.3674597155204,0.00221011804354558,0.0459327552483603,"ER_Positive_higher"
"ARSG","Luminal_Epithelial","TNBC","ER_Positive","TNBC vs ER_Positive",-1.88099856712122,4.33354897166977,12.311103423633,0.00221442637434214,0.0459327552483603,"ER_Positive_higher"
"WDR24","Luminal_Epithelial","TNBC","ER_Positive","TNBC vs ER_Positive",-1.63572565499033,4.32173001197821,12.3200065114632,0.00221690023187543,0.0459327552483603,"ER_Positive_higher"
"C6orf203","Luminal_Epithelial","TNBC","ER_Positive","TNBC vs ER_Positive",2.33680033150418,5.72661258122612,12.3377692533698,0.00222828215672067,0.0460867222662173,"TNBC_higher"
"CKS1B","Luminal_Epithelial","TNBC","ER_Positive","TNBC vs ER_Positive",1.27832045246113,6.60200935994629,12.318969715266,0.00224600847024843,0.0463711306291113,"TNBC_higher"
"ACOX2","Luminal_Epithelial","TNBC","ER_Positive","TNBC vs ER_Positive",-3.07090575512157,3.54004456483313,11.9420248610812,0.00226210990204609,0.0465821901637175,"ER_Positive_higher"
"NCAPD2","Luminal_Epithelial","TNBC","ER_Positive","TNBC vs ER_Positive",1.44383689924972,2.42204200759326,12.0264542973037,0.00226421790165691,0.0465821901637175,"TNBC_higher"
"MSI2","Luminal_Epithelial","TNBC","ER_Positive","TNBC vs ER_Positive",-1.45573422801524,5.81469012088793,12.2844891547395,0.00227131345769013,0.0466459004999213,"ER_Positive_higher"
"AKR7A3","Luminal_Epithelial","TNBC","ER_Positive","TNBC vs ER_Positive",-2.88002816012289,5.27543843768493,12.224532128985,0.00228457648488729,0.0466987417973325,"ER_Positive_higher"
"RP11-49I11.1","Luminal_Epithelial","TNBC","ER_Positive","TNBC vs ER_Positive",3.05216471394104,5.25309729300713,12.2285813119278,0.00228585694195203,0.0466987417973325,"TNBC_higher"
"FAM134C","Luminal_Epithelial","TNBC","ER_Positive","TNBC vs ER_Positive",-1.30419854367598,3.92290858134999,12.2136164891963,0.00228637962098942,0.0466987417973325,"ER_Positive_higher"
"RP11-796E2.4","Luminal_Epithelial","TNBC","ER_Positive","TNBC vs ER_Positive",1.49550163601928,1.94587738722321,11.8415919671848,0.00228989972636727,0.0466987417973325,"TNBC_higher"
"MFHAS1","Luminal_Epithelial","TNBC","ER_Positive","TNBC vs ER_Positive",1.42445231841509,1.59707449298317,11.7100081352955,0.00229493354264213,0.0467197203750793,"TNBC_higher"
"ATP5A1","Luminal_Epithelial","TNBC","ER_Positive","TNBC vs ER_Positive",1.09287822978812,7.91146783956708,12.2430976292613,0.0023009415529798,0.0467297543193633,"TNBC_higher"
"INAFM1","Luminal_Epithelial","TNBC","ER_Positive","TNBC vs ER_Positive",-1.03889975130487,4.26674719924084,12.2203110987103,0.00230343838265186,0.0467297543193633,"ER_Positive_higher"
"RDH10","Luminal_Epithelial","TNBC","ER_Positive","TNBC vs ER_Positive",3.11378849774373,5.07116505927983,12.1821176625604,0.00231084685689056,0.0467986607389381,"TNBC_higher"
"UVSSA","Luminal_Epithelial","TNBC","ER_Positive","TNBC vs ER_Positive",-1.11022172372795,2.67562206640193,12.0050172211156,0.00231740455820775,0.0468501285467824,"ER_Positive_higher"
"ATP5C1","Luminal_Epithelial","TNBC","ER_Positive","TNBC vs ER_Positive",1.06008845236604,8.10566053833303,12.185468378023,0.00234488971794135,0.0472725472188835,"TNBC_higher"
"HECTD4","Luminal_Epithelial","TNBC","ER_Positive","TNBC vs ER_Positive",-1.19626991381941,3.27607318968391,12.0732287425714,0.002346404186861,0.0472725472188835,"ER_Positive_higher"
"ACAA2","Luminal_Epithelial","TNBC","ER_Positive","TNBC vs ER_Positive",1.37095255519345,4.96460308894558,12.1286938689994,0.00238747323225038,0.0478520193371146,"TNBC_higher"
"KXD1","Luminal_Epithelial","TNBC","ER_Positive","TNBC vs ER_Positive",1.24559769378557,6.31867752655252,12.1206781118168,0.00239759850463597,0.0479044903815911,"TNBC_higher"
"CTSK","Luminal_Epithelial","TNBC","ER_Positive","TNBC vs ER_Positive",3.20875343317057,3.45388078377041,11.7785511148014,0.00243022986165557,0.04845919886532,"TNBC_higher"
"TAP1","Luminal_Epithelial","TNBC","ER_Positive","TNBC vs ER_Positive",1.85068292042745,6.09344798610011,12.0564756557862,0.00244851449657807,0.0487404805504833,"TNBC_higher"
"ADGRE5","Luminal_Epithelial","TNBC","ER_Positive","TNBC vs ER_Positive",2.41353716658836,3.15975782121999,11.8373746799819,0.00245807819759855,0.048833015355688,"TNBC_higher"
"BBOF1","Luminal_Epithelial","TNBC","ER_Positive","TNBC vs ER_Positive",-1.4154973080905,3.95547905220451,11.9874908705449,0.00246262421389902,0.048833015355688,"ER_Positive_higher"
"SH3KBP1","Luminal_Epithelial","TNBC","ER_Positive","TNBC vs ER_Positive",2.68305471368606,3.60700501337356,11.8557390605166,0.00247110514787745,0.048833015355688,"TNBC_higher"
"MBP","Luminal_Epithelial","TNBC","ER_Positive","TNBC vs ER_Positive",2.06387472493831,4.22243502371122,11.9827791818578,0.00247119171621163,0.048833015355688,"TNBC_higher"
"CCNB1IP1","Luminal_Epithelial","TNBC","ER_Positive","TNBC vs ER_Positive",1.50873060097817,5.35090002398493,12.022645847713,0.0024750816591297,0.048833015355688,"TNBC_higher"
"GNPTG","Luminal_Epithelial","TNBC","ER_Positive","TNBC vs ER_Positive",-1.39452756724978,6.37078700091129,12.0209879661511,0.0024782807621575,0.048833015355688,"ER_Positive_higher"
"PGK1","Luminal_Epithelial","TNBC","ER_Positive","TNBC vs ER_Positive",1.57155929127661,8.26813346762831,12.0080736849619,0.00248653655961967,0.0488640709014685,"TNBC_higher"
"ZNF585B","Luminal_Epithelial","TNBC","ER_Positive","TNBC vs ER_Positive",-1.57300416781068,1.71492665920155,11.4339262788466,0.00248823472914465,0.0488640709014685,"ER_Positive_higher"
"ULK1","Luminal_Epithelial","TNBC","ER_Positive","TNBC vs ER_Positive",-1.14014498413782,3.02645756122739,11.8599954372865,0.00249385989548398,0.0488922280349926,"ER_Positive_higher"
"NPDC1","Luminal_Epithelial","TNBC","ER_Positive","TNBC vs ER_Positive",-1.78886339497444,7.17972969099093,11.9827264930055,0.00250926653957267,0.0490113308925574,"ER_Positive_higher"
"MAPK9","Luminal_Epithelial","TNBC","ER_Positive","TNBC vs ER_Positive",-1.18972118602179,3.32463228291729,11.8765877904342,0.00251337545672746,0.0490113308925574,"ER_Positive_higher"
"TMEM206","Luminal_Epithelial","TNBC","ER_Positive","TNBC vs ER_Positive",1.61877122758847,3.68371159000566,11.9100347648343,0.00251519574021351,0.0490113308925574,"TNBC_higher"
"HLA-DRA","Luminal_Epithelial","TNBC","ER_Positive","TNBC vs ER_Positive",2.61248805792506,7.28920193842879,11.973316790655,0.00251674129486857,0.0490113308925574,"TNBC_higher"
"TGFA","Luminal_Epithelial","TNBC","ER_Positive","TNBC vs ER_Positive",2.2298775245132,1.86019550610494,11.4202280704602,0.00252669450872607,0.0490729368923481,"TNBC_higher"
"DDR2","Luminal_Epithelial","TNBC","ER_Positive","TNBC vs ER_Positive",2.67889117638435,2.8249536069645,11.611799253592,0.00252924163938552,0.0490729368923481,"TNBC_higher"
"CXCL1","Luminal_Epithelial","TNBC","ER_Positive","TNBC vs ER_Positive",3.78466371302863,4.95485873566702,11.8403268919901,0.00253252533297845,0.0490729368923481,"TNBC_higher"
"EDEM3","Luminal_Epithelial","TNBC","ER_Positive","TNBC vs ER_Positive",-1.25094797895344,5.23078640799734,11.9325850873339,0.0025490504604046,0.049311233201691,"ER_Positive_higher"
"SFRP1","Luminal_Epithelial","TNBC","ER_Positive","TNBC vs ER_Positive",4.15910864881713,5.08956513082326,11.7754662278329,0.00256251773501301,0.0494078832709532,"TNBC_higher"
"SRGN","Luminal_Epithelial","TNBC","ER_Positive","TNBC vs ER_Positive",3.330783480887,6.64626635890222,11.8990260990749,0.00257575066532018,0.0495514408979729,"TNBC_higher"
"CRIP1","Luminal_Epithelial","TNBC","ER_Positive","TNBC vs ER_Positive",-2.56899825170046,7.06972490749267,11.899263692757,0.00257979993924786,0.0495514408979729,"ER_Positive_higher"
"FEM1C","Luminal_Epithelial","TNBC","ER_Positive","TNBC vs ER_Positive",-1.49234640772385,3.63562554624905,11.8104113078401,0.00258281113490495,0.0495514408979729,"ER_Positive_higher"
"CCDC189","Luminal_Epithelial","TNBC","ER_Positive","TNBC vs ER_Positive",-1.53839228952139,3.44005996147541,11.7650658905134,0.00259765495284523,0.0495935270457278,"ER_Positive_higher"
"HDAC2","Luminal_Epithelial","TNBC","ER_Positive","TNBC vs ER_Positive",1.28490049977727,6.89432901771162,11.8675359341171,0.00260695448029144,0.0496897451186268,"TNBC_higher"
"CD37","Luminal_Epithelial","TNBC","ER_Positive","TNBC vs ER_Positive",2.82610726392694,3.2184326240891,11.5614519283487,0.00264019474747792,0.0499024291192631,"TNBC_higher"
"CTD-2336O2.1","Luminal_Epithelial","TNBC","ER_Positive","TNBC vs ER_Positive",-1.7676741646653,5.72046787538015,11.821773525956,0.00264542942956717,0.0499024291192631,"ER_Positive_higher"
"SLC22A23","Luminal_Epithelial","TNBC","ER_Positive","TNBC vs ER_Positive",-2.03194318772755,2.46054001284375,11.406350633824,0.00265456351464666,0.0499024291192631,"ER_Positive_higher"
"ZNF823","Luminal_Epithelial","TNBC","ER_Positive","TNBC vs ER_Positive",-1.91387460785771,3.22309012628605,11.6180539979007,0.00265794927391315,0.0499024291192631,"ER_Positive_higher"
"PPIB","Luminal_Epithelial","TNBC","ER_Positive","TNBC vs ER_Positive",1.2367514883621,9.02180231326731,11.8055611885257,0.00265964587775976,0.0499024291192631,"TNBC_higher"
"ADCY1","Luminal_Epithelial","TNBC","ER_Positive","TNBC vs ER_Positive",-3.29406537931317,2.93700530521472,11.2634747728819,0.00266089249140006,0.0499024291192631,"ER_Positive_higher"
