"gene","celltype","group1","group2","comparison","logFC","logCPM","F","PValue","FDR","direction"
"THEMIS2","Luminal_Epithelial","ER_Positive","Normal","ER_Positive vs Normal",-6.41422893440077,2.73122346819334,163.847982545007,7.40080493254851e-11,4.87264881808778e-07,"Normal_higher"
"C5orf46","Luminal_Epithelial","ER_Positive","Normal","ER_Positive vs Normal",-9.59371647478133,4.52611703239785,142.363391055264,8.54912743918212e-11,4.87264881808778e-07,"Normal_higher"
"ADGRF1","Luminal_Epithelial","ER_Positive","Normal","ER_Positive vs Normal",-8.71687766800648,3.53097151513784,138.815303937807,9.74075195193132e-11,4.87264881808778e-07,"Normal_higher"
"G0S2","Luminal_Epithelial","ER_Positive","Normal","ER_Positive vs Normal",-7.82267065738738,5.14601529167719,145.253038034122,1.43487103631735e-10,4.94710064372136e-07,"Normal_higher"
"PI3","Luminal_Epithelial","ER_Positive","Normal","ER_Positive vs Normal",-14.0719089286433,9.67927731219992,142.488726699886,1.81009890636142e-10,4.94710064372136e-07,"Normal_higher"
"C6orf15","Luminal_Epithelial","ER_Positive","Normal","ER_Positive vs Normal",-8.92600021144919,2.6857371796326,142.872435474492,2.12188756204173e-10,4.94710064372136e-07,"Normal_higher"
"KRT16","Luminal_Epithelial","ER_Positive","Normal","ER_Positive vs Normal",-8.28068149039492,6.43933588634781,130.654621130129,2.30757010102283e-10,4.94710064372136e-07,"Normal_higher"
"KLK6","Luminal_Epithelial","ER_Positive","Normal","ER_Positive vs Normal",-9.45335707127526,4.50912701742883,126.668565633551,2.75311142923992e-10,5.16449290232543e-07,"Normal_higher"
"CXCL5","Luminal_Epithelial","ER_Positive","Normal","ER_Positive vs Normal",-10.7461100127156,4.66044777051286,127.90685492574,3.55009936572947e-10,5.91959346461134e-07,"Normal_higher"
"VNN1","Luminal_Epithelial","ER_Positive","Normal","ER_Positive vs Normal",-10.2907794400231,4.557217337415,108.025968494062,1.05825404022574e-09,1.46176769965443e-06,"Normal_higher"
"S100A2","Luminal_Epithelial","ER_Positive","Normal","ER_Positive vs Normal",-9.52625059663817,7.61611902155502,109.962889436671,1.07146296369686e-09,1.46176769965443e-06,"Normal_higher"
"TLR2","Luminal_Epithelial","ER_Positive","Normal","ER_Positive vs Normal",-7.48587464912418,3.75035001401848,114.389484934473,1.55606810413885e-09,1.94599283656765e-06,"Normal_higher"
"IGF2BP2","Luminal_Epithelial","ER_Positive","Normal","ER_Positive vs Normal",-8.01053029574861,3.32452700807305,102.620610843538,2.0607423176658e-09,2.26749611119017e-06,"Normal_higher"
"LYN","Luminal_Epithelial","ER_Positive","Normal","ER_Positive vs Normal",-7.32414406345643,4.36862006332406,107.897288207204,2.11534254392366e-09,2.26749611119017e-06,"Normal_higher"
"CLDN10","Luminal_Epithelial","ER_Positive","Normal","ER_Positive vs Normal",-9.90750952854343,3.26844446563496,118.746279186179,2.58083949578386e-09,2.58204388754856e-06,"Normal_higher"
"S100A3","Luminal_Epithelial","ER_Positive","Normal","ER_Positive vs Normal",-6.88924028841419,2.24516470209568,97.9947985314459,3.1151631923857e-09,2.82796583191465e-06,"Normal_higher"
"KLK7","Luminal_Epithelial","ER_Positive","Normal","ER_Positive vs Normal",-7.8752780850699,2.54920912559918,93.7778689282435,3.20353296078824e-09,2.82796583191465e-06,"Normal_higher"
"MIA","Luminal_Epithelial","ER_Positive","Normal","ER_Positive vs Normal",-8.72148194606109,4.5384320402453,101.25650277596,3.72695039028506e-09,3.10724136150043e-06,"Normal_higher"
"AC005152.3","Luminal_Epithelial","ER_Positive","Normal","ER_Positive vs Normal",-7.89159857985704,2.51119545657577,87.6621735288285,5.76960193178127e-09,4.5570745363285e-06,"Normal_higher"
"KLK5","Luminal_Epithelial","ER_Positive","Normal","ER_Positive vs Normal",-7.9895515550899,4.71976803714337,95.0389132408499,6.63475839406638e-09,4.94638360245012e-06,"Normal_higher"
"PPP1R14C","Luminal_Epithelial","ER_Positive","Normal","ER_Positive vs Normal",-8.13471035413567,3.2446003765102,87.3466026119871,6.92170691353718e-09,4.94638360245012e-06,"Normal_higher"
"SLCO4A1-AS1","Luminal_Epithelial","ER_Positive","Normal","ER_Positive vs Normal",-6.10211020860356,0.930271940920785,84.8216594291607,7.64053283477038e-09,5.21188528415451e-06,"Normal_higher"
"LAMB3","Luminal_Epithelial","ER_Positive","Normal","ER_Positive vs Normal",-7.40386154403596,6.18694262882867,88.3514174882995,8.16303014652469e-09,5.32619971343026e-06,"Normal_higher"
"KLK8","Luminal_Epithelial","ER_Positive","Normal","ER_Positive vs Normal",-9.63315808592759,3.5794571073992,87.7386528060344,8.8089010141035e-09,5.50813239661047e-06,"Normal_higher"
"LEMD1","Luminal_Epithelial","ER_Positive","Normal","ER_Positive vs Normal",-9.97227342330239,2.89730604721066,127.235150713331,9.53027280787444e-09,5.72083216111087e-06,"Normal_higher"
"CCL20","Luminal_Epithelial","ER_Positive","Normal","ER_Positive vs Normal",-7.68908427798982,5.05418783490337,87.6009504392766,1.02779529238805e-08,5.93235536648751e-06,"Normal_higher"
"CDA","Luminal_Epithelial","ER_Positive","Normal","ER_Positive vs Normal",-7.64902313286075,3.49412043954484,88.2236992504142,1.13775069207931e-08,6.3237869022349e-06,"Normal_higher"
"ARNTL2","Luminal_Epithelial","ER_Positive","Normal","ER_Positive vs Normal",-5.95413173636765,2.99240462630601,87.1864951886789,1.25311766698386e-08,6.60904858749998e-06,"Normal_higher"
"ACSL4","Luminal_Epithelial","ER_Positive","Normal","ER_Positive vs Normal",-5.05726108676937,2.04454670927661,87.4447044016753,1.27715338866862e-08,6.60904858749998e-06,"Normal_higher"
"MTHFD1L","Luminal_Epithelial","ER_Positive","Normal","ER_Positive vs Normal",-7.04728639866304,3.11373694238517,87.2396854823808,1.34621653721278e-08,6.73422385798407e-06,"Normal_higher"
"KRT6B","Luminal_Epithelial","ER_Positive","Normal","ER_Positive vs Normal",-9.77982605374171,8.01572565012827,80.4797285038832,1.49783732935799e-08,7.25098219408883e-06,"Normal_higher"
"UGT8","Luminal_Epithelial","ER_Positive","Normal","ER_Positive vs Normal",-6.80534108439107,0.4746708932595,92.2435141843959,1.61471297579734e-08,7.57249925868457e-06,"Normal_higher"
"LCN2","Luminal_Epithelial","ER_Positive","Normal","ER_Positive vs Normal",-8.87718299059588,9.19701680949957,95.5643385692397,1.67866598391875e-08,7.63386073353599e-06,"Normal_higher"
"CA9","Luminal_Epithelial","ER_Positive","Normal","ER_Positive vs Normal",-8.72477168657776,3.67054561121082,77.4800358540771,1.77058880271308e-08,7.77829156102738e-06,"Normal_higher"
"NR4A1","Luminal_Epithelial","ER_Positive","Normal","ER_Positive vs Normal",6.56957911091852,8.29492326812784,102.647521480451,1.8140881231156e-08,7.77829156102738e-06,"ER_Positive_higher"
"ENO1","Luminal_Epithelial","ER_Positive","Normal","ER_Positive vs Normal",-4.05617577774222,9.52686954131988,101.777535899372,1.92434699014401e-08,8.02185424474756e-06,"Normal_higher"
"PINX1","Luminal_Epithelial","ER_Positive","Normal","ER_Positive vs Normal",-3.5692938625025,3.37028635440786,84.9520209482793,2.13254317876775e-08,8.54022919565146e-06,"Normal_higher"
"RGS20","Luminal_Epithelial","ER_Positive","Normal","ER_Positive vs Normal",-8.01205657877435,2.00232507195886,80.028527006464,2.16251555563907e-08,8.54022919565146e-06,"Normal_higher"
"CD68","Luminal_Epithelial","ER_Positive","Normal","ER_Positive vs Normal",-4.51532787593059,4.7327674460469,88.9432972498324,2.38454739084456e-08,9.1756160754883e-06,"Normal_higher"
"UPP1","Luminal_Epithelial","ER_Positive","Normal","ER_Positive vs Normal",-5.46461425475752,5.63684530694062,88.4207226593193,2.57018255140873e-08,9.64268238724772e-06,"Normal_higher"
"AKR1C1","Luminal_Epithelial","ER_Positive","Normal","ER_Positive vs Normal",-12.3113960541162,7.18779547522601,73.6639383452839,2.68022949993551e-08,9.81029368427615e-06,"Normal_higher"
"GAL","Luminal_Epithelial","ER_Positive","Normal","ER_Positive vs Normal",-7.32229708525572,3.96658684770149,79.6079091584745,2.80916561602306e-08,9.91211971012009e-06,"Normal_higher"
"SLC6A14","Luminal_Epithelial","ER_Positive","Normal","ER_Positive vs Normal",-6.87762168522483,3.34636058112989,79.7744161426093,2.84014891407452e-08,9.91211971012009e-06,"Normal_higher"
"ALDH1A3","Luminal_Epithelial","ER_Positive","Normal","ER_Positive vs Normal",-7.26199640140528,6.22349222886841,75.8547521918843,3.20088317835276e-08,1.08696795544056e-05,"Normal_higher"
"RP11-395G23.3","Luminal_Epithelial","ER_Positive","Normal","ER_Positive vs Normal",-5.89757699856783,1.95462396382333,77.7468679974452,3.25938282100522e-08,1.08696795544056e-05,"Normal_higher"
"NEURL3","Luminal_Epithelial","ER_Positive","Normal","ER_Positive vs Normal",-6.64135587690539,3.99188196259527,75.034578469438,3.63660108544163e-08,1.16864721375455e-05,"Normal_higher"
"TNIP3","Luminal_Epithelial","ER_Positive","Normal","ER_Positive vs Normal",-8.87839860062976,3.78139670308748,70.7947704971224,3.66005324491662e-08,1.16864721375455e-05,"Normal_higher"
"OLAH","Luminal_Epithelial","ER_Positive","Normal","ER_Positive vs Normal",-7.94922714524056,1.42124625194396,82.8909131110116,4.20726531337631e-08,1.31538396995496e-05,"Normal_higher"
"LOX","Luminal_Epithelial","ER_Positive","Normal","ER_Positive vs Normal",-6.97136347410934,1.15998425649679,71.1164837185415,4.62758150017202e-08,1.41565504891355e-05,"Normal_higher"
"RAET1L","Luminal_Epithelial","ER_Positive","Normal","ER_Positive vs Normal",-8.32273255253755,1.48029947370961,95.138244611371,4.71664906015044e-08,1.41565504891355e-05,"Normal_higher"
"GLIPR1","Luminal_Epithelial","ER_Positive","Normal","ER_Positive vs Normal",-5.60967287147839,4.39165650504581,70.1393398113078,5.11115228469938e-08,1.50398161444086e-05,"Normal_higher"
"HDAC9","Luminal_Epithelial","ER_Positive","Normal","ER_Positive vs Normal",-4.60937605475123,2.05251871178516,71.3472206616351,5.57003362093687e-08,1.57742105004655e-05,"Normal_higher"
"MSN","Luminal_Epithelial","ER_Positive","Normal","ER_Positive vs Normal",-3.8011477520568,5.06583097299368,84.5385377089115,5.67004085238599e-08,1.57742105004655e-05,"Normal_higher"
"LUCAT1","Luminal_Epithelial","ER_Positive","Normal","ER_Positive vs Normal",-8.03945504859992,3.41057523037967,69.3599957630076,5.67606694892474e-08,1.57742105004655e-05,"Normal_higher"
"TMOD1","Luminal_Epithelial","ER_Positive","Normal","ER_Positive vs Normal",-6.00436013759915,1.80288941143671,68.9396481891676,7.1757395174454e-08,1.95793314433278e-05,"Normal_higher"
"IL23A","Luminal_Epithelial","ER_Positive","Normal","ER_Positive vs Normal",-4.73340034723488,1.8278283951003,68.5379135359593,8.50193899635446e-08,2.27836783068377e-05,"Normal_higher"
"SGK1","Luminal_Epithelial","ER_Positive","Normal","ER_Positive vs Normal",-3.48663436385722,4.3417421063037,77.027843147527,9.15535630253996e-08,2.41042863214416e-05,"Normal_higher"
"TMPRSS11E","Luminal_Epithelial","ER_Positive","Normal","ER_Positive vs Normal",-6.29236545450111,1.38079699203234,63.0134794245477,9.47533200097795e-08,2.45166047135649e-05,"Normal_higher"
"LINC01272","Luminal_Epithelial","ER_Positive","Normal","ER_Positive vs Normal",-5.69413825464879,1.23139226570295,64.0160710365424,1.03093778010165e-07,2.62225140101448e-05,"Normal_higher"
"LONRF2","Luminal_Epithelial","ER_Positive","Normal","ER_Positive vs Normal",4.52004207550815,3.08141703676046,78.2887831173995,1.05630252911641e-07,2.64198867574166e-05,"ER_Positive_higher"
"CARHSP1","Luminal_Epithelial","ER_Positive","Normal","ER_Positive vs Normal",-3.61801840987823,7.94209467493112,78.411663095078,1.19802250084316e-07,2.94733174920546e-05,"Normal_higher"
"FGFBP1","Luminal_Epithelial","ER_Positive","Normal","ER_Positive vs Normal",-7.4469664242851,1.96609729644212,60.856833006348,1.22579105436385e-07,2.96700747626425e-05,"Normal_higher"
"SLCO3A1","Luminal_Epithelial","ER_Positive","Normal","ER_Positive vs Normal",-4.21900576834803,2.11890782913724,63.0330648966492,1.25277029350059e-07,2.98417838008943e-05,"Normal_higher"
"ANXA1","Luminal_Epithelial","ER_Positive","Normal","ER_Positive vs Normal",-7.15620042419553,9.50936660578619,77.4536296457633,1.27346253694111e-07,2.9860706706055e-05,"Normal_higher"
"AKAP12","Luminal_Epithelial","ER_Positive","Normal","ER_Positive vs Normal",-7.23964802305591,3.58221450834522,64.9773832060952,1.37987231684596e-07,3.16309082350967e-05,"Normal_higher"
"IGFBP3","Luminal_Epithelial","ER_Positive","Normal","ER_Positive vs Normal",-6.78188218963095,6.31791374453488,66.3858481118607,1.39330290206683e-07,3.16309082350967e-05,"Normal_higher"
"VNN3","Luminal_Epithelial","ER_Positive","Normal","ER_Positive vs Normal",-8.38066897317288,3.08143464406809,59.5025245010887,1.41218821333476e-07,3.16309082350967e-05,"Normal_higher"
"CTSV","Luminal_Epithelial","ER_Positive","Normal","ER_Positive vs Normal",-6.3957151771923,4.10778468659423,61.915803750074,1.4400340243623e-07,3.17802802994192e-05,"Normal_higher"
"TPT1-AS1","Luminal_Epithelial","ER_Positive","Normal","ER_Positive vs Normal",-3.63274386228543,5.7729033399498,75.5198639783081,1.4636567248977e-07,3.18334731457099e-05,"Normal_higher"
"DOK5","Luminal_Epithelial","ER_Positive","Normal","ER_Positive vs Normal",-5.1372720143405,0.406955776490921,59.4093078974311,1.52583372922272e-07,3.27116953920649e-05,"Normal_higher"
"AGBL4","Luminal_Epithelial","ER_Positive","Normal","ER_Positive vs Normal",6.51065909079488,1.19972439078374,58.889380258992,1.73054700868372e-07,3.65779140272064e-05,"ER_Positive_higher"
"SOD2","Luminal_Epithelial","ER_Positive","Normal","ER_Positive vs Normal",-6.55223835428872,10.7921981970321,73.7002397735548,1.82720597111096e-07,3.80345351837689e-05,"Normal_higher"
"C15orf62","Luminal_Epithelial","ER_Positive","Normal","ER_Positive vs Normal",-6.36464543491013,2.54104784154556,62.3510333346943,1.85015064197716e-07,3.80345351837689e-05,"Normal_higher"
"FERMT1","Luminal_Epithelial","ER_Positive","Normal","ER_Positive vs Normal",-6.57181067238569,1.08826054048829,57.1984807812071,2.0828453443362e-07,4.22293245168197e-05,"Normal_higher"
"MALL","Luminal_Epithelial","ER_Positive","Normal","ER_Positive vs Normal",-5.51725568853693,4.88855724883396,61.4046607417621,2.11813379925921e-07,4.22293245168197e-05,"Normal_higher"
"HMOX1","Luminal_Epithelial","ER_Positive","Normal","ER_Positive vs Normal",-7.37737954089869,7.39852479546641,65.6300191143747,2.13862108567888e-07,4.22293245168197e-05,"Normal_higher"
"C5AR2","Luminal_Epithelial","ER_Positive","Normal","ER_Positive vs Normal",4.64130224335436,1.98027642288258,65.0923300441183,2.26179287285279e-07,4.40814618738984e-05,"ER_Positive_higher"
"CXCL6","Luminal_Epithelial","ER_Positive","Normal","ER_Positive vs Normal",-8.35708840852069,4.42642674969797,60.1518576542418,2.41059280194472e-07,4.6379187408698e-05,"Normal_higher"
"CALB2","Luminal_Epithelial","ER_Positive","Normal","ER_Positive vs Normal",-6.27286371007583,1.80062438675645,57.0732717816771,2.67475046038853e-07,5.08101014671528e-05,"Normal_higher"
"LY6D","Luminal_Epithelial","ER_Positive","Normal","ER_Positive vs Normal",-7.48369089080223,4.1952094009302,58.9620950801217,2.72484531559487e-07,5.11146920639153e-05,"Normal_higher"
"MRAS","Luminal_Epithelial","ER_Positive","Normal","ER_Positive vs Normal",-4.62600279342405,3.16342763838235,55.8485072263872,2.76692268140642e-07,5.12632205924273e-05,"Normal_higher"
"GPR87","Luminal_Epithelial","ER_Positive","Normal","ER_Positive vs Normal",-6.58709826137257,2.67997711013222,58.3212467510604,2.93565960476056e-07,5.37261508398069e-05,"Normal_higher"
"RARRES1","Luminal_Epithelial","ER_Positive","Normal","ER_Positive vs Normal",-8.05783298180015,9.40465331007561,67.207443683956,2.99181163901114e-07,5.37441387003976e-05,"Normal_higher"
"SAA4","Luminal_Epithelial","ER_Positive","Normal","ER_Positive vs Normal",-7.74933401679314,2.66599767707863,54.191836410483,3.03580620902683e-07,5.37441387003976e-05,"Normal_higher"
"LINC01589","Luminal_Epithelial","ER_Positive","Normal","ER_Positive vs Normal",-7.47266446871846,0.681132113765299,73.229688249544,3.04408062206557e-07,5.37441387003976e-05,"Normal_higher"
"DSC3","Luminal_Epithelial","ER_Positive","Normal","ER_Positive vs Normal",-6.56154545822989,1.81500324405811,54.7979629014954,3.09185629420927e-07,5.39528923339518e-05,"Normal_higher"
"TGFBI","Luminal_Epithelial","ER_Positive","Normal","ER_Positive vs Normal",-5.75558329907837,3.6287655168066,55.5398790779732,3.13482796656556e-07,5.40739807979878e-05,"Normal_higher"
"CAV2","Luminal_Epithelial","ER_Positive","Normal","ER_Positive vs Normal",-5.34257671430775,4.61178708443557,57.2090710890075,3.27361417333635e-07,5.5826281703703e-05,"Normal_higher"
"CHAD","Luminal_Epithelial","ER_Positive","Normal","ER_Positive vs Normal",7.90740337971453,3.49598218172553,55.5297446928877,3.3312487827441e-07,5.61708432389221e-05,"ER_Positive_higher"
"PSAT1","Luminal_Epithelial","ER_Positive","Normal","ER_Positive vs Normal",-7.44292037921944,3.10766670958342,55.4895676636173,3.64298060858724e-07,6.06670150204619e-05,"Normal_higher"
"ERO1A","Luminal_Epithelial","ER_Positive","Normal","ER_Positive vs Normal",-4.03793598596715,6.24612749963842,66.026519236921,3.67874882845474e-07,6.06670150204619e-05,"Normal_higher"
"MFI2","Luminal_Epithelial","ER_Positive","Normal","ER_Positive vs Normal",-3.48458915871783,3.49669134855756,58.8891331427369,3.78178493876573e-07,6.16599331925312e-05,"Normal_higher"
"HMGA2","Luminal_Epithelial","ER_Positive","Normal","ER_Positive vs Normal",-8.30508253139372,2.66059500131125,52.730074286731,3.88386223190605e-07,6.16599331925312e-05,"Normal_higher"
"C1orf64","Luminal_Epithelial","ER_Positive","Normal","ER_Positive vs Normal",8.87019433106149,6.31597195593767,62.6039336834923,3.91300429900502e-07,6.16599331925312e-05,"ER_Positive_higher"
"BTG2","Luminal_Epithelial","ER_Positive","Normal","ER_Positive vs Normal",5.70950496325403,9.82072080982717,65.6943820973674,3.92854519104368e-07,6.16599331925312e-05,"ER_Positive_higher"
"RGS11","Luminal_Epithelial","ER_Positive","Normal","ER_Positive vs Normal",5.85647025571035,3.30829969929145,62.3430392952844,3.94439500665222e-07,6.16599331925312e-05,"ER_Positive_higher"
"S100B","Luminal_Epithelial","ER_Positive","Normal","ER_Positive vs Normal",-7.41695468604218,3.44303430862936,55.9039424916008,4.00700210313309e-07,6.19928665584724e-05,"Normal_higher"
"CORO1C","Luminal_Epithelial","ER_Positive","Normal","ER_Positive vs Normal",-3.86818311467291,4.91592056350389,63.0714765361996,4.06815045473425e-07,6.22966672185683e-05,"Normal_higher"
"CHST2","Luminal_Epithelial","ER_Positive","Normal","ER_Positive vs Normal",-6.55724141669464,0.82915439328808,53.2505221226201,4.20698078007525e-07,6.31371489118444e-05,"Normal_higher"
"PRSS12","Luminal_Epithelial","ER_Positive","Normal","ER_Positive vs Normal",-5.18600391461819,0.212040974610581,51.7223158209629,4.21495957075242e-07,6.31371489118444e-05,"Normal_higher"
"TUBB6","Luminal_Epithelial","ER_Positive","Normal","ER_Positive vs Normal",-5.99878895932112,4.92715578058897,53.8311108529166,4.25165240800252e-07,6.31371489118444e-05,"Normal_higher"
"ANXA2","Luminal_Epithelial","ER_Positive","Normal","ER_Positive vs Normal",-3.24230833420218,10.184528094147,64.7815624938541,4.31168323248877e-07,6.31371489118444e-05,"Normal_higher"
"NES","Luminal_Epithelial","ER_Positive","Normal","ER_Positive vs Normal",-3.15161905921463,1.77455586152762,52.6272081608283,4.33339530746983e-07,6.31371489118444e-05,"Normal_higher"
"FIBIN","Luminal_Epithelial","ER_Positive","Normal","ER_Positive vs Normal",-7.16760610871239,1.92815650956308,51.4258882610211,4.38642362307148e-07,6.3295249337917e-05,"Normal_higher"
"COL6A2","Luminal_Epithelial","ER_Positive","Normal","ER_Positive vs Normal",-5.34087077474964,4.43769620604828,53.9304063692408,4.52700812435534e-07,6.41339895108699e-05,"Normal_higher"
"BBOX1","Luminal_Epithelial","ER_Positive","Normal","ER_Positive vs Normal",-8.19178189649126,3.82985527304949,54.0781013837056,4.53002124885201e-07,6.41339895108699e-05,"Normal_higher"
"DEFB1","Luminal_Epithelial","ER_Positive","Normal","ER_Positive vs Normal",-8.20008689276375,8.31483175650188,59.2959734332282,4.62873647485411e-07,6.49191105403137e-05,"Normal_higher"
"LINC01198","Luminal_Epithelial","ER_Positive","Normal","ER_Positive vs Normal",-7.48034115842564,2.32952667957947,50.9520069141435,4.73970578583455e-07,6.58599673407585e-05,"Normal_higher"
"GULP1","Luminal_Epithelial","ER_Positive","Normal","ER_Positive vs Normal",-6.2889297403002,4.35122838910123,52.060981023539,4.82344016261919e-07,6.64085931380056e-05,"Normal_higher"
"B3GNT3","Luminal_Epithelial","ER_Positive","Normal","ER_Positive vs Normal",-5.135410723273,1.99460543850262,54.3984270826891,4.9500404822751e-07,6.75320522886386e-05,"Normal_higher"
"GABRE","Luminal_Epithelial","ER_Positive","Normal","ER_Positive vs Normal",-6.35841983262517,3.08850578590313,54.2398161048046,5.05900191347398e-07,6.83967943382919e-05,"Normal_higher"
"CLIP4","Luminal_Epithelial","ER_Positive","Normal","ER_Positive vs Normal",-5.22449471668528,3.29576505137155,51.6890096739166,5.16340297124572e-07,6.91849896334683e-05,"Normal_higher"
"ITGAL","Luminal_Epithelial","ER_Positive","Normal","ER_Positive vs Normal",4.8562360472529,0.0548161715946121,46.0875750557074,5.48050986725528e-07,7.23499316675053e-05,"ER_Positive_higher"
"SIRPA","Luminal_Epithelial","ER_Positive","Normal","ER_Positive vs Normal",-5.59051524074887,2.52119482043879,53.3650225766726,5.54360361266348e-07,7.23499316675053e-05,"Normal_higher"
"TNFAIP6","Luminal_Epithelial","ER_Positive","Normal","ER_Positive vs Normal",-10.2717693226052,5.66470985076365,51.8660795177281,5.54424078214374e-07,7.23499316675053e-05,"Normal_higher"
"LINC01235","Luminal_Epithelial","ER_Positive","Normal","ER_Positive vs Normal",-6.88540111163929,2.88316940448472,52.969758890668,5.8665085938384e-07,7.5895426265287e-05,"Normal_higher"
"MMP7","Luminal_Epithelial","ER_Positive","Normal","ER_Positive vs Normal",-8.76662858584756,8.56640574619474,54.9655766016835,6.5984498293745e-07,8.40180588642886e-05,"Normal_higher"
"NT5E","Luminal_Epithelial","ER_Positive","Normal","ER_Positive vs Normal",-6.66820710196005,2.06441245703202,49.9515906172081,6.6063376730766e-07,8.40180588642886e-05,"Normal_higher"
"LAPTM5","Luminal_Epithelial","ER_Positive","Normal","ER_Positive vs Normal",5.97309245696949,0.96993444450413,47.699376333288,6.78306075535999e-07,8.55406661812499e-05,"ER_Positive_higher"
"EREG","Luminal_Epithelial","ER_Positive","Normal","ER_Positive vs Normal",-5.14145625006736,2.22007414384116,51.402192295788,7.15254065446602e-07,8.94484813346429e-05,"Normal_higher"
"CRYAB","Luminal_Epithelial","ER_Positive","Normal","ER_Positive vs Normal",-5.91302116382332,6.54986983804783,57.0199038358978,7.42540943800205e-07,9.1864827993546e-05,"Normal_higher"
"NDRG2","Luminal_Epithelial","ER_Positive","Normal","ER_Positive vs Normal",-4.73806149375017,6.96364205623627,59.375992290537,7.46818752263118e-07,9.1864827993546e-05,"Normal_higher"
"BID","Luminal_Epithelial","ER_Positive","Normal","ER_Positive vs Normal",-2.52280399135489,5.85616415545417,59.0431940748899,7.9565191866143e-07,9.68322737575156e-05,"Normal_higher"
"AMN","Luminal_Epithelial","ER_Positive","Normal","ER_Positive vs Normal",-4.81090877581602,0.489726678541119,49.1064770808818,8.00106746580391e-07,9.68322737575156e-05,"Normal_higher"
"B3GNT5","Luminal_Epithelial","ER_Positive","Normal","ER_Positive vs Normal",-5.87406992431715,2.39919140788431,50.7654735074224,8.36254980632039e-07,0.00010039742795476,"Normal_higher"
"SERPINB5","Luminal_Epithelial","ER_Positive","Normal","ER_Positive vs Normal",-5.2124914085358,2.89943718542335,49.108821948996,8.45000263324723e-07,0.000100642213902493,"Normal_higher"
"RNASE7","Luminal_Epithelial","ER_Positive","Normal","ER_Positive vs Normal",-9.53823714261807,1.94611931579808,90.9460376429955,8.54993876225495e-07,0.000101030654334772,"Normal_higher"
"PDLIM7","Luminal_Epithelial","ER_Positive","Normal","ER_Positive vs Normal",-2.32680868278226,4.54523060923207,57.7000453248186,8.6686231368487e-07,0.000101632833917725,"Normal_higher"
"GJB3","Luminal_Epithelial","ER_Positive","Normal","ER_Positive vs Normal",-5.97799266207337,2.82491358467712,50.1743417611459,8.74357931958076e-07,0.000101716972751123,"Normal_higher"
"RP11-20F24.2","Luminal_Epithelial","ER_Positive","Normal","ER_Positive vs Normal",6.42384129547379,1.4882970943892,47.0798683118452,8.91752933556372e-07,0.000102942586722158,"ER_Positive_higher"
"LINC01564","Luminal_Epithelial","ER_Positive","Normal","ER_Positive vs Normal",-7.42273252230736,1.52658868701592,48.730386175876,9.0048869750184e-07,0.000103157510560383,"Normal_higher"
"GABRP","Luminal_Epithelial","ER_Positive","Normal","ER_Positive vs Normal",-6.5396696517414,4.98672998647961,47.3634838080095,9.50831988933735e-07,0.000108099512560065,"Normal_higher"
"POPDC3","Luminal_Epithelial","ER_Positive","Normal","ER_Positive vs Normal",-5.74283701702478,1.65565424144759,48.7700976314299,1.00705014458094e-06,0.000113630086614483,"Normal_higher"
"ORM2","Luminal_Epithelial","ER_Positive","Normal","ER_Positive vs Normal",-7.69696682431342,4.13451017924268,49.3664946118319,1.01683262482825e-06,0.000113877665677593,"Normal_higher"
"PDXK","Luminal_Epithelial","ER_Positive","Normal","ER_Positive vs Normal",-2.61576351321094,5.95237805124289,56.643134734122,1.04193716265845e-06,0.000115381188314164,"Normal_higher"
"FAM212A","Luminal_Epithelial","ER_Positive","Normal","ER_Positive vs Normal",-4.18126594738117,0.0732396789353846,47.6110494720677,1.05889947039627e-06,0.000115381188314164,"Normal_higher"
"ARRDC3","Luminal_Epithelial","ER_Positive","Normal","ER_Positive vs Normal",-3.31285137532645,5.49134776172793,56.1188071599037,1.05960392630109e-06,0.000115381188314164,"Normal_higher"
"EGR1","Luminal_Epithelial","ER_Positive","Normal","ER_Positive vs Normal",4.27541344582232,8.20141237593867,56.4586265148231,1.06101179365327e-06,0.000115381188314164,"ER_Positive_higher"
"IL34","Luminal_Epithelial","ER_Positive","Normal","ER_Positive vs Normal",-5.76430317515272,3.35759249733456,47.328728897014,1.1079677986909e-06,0.000119463293113561,"Normal_higher"
"SOX10","Luminal_Epithelial","ER_Positive","Normal","ER_Positive vs Normal",-7.34196018050632,2.78864877052128,46.9597921468115,1.1144706494235e-06,0.000119463293113561,"Normal_higher"
"ESR1","Luminal_Epithelial","ER_Positive","Normal","ER_Positive vs Normal",5.80040809057224,7.18970173483637,55.3649933784838,1.20985189089066e-06,0.000128134900682374,"ER_Positive_higher"
"PLD1","Luminal_Epithelial","ER_Positive","Normal","ER_Positive vs Normal",-3.57026877243077,1.62772936572497,46.3722633244235,1.21244458565317e-06,0.000128134900682374,"Normal_higher"
"BATF3","Luminal_Epithelial","ER_Positive","Normal","ER_Positive vs Normal",-4.83433901508955,1.65334016141437,47.8682702173758,1.24282022044405e-06,0.000130426594742684,"Normal_higher"
"C2orf82","Luminal_Epithelial","ER_Positive","Normal","ER_Positive vs Normal",-3.90597998965631,3.78819793081928,48.8867936442702,1.34480856330719e-06,0.000140149597982993,"Normal_higher"
"TTC9","Luminal_Epithelial","ER_Positive","Normal","ER_Positive vs Normal",-3.14350283462557,4.66278717371353,53.2710526740147,1.35662019139212e-06,0.000140405511808425,"Normal_higher"
"LOXL4","Luminal_Epithelial","ER_Positive","Normal","ER_Positive vs Normal",-5.47484588513205,0.199298346609067,44.4001770195199,1.37272256439119e-06,0.000141098955642593,"Normal_higher"
"TCTN1","Luminal_Epithelial","ER_Positive","Normal","ER_Positive vs Normal",2.78427993413128,5.12954921523423,54.1083870382452,1.40635605069644e-06,0.000143572688794568,"ER_Positive_higher"
"LINC00592","Luminal_Epithelial","ER_Positive","Normal","ER_Positive vs Normal",-5.42843149671285,-0.394461037819549,46.599757524018,1.43311109730796e-06,0.000145315528630409,"Normal_higher"
"MANF","Luminal_Epithelial","ER_Positive","Normal","ER_Positive vs Normal",-2.56633708274611,7.21795584000425,53.5354058386741,1.49988363497685e-06,0.000150355911436716,"Normal_higher"
"C21orf33","Luminal_Epithelial","ER_Positive","Normal","ER_Positive vs Normal",4.23603661952865,2.70119460534562,52.2069748746497,1.51551027175717e-06,0.000150355911436716,"ER_Positive_higher"
"MARCO","Luminal_Epithelial","ER_Positive","Normal","ER_Positive vs Normal",-6.33704141671893,2.85721121123422,46.5964689390485,1.52101384114502e-06,0.000150355911436716,"Normal_higher"
"KCTD14","Luminal_Epithelial","ER_Positive","Normal","ER_Positive vs Normal",-4.54025099795194,2.64063486338718,44.5868707393763,1.52289588447929e-06,0.000150355911436716,"Normal_higher"
"ATG16L2","Luminal_Epithelial","ER_Positive","Normal","ER_Positive vs Normal",3.20055519672042,3.55616792360383,53.139241857857,1.55645768287566e-06,0.000152665100960229,"ER_Positive_higher"
"PRRT2","Luminal_Epithelial","ER_Positive","Normal","ER_Positive vs Normal",4.30318588057228,1.86937925132813,49.3650621523083,1.5774226536492e-06,0.000153716764696841,"ER_Positive_higher"
"NPNT","Luminal_Epithelial","ER_Positive","Normal","ER_Positive vs Normal",4.72104819328955,4.3586469523441,52.464581098912,1.70686381319168e-06,0.000164479998043888,"ER_Positive_higher"
"CD59","Luminal_Epithelial","ER_Positive","Normal","ER_Positive vs Normal",-2.76251301969964,9.46553590741275,52.3633297622359,1.71765604518585e-06,0.000164479998043888,"Normal_higher"
"APBB2","Luminal_Epithelial","ER_Positive","Normal","ER_Positive vs Normal",2.92963976663995,4.10701415089287,52.3357195232107,1.73842611202795e-06,0.000164479998043888,"ER_Positive_higher"
"TMEM156","Luminal_Epithelial","ER_Positive","Normal","ER_Positive vs Normal",-4.38283183796728,1.36206555536236,45.5863012533487,1.73881450126341e-06,0.000164479998043888,"Normal_higher"
"YBX1","Luminal_Epithelial","ER_Positive","Normal","ER_Positive vs Normal",-2.88904302868676,9.05749649573668,52.2502607648698,1.74267473105738e-06,0.000164479998043888,"Normal_higher"
"USP53","Luminal_Epithelial","ER_Positive","Normal","ER_Positive vs Normal",-2.96763978084383,5.66690827792206,51.8979538198527,1.79682176461394e-06,0.000168121518439699,"Normal_higher"
"C1QL2","Luminal_Epithelial","ER_Positive","Normal","ER_Positive vs Normal",-6.72321340312511,0.458742405711755,47.3564872976022,1.80366258871137e-06,0.000168121518439699,"Normal_higher"
"MPP6","Luminal_Epithelial","ER_Positive","Normal","ER_Positive vs Normal",-4.02718311137186,1.59140088403913,44.5954682026608,1.81906244276273e-06,0.000168510309126792,"Normal_higher"
"NXN","Luminal_Epithelial","ER_Positive","Normal","ER_Positive vs Normal",-4.48744361691556,0.711416545051612,45.0333940425506,1.85195495614695e-06,0.000170504834520843,"Normal_higher"
"PTCHD1","Luminal_Epithelial","ER_Positive","Normal","ER_Positive vs Normal",-4.5168645543898,0.421877594995648,44.1665835293367,1.88158011131253e-06,0.000172063526409692,"Normal_higher"
"RET","Luminal_Epithelial","ER_Positive","Normal","ER_Positive vs Normal",5.96133330077935,2.6333441542697,46.6027912005325,1.89181594306651e-06,0.000172063526409692,"ER_Positive_higher"
"COTL1","Luminal_Epithelial","ER_Positive","Normal","ER_Positive vs Normal",-3.4881246753824,5.45011078347868,50.9146844223418,1.94458501776859e-06,0.000175797514226827,"Normal_higher"
"MFGE8","Luminal_Epithelial","ER_Positive","Normal","ER_Positive vs Normal",-5.06824807435924,5.29167859411321,47.7939219310029,1.9949789276071e-06,0.000179273345907783,"Normal_higher"
"AKT3","Luminal_Epithelial","ER_Positive","Normal","ER_Positive vs Normal",-4.23196598363914,2.09866890447033,43.1605124965179,2.06704705330971e-06,0.000183734773268723,"Normal_higher"
"RRAGD","Luminal_Epithelial","ER_Positive","Normal","ER_Positive vs Normal",-4.1297361937805,2.8943358948789,42.6389579013179,2.06911285949319e-06,0.000183734773268723,"Normal_higher"
"APCDD1L","Luminal_Epithelial","ER_Positive","Normal","ER_Positive vs Normal",-5.66581453911823,0.259919760628303,42.0036403406106,2.11201301445418e-06,0.000186221203922281,"Normal_higher"
"FAM46C","Luminal_Epithelial","ER_Positive","Normal","ER_Positive vs Normal",3.44600379397533,3.47943623037629,50.5654376394873,2.12193149001866e-06,0.000186221203922281,"ER_Positive_higher"
"FAM234B","Luminal_Epithelial","ER_Positive","Normal","ER_Positive vs Normal",3.1220631864697,3.58440334233031,50.3351199705306,2.19686461313672e-06,0.000190641222629815,"ER_Positive_higher"
"GLIPR2","Luminal_Epithelial","ER_Positive","Normal","ER_Positive vs Normal",-4.868878918225,2.77140701275043,42.5887817084207,2.20505135098324e-06,0.000190641222629815,"Normal_higher"
"LRRC56","Luminal_Epithelial","ER_Positive","Normal","ER_Positive vs Normal",4.0009772055198,2.4071481221101,48.8561029808017,2.21040665939814e-06,0.000190641222629815,"ER_Positive_higher"
"MYB","Luminal_Epithelial","ER_Positive","Normal","ER_Positive vs Normal",4.70327738323377,4.6577377320226,50.3434143022024,2.22605606078133e-06,0.00019089384745226,"ER_Positive_higher"
"RECK","Luminal_Epithelial","ER_Positive","Normal","ER_Positive vs Normal",-4.62351126068553,0.459074985680754,42.7110171944792,2.24687934754126e-06,0.00019158476345768,"Normal_higher"
"FMNL2","Luminal_Epithelial","ER_Positive","Normal","ER_Positive vs Normal",-3.58810787504916,1.56183669745113,42.6381869164991,2.26782543076719e-06,0.000191887098013408,"Normal_higher"
"HES7","Luminal_Epithelial","ER_Positive","Normal","ER_Positive vs Normal",-3.58012038952629,1.06158356625788,43.3260530829412,2.28970943876312e-06,0.000191887098013408,"Normal_higher"
"LINC01186","Luminal_Epithelial","ER_Positive","Normal","ER_Positive vs Normal",-4.93284851262593,-0.245231067335253,41.387065197584,2.29452207921968e-06,0.000191887098013408,"Normal_higher"
"HPN","Luminal_Epithelial","ER_Positive","Normal","ER_Positive vs Normal",5.64671468928993,5.31676255388899,50.0374125918063,2.30157110964307e-06,0.000191887098013408,"ER_Positive_higher"
"SERPINB4","Luminal_Epithelial","ER_Positive","Normal","ER_Positive vs Normal",-16.9247100389268,7.8359416831369,128.868349890827,2.31935473550253e-06,0.000192221535637018,"Normal_higher"
"PRTFDC1","Luminal_Epithelial","ER_Positive","Normal","ER_Positive vs Normal",-4.96455879757436,0.0303861550322858,41.0228279067979,2.33120007236204e-06,0.000192221535637018,"Normal_higher"
"SPRY2","Luminal_Epithelial","ER_Positive","Normal","ER_Positive vs Normal",-4.88039784826402,1.52657197354556,43.7465442927108,2.35570544341363e-06,0.000193180719067259,"Normal_higher"
"CXCL1","Luminal_Epithelial","ER_Positive","Normal","ER_Positive vs Normal",-9.47265570606214,9.74263683458145,46.7125166678979,2.4682313908798e-06,0.000201308415668115,"Normal_higher"
"SERPINB3","Luminal_Epithelial","ER_Positive","Normal","ER_Positive vs Normal",-14.9792591590343,5.90075467986,126.471428770861,2.49748657477199e-06,0.000201869883044788,"Normal_higher"
"BICD1","Luminal_Epithelial","ER_Positive","Normal","ER_Positive vs Normal",-2.54323412427751,2.65164308473109,44.3691685247549,2.51238069394802e-06,0.000201869883044788,"Normal_higher"
"AC007255.8","Luminal_Epithelial","ER_Positive","Normal","ER_Positive vs Normal",6.84964835165975,2.23718665111656,41.2825573046129,2.5389839313049e-06,0.000201869883044788,"ER_Positive_higher"
"CCDC173","Luminal_Epithelial","ER_Positive","Normal","ER_Positive vs Normal",3.68744719549494,1.2621733338034,44.4659786679342,2.55322011876175e-06,0.000201869883044788,"ER_Positive_higher"
"RP11-597D13.9","Luminal_Epithelial","ER_Positive","Normal","ER_Positive vs Normal",3.75369981777208,3.55898400035759,49.0892852053766,2.56040096879611e-06,0.000201869883044788,"ER_Positive_higher"
"ELK3","Luminal_Epithelial","ER_Positive","Normal","ER_Positive vs Normal",-3.07867654979178,3.80676900032381,46.5939415115415,2.56897247547868e-06,0.000201869883044788,"Normal_higher"
"DEF8","Luminal_Epithelial","ER_Positive","Normal","ER_Positive vs Normal",-2.58139880608118,4.62366303270379,48.6136804304194,2.56927751459682e-06,0.000201869883044788,"Normal_higher"
"EIF4E2","Luminal_Epithelial","ER_Positive","Normal","ER_Positive vs Normal",-1.80195234182829,6.21247702510344,48.9600952623715,2.63958463305103e-06,0.000206313784313525,"Normal_higher"
"LRRC26","Luminal_Epithelial","ER_Positive","Normal","ER_Positive vs Normal",6.4270829691725,6.46420161489566,48.765122319929,2.70736632845848e-06,0.00021051526679366,"ER_Positive_higher"
"SIDT1","Luminal_Epithelial","ER_Positive","Normal","ER_Positive vs Normal",4.43705889076209,3.23678963999375,47.9382048564311,2.82404282697199e-06,0.000218455725280251,"ER_Positive_higher"
"SLC43A3","Luminal_Epithelial","ER_Positive","Normal","ER_Positive vs Normal",-4.84894422148842,4.75632904298275,44.1447239011215,2.89454768889919e-06,0.000221947769072177,"Normal_higher"
"TUBA4A","Luminal_Epithelial","ER_Positive","Normal","ER_Positive vs Normal",-3.07381527534905,5.97411504303323,48.135938685645,2.90536430467994e-06,0.000221947769072177,"Normal_higher"
"GPN2","Luminal_Epithelial","ER_Positive","Normal","ER_Positive vs Normal",-2.19496407323185,4.18979360292699,47.4842941899996,2.92119167354684e-06,0.000221947769072177,"Normal_higher"
"SPEF2","Luminal_Epithelial","ER_Positive","Normal","ER_Positive vs Normal",3.28674330321127,3.44203428504817,48.0257907487593,2.9283439912235e-06,0.000221947769072177,"ER_Positive_higher"
"DSG3","Luminal_Epithelial","ER_Positive","Normal","ER_Positive vs Normal",-6.20090513134497,1.7252574647784,40.7983459247562,2.99120110194333e-06,0.000225572637873686,"Normal_higher"
"PRKCDBP","Luminal_Epithelial","ER_Positive","Normal","ER_Positive vs Normal",-5.26880894466092,4.93478671906524,43.1084257643935,3.01585213234931e-06,0.000225591463198564,"Normal_higher"
"GLRX3","Luminal_Epithelial","ER_Positive","Normal","ER_Positive vs Normal",-2.48119530160685,6.3693977767141,47.9114206102023,3.02151556626317e-06,0.000225591463198564,"Normal_higher"
"RNF145","Luminal_Epithelial","ER_Positive","Normal","ER_Positive vs Normal",-4.53388045099138,4.90215746294955,44.7150785845549,3.19209589113442e-06,0.00023661831629775,"Normal_higher"
"MET","Luminal_Epithelial","ER_Positive","Normal","ER_Positive vs Normal",-4.84852278469989,3.60475259388374,40.1173881804099,3.20074086815775e-06,0.00023661831629775,"Normal_higher"
"EGR3","Luminal_Epithelial","ER_Positive","Normal","ER_Positive vs Normal",5.81435620223094,5.22036701988544,47.3428066363414,3.2335673473225e-06,0.000237873260692494,"ER_Positive_higher"
"TTC36","Luminal_Epithelial","ER_Positive","Normal","ER_Positive vs Normal",5.19913088667221,5.13216499638105,47.3549496434923,3.25855915363401e-06,0.000238542425456515,"ER_Positive_higher"
"CYP1A1","Luminal_Epithelial","ER_Positive","Normal","ER_Positive vs Normal",-12.1107801915035,4.33473430225425,70.9171870397078,3.3138184455418e-06,0.000241410065107989,"Normal_higher"
"SERPINB8","Luminal_Epithelial","ER_Positive","Normal","ER_Positive vs Normal",-3.63666702411652,3.16503163223294,41.3029046170913,3.34565706293683e-06,0.000242552055765667,"Normal_higher"
"COL8A2","Luminal_Epithelial","ER_Positive","Normal","ER_Positive vs Normal",-4.30592828843267,-0.399862298935344,38.8810455756925,3.41293163509157e-06,0.000246239735806823,"Normal_higher"
"CHI3L2","Luminal_Epithelial","ER_Positive","Normal","ER_Positive vs Normal",-4.94207138510084,5.65404019990384,45.0717317703782,3.45583392082122e-06,0.000247190866837495,"Normal_higher"
"PLIN2","Luminal_Epithelial","ER_Positive","Normal","ER_Positive vs Normal",-3.59088468036974,5.55485942506314,46.4694982446038,3.45905790870087e-06,0.000247190866837495,"Normal_higher"
"C3","Luminal_Epithelial","ER_Positive","Normal","ER_Positive vs Normal",-4.54234605823781,4.19824134812532,41.7488972053715,3.58855089704923e-06,0.000255229304796293,"Normal_higher"
"CNTNAP2","Luminal_Epithelial","ER_Positive","Normal","ER_Positive vs Normal",9.04119710144876,3.84182519170143,40.552613840482,3.62925802470196e-06,0.000255778243357072,"ER_Positive_higher"
"RP11-38L15.2","Luminal_Epithelial","ER_Positive","Normal","ER_Positive vs Normal",-4.16908678095383,-0.264512482139738,38.9737358228241,3.63746155007094e-06,0.000255778243357072,"Normal_higher"
"SERPINE2","Luminal_Epithelial","ER_Positive","Normal","ER_Positive vs Normal",-6.55898810722369,4.10599995273026,39.9495861421252,3.64740081817908e-06,0.000255778243357072,"Normal_higher"
"WI2-85898F10.1","Luminal_Epithelial","ER_Positive","Normal","ER_Positive vs Normal",6.55873913315338,1.76841679300909,38.8035474053127,3.66856039042354e-06,0.000256065515251563,"ER_Positive_higher"
"CTTNBP2NL","Luminal_Epithelial","ER_Positive","Normal","ER_Positive vs Normal",-1.95183915450615,3.38238201283871,44.8231971242633,3.72153899255162e-06,0.000258560813246399,"Normal_higher"
"REEP1","Luminal_Epithelial","ER_Positive","Normal","ER_Positive vs Normal",5.64545691303271,3.3344268415285,44.6721104498484,3.78634595467566e-06,0.000261661980278028,"ER_Positive_higher"
"SFN","Luminal_Epithelial","ER_Positive","Normal","ER_Positive vs Normal",-4.83505246298009,7.88647946915188,46.1461105720604,3.80104695812688e-06,0.000261661980278028,"Normal_higher"
"AC144450.2","Luminal_Epithelial","ER_Positive","Normal","ER_Positive vs Normal",5.10621429158176,2.48858794908103,43.5557322493922,3.83073400700523e-06,0.000262501485128436,"ER_Positive_higher"
"KIAA0226L","Luminal_Epithelial","ER_Positive","Normal","ER_Positive vs Normal",-3.99066377438632,0.118323004327427,39.9105538882579,3.87012055562032e-06,0.000263994996264519,"Normal_higher"
"LFNG","Luminal_Epithelial","ER_Positive","Normal","ER_Positive vs Normal",5.90817729376514,2.92391401697798,42.8946206633604,3.88988675440186e-06,0.000264142672051171,"ER_Positive_higher"
"COL6A1","Luminal_Epithelial","ER_Positive","Normal","ER_Positive vs Normal",-3.94057165793019,3.28653702794367,39.9714728530654,3.92045979515575e-06,0.000265019550206767,"Normal_higher"
"FAM198B","Luminal_Epithelial","ER_Positive","Normal","ER_Positive vs Normal",5.35325937810413,4.96008921190576,45.7991641537116,3.98906340512427e-06,0.000268447867805829,"ER_Positive_higher"
"STAC","Luminal_Epithelial","ER_Positive","Normal","ER_Positive vs Normal",-5.82480528715247,-0.208234477217885,41.6666491553956,4.01642609273891e-06,0.000269063400297652,"Normal_higher"
"ALDH1L2","Luminal_Epithelial","ER_Positive","Normal","ER_Positive vs Normal",-4.44743399188165,-0.621856964560636,38.173763304985,4.03406843919315e-06,0.000269063400297652,"Normal_higher"
"HACD1","Luminal_Epithelial","ER_Positive","Normal","ER_Positive vs Normal",-3.56685531174812,2.36227576042598,38.5828660559598,4.07939490268451e-06,0.000270882651790206,"Normal_higher"
"CIB3","Luminal_Epithelial","ER_Positive","Normal","ER_Positive vs Normal",6.83337709406545,0.54118400043123,39.1404097626317,4.18950232197585e-06,0.000276968552184544,"ER_Positive_higher"
"KCCAT211","Luminal_Epithelial","ER_Positive","Normal","ER_Positive vs Normal",-5.4666952131258,3.54444932082368,38.3865375122182,4.28457518624037e-06,0.000281689851018925,"Normal_higher"
"KIAA1324","Luminal_Epithelial","ER_Positive","Normal","ER_Positive vs Normal",3.31537250881726,6.03999450827798,45.2385944757631,4.29845911130365e-06,0.000281689851018925,"ER_Positive_higher"
"VGLL1","Luminal_Epithelial","ER_Positive","Normal","ER_Positive vs Normal",-5.3375969353678,1.87864909204667,39.5786408030357,4.61517360033275e-06,0.000301130044435624,"Normal_higher"
"FEZ1","Luminal_Epithelial","ER_Positive","Normal","ER_Positive vs Normal",-4.87504067510036,0.436243410958303,37.9035942855543,4.69647857629527e-06,0.00030510845885049,"Normal_higher"
"CENPW","Luminal_Epithelial","ER_Positive","Normal","ER_Positive vs Normal",-3.71227367315935,4.38954435935383,42.3994660899631,4.8430039751642e-06,0.000312175676222262,"Normal_higher"
"MAP1B","Luminal_Epithelial","ER_Positive","Normal","ER_Positive vs Normal",-4.83947631057521,4.13290701469535,38.9385207933069,4.84686696606831e-06,0.000312175676222262,"Normal_higher"
"GPR160","Luminal_Epithelial","ER_Positive","Normal","ER_Positive vs Normal",3.23139446972631,6.10254085933865,44.0846079420006,5.03180457723573e-06,0.000322702099532378,"ER_Positive_higher"
"CCNA1","Luminal_Epithelial","ER_Positive","Normal","ER_Positive vs Normal",-7.19034274301762,0.486377124632771,45.7162998315458,5.08590954045734e-06,0.00032478401903678,"Normal_higher"
"RP11-481J2.3","Luminal_Epithelial","ER_Positive","Normal","ER_Positive vs Normal",-3.19696601223428,1.26738737825789,37.8067225761457,5.11996469095471e-06,0.000325573347954056,"Normal_higher"
"ABL2","Luminal_Epithelial","ER_Positive","Normal","ER_Positive vs Normal",-2.69880614224639,4.82132363203751,43.5399482144713,5.15692093511854e-06,0.000326539715077316,"Normal_higher"
"SLCO4A1","Luminal_Epithelial","ER_Positive","Normal","ER_Positive vs Normal",-5.07065288569709,1.73345698810685,38.8852638308409,5.18351898251769e-06,0.000326844829288416,"Normal_higher"
"EMP3","Luminal_Epithelial","ER_Positive","Normal","ER_Positive vs Normal",-2.93817910412119,5.45448324459856,43.6593099451125,5.22587830647425e-06,0.00032736540575814,"Normal_higher"
"SERPINA11","Luminal_Epithelial","ER_Positive","Normal","ER_Positive vs Normal",7.30757986412356,1.83525910695776,38.0863230033254,5.23540330392174e-06,0.00032736540575814,"ER_Positive_higher"
"SLC7A8","Luminal_Epithelial","ER_Positive","Normal","ER_Positive vs Normal",4.73176939951362,4.65221760738942,43.6748450946072,5.35424207954419e-06,0.000333407099119169,"ER_Positive_higher"
"IRX1","Luminal_Epithelial","ER_Positive","Normal","ER_Positive vs Normal",-5.05159420341436,1.50636496919009,38.6520826181119,5.39117551986244e-06,0.00033431971498585,"Normal_higher"
"ERBB4","Luminal_Epithelial","ER_Positive","Normal","ER_Positive vs Normal",4.51343477102103,4.97560055575487,43.4703326871399,5.52284747244061e-06,0.000336960558039183,"ER_Positive_higher"
"SMOC1","Luminal_Epithelial","ER_Positive","Normal","ER_Positive vs Normal",-5.33242468060931,0.937104421081275,37.1619627730205,5.52298026821956e-06,0.000336960558039183,"Normal_higher"
"ETV5","Luminal_Epithelial","ER_Positive","Normal","ER_Positive vs Normal",-3.76556462949676,1.14889135508928,38.0795740006075,5.55281824408291e-06,0.000336960558039183,"Normal_higher"
"LDLRAD4","Luminal_Epithelial","ER_Positive","Normal","ER_Positive vs Normal",4.56468485775595,5.78068493511404,43.3844742414043,5.57015810722403e-06,0.000336960558039183,"ER_Positive_higher"
"FAM207A","Luminal_Epithelial","ER_Positive","Normal","ER_Positive vs Normal",-2.00139384769703,5.65724472452687,43.3494881245765,5.57423504933555e-06,0.000336960558039183,"Normal_higher"
"CREB3L4","Luminal_Epithelial","ER_Positive","Normal","ER_Positive vs Normal",3.11685429193566,6.15706477377515,43.3358239180496,5.5816740043961e-06,0.000336960558039183,"ER_Positive_higher"
"RAMP3","Luminal_Epithelial","ER_Positive","Normal","ER_Positive vs Normal",8.24909708764584,2.93863666850977,37.9798783777694,5.60176081155616e-06,0.000336960558039183,"ER_Positive_higher"
"SLC40A1","Luminal_Epithelial","ER_Positive","Normal","ER_Positive vs Normal",5.5911858918572,7.32892272577464,43.293118560099,5.61338971878429e-06,0.000336960558039183,"ER_Positive_higher"
"SKAP1","Luminal_Epithelial","ER_Positive","Normal","ER_Positive vs Normal",3.16658902584955,4.58680852742005,43.2900924989096,5.65524776449952e-06,0.000338120729887826,"ER_Positive_higher"
"ARID5B","Luminal_Epithelial","ER_Positive","Normal","ER_Positive vs Normal",-2.43812869478181,6.30973907455506,43.2023947492317,5.70074766071029e-06,0.000339488572001108,"Normal_higher"
"RP1-78O14.1","Luminal_Epithelial","ER_Positive","Normal","ER_Positive vs Normal",-5.11623006225297,0.243671021043118,36.0578105060864,5.73482981230305e-06,0.000340168343846767,"Normal_higher"
"TXNRD1","Luminal_Epithelial","ER_Positive","Normal","ER_Positive vs Normal",-3.54983865219829,6.27509674563945,42.9837324988023,5.81115663079192e-06,0.000343338691174387,"Normal_higher"
"ARL4C","Luminal_Epithelial","ER_Positive","Normal","ER_Positive vs Normal",-3.7835950549184,3.35074787217667,38.1396992034687,5.90137811727286e-06,0.000347054940885963,"Normal_higher"
"GATA3","Luminal_Epithelial","ER_Positive","Normal","ER_Positive vs Normal",3.10500991572324,8.45357115890424,42.8888946131788,5.92030818063614e-06,0.000347054940885963,"ER_Positive_higher"
"PRLR","Luminal_Epithelial","ER_Positive","Normal","ER_Positive vs Normal",3.28882476172119,6.08985306084697,42.8452079853843,5.98407979918573e-06,0.000349285452449375,"ER_Positive_higher"
"MAP1LC3B","Luminal_Epithelial","ER_Positive","Normal","ER_Positive vs Normal",-1.82604621577136,7.44218993277228,42.80959614661,6.00490749196634e-06,0.000349285452449375,"Normal_higher"
"C1orf168","Luminal_Epithelial","ER_Positive","Normal","ER_Positive vs Normal",6.25242401015427,2.29039798622731,37.2469407881509,6.04550155144389e-06,0.000350288964411268,"ER_Positive_higher"
"S100A8","Luminal_Epithelial","ER_Positive","Normal","ER_Positive vs Normal",-8.59311724388127,10.1567158537196,42.3044172107568,6.07650205292921e-06,0.000350731024262726,"Normal_higher"
"RNASE1","Luminal_Epithelial","ER_Positive","Normal","ER_Positive vs Normal",-4.20332316255306,4.29884399195068,39.6538988048952,6.11869738264858e-06,0.000351813377859798,"Normal_higher"
"TMEM67","Luminal_Epithelial","ER_Positive","Normal","ER_Positive vs Normal",2.1313703005831,3.65073728138,42.5285524282938,6.20292922768115e-06,0.000355295263052714,"ER_Positive_higher"
"OVOS2","Luminal_Epithelial","ER_Positive","Normal","ER_Positive vs Normal",-8.41846195579634,7.94813592408134,38.4654139527634,6.25581699166657e-06,0.000356962150547301,"Normal_higher"
"CEACAM1","Luminal_Epithelial","ER_Positive","Normal","ER_Positive vs Normal",-2.5981607176552,3.79772835323213,41.1176322126327,6.2959668000572e-06,0.000357892324880524,"Normal_higher"
"PGAP3","Luminal_Epithelial","ER_Positive","Normal","ER_Positive vs Normal",2.8572419319274,3.3507024573316,42.2762031572888,6.3827710532763e-06,0.000361457529043462,"ER_Positive_higher"
"IL32","Luminal_Epithelial","ER_Positive","Normal","ER_Positive vs Normal",-3.81728170314433,6.95366567334951,42.2834022090881,6.47374470054878e-06,0.000365231153086975,"Normal_higher"
"SAA2","Luminal_Epithelial","ER_Positive","Normal","ER_Positive vs Normal",-9.34676132187349,9.5803248059253,40.0375906947902,6.50185450604099e-06,0.00036544318566351,"Normal_higher"
"SNED1","Luminal_Epithelial","ER_Positive","Normal","ER_Positive vs Normal",5.05951937881151,1.60066828645086,37.2405763779734,6.60294543762749e-06,0.000369740306651029,"ER_Positive_higher"
"CHST3","Luminal_Epithelial","ER_Positive","Normal","ER_Positive vs Normal",-3.71840676795562,1.23118000790735,36.8053926620034,6.7544785972028e-06,0.000376819555049154,"Normal_higher"
"KRT5","Luminal_Epithelial","ER_Positive","Normal","ER_Positive vs Normal",-6.17620033855585,5.13958243106039,36.4170811045121,6.80955769128483e-06,0.000378485304715227,"Normal_higher"
"MVD","Luminal_Epithelial","ER_Positive","Normal","ER_Positive vs Normal",-2.24957397370421,4.24118857221251,41.3259153467531,6.89236640858207e-06,0.000380235827871868,"Normal_higher"
"KIAA0825","Luminal_Epithelial","ER_Positive","Normal","ER_Positive vs Normal",2.81429354321114,1.40917231701656,39.2338578370312,6.90371576381548e-06,0.000380235827871868,"ER_Positive_higher"
"KRT17","Luminal_Epithelial","ER_Positive","Normal","ER_Positive vs Normal",-7.67891952347277,8.82350450268418,41.047601434466,6.91706410401946e-06,0.000380235827871868,"Normal_higher"
"CCL2","Luminal_Epithelial","ER_Positive","Normal","ER_Positive vs Normal",-8.25748700486586,8.44154633577487,39.3476011717366,7.10224365351604e-06,0.00038688380704211,"Normal_higher"
"RAB26","Luminal_Epithelial","ER_Positive","Normal","ER_Positive vs Normal",4.66986365586011,2.79047848067692,40.6296233197198,7.1036780000192e-06,0.00038688380704211,"ER_Positive_higher"
"GADD45A","Luminal_Epithelial","ER_Positive","Normal","ER_Positive vs Normal",-3.19560672320959,6.10876951863992,41.5877781737533,7.11534155684829e-06,0.00038688380704211,"Normal_higher"
"GSTO1","Luminal_Epithelial","ER_Positive","Normal","ER_Positive vs Normal",-2.57638590007982,7.00095198546909,41.3577904304838,7.41025363849517e-06,0.000401464535570025,"Normal_higher"
"ACSL1","Luminal_Epithelial","ER_Positive","Normal","ER_Positive vs Normal",-3.32887728453257,4.40870027095876,39.9287224845573,7.6544282677623e-06,0.000413201456886003,"Normal_higher"
"MAPK10","Luminal_Epithelial","ER_Positive","Normal","ER_Positive vs Normal",4.94576291426426,1.82941471789064,37.3954491603723,7.68443440086674e-06,0.000413334433884613,"ER_Positive_higher"
"KIF12","Luminal_Epithelial","ER_Positive","Normal","ER_Positive vs Normal",4.38942509312448,5.01878482246848,40.9730000168767,7.88052079524788e-06,0.000421362976505292,"ER_Positive_higher"
"CFAP99","Luminal_Epithelial","ER_Positive","Normal","ER_Positive vs Normal",5.87199087278391,0.159063172339782,33.5385295738509,7.88985116265657e-06,0.000421362976505292,"ER_Positive_higher"
"DOK7","Luminal_Epithelial","ER_Positive","Normal","ER_Positive vs Normal",5.7626873386319,1.57332465298025,34.6842803208622,7.98469691170159e-06,0.000424916122531581,"ER_Positive_higher"
"KCNN4","Luminal_Epithelial","ER_Positive","Normal","ER_Positive vs Normal",-4.16881458252701,4.55048674582113,38.6048384992601,8.04395776614736e-06,0.000426557152638069,"Normal_higher"
"RP5-1061H20.4","Luminal_Epithelial","ER_Positive","Normal","ER_Positive vs Normal",4.55480117831844,0.675736812783816,33.6095055362682,8.21112178597171e-06,0.000433888396627033,"ER_Positive_higher"
"SRSF12","Luminal_Epithelial","ER_Positive","Normal","ER_Positive vs Normal",-3.91825708786772,0.128201803970603,35.6776244665394,8.4774811039656e-06,0.000446391434832322,"Normal_higher"
"COL17A1","Luminal_Epithelial","ER_Positive","Normal","ER_Positive vs Normal",-4.56670897816558,1.07021335380979,36.0015072097568,8.55015855893983e-06,0.000448644159069965,"Normal_higher"
"KRT81","Luminal_Epithelial","ER_Positive","Normal","ER_Positive vs Normal",-7.48930079446125,8.8292404291874,39.7721954683652,8.59607739544195e-06,0.000449481998165148,"Normal_higher"
"NTMT1","Luminal_Epithelial","ER_Positive","Normal","ER_Positive vs Normal",-1.85045079872091,5.96644465948592,40.2197857651905,8.75868909862293e-06,0.000456394608691091,"Normal_higher"
"MRPL39","Luminal_Epithelial","ER_Positive","Normal","ER_Positive vs Normal",-1.9415450288847,4.53287901581813,39.9590807599346,8.80644562401571e-06,0.000457295257714892,"Normal_higher"
"JRKL","Luminal_Epithelial","ER_Positive","Normal","ER_Positive vs Normal",-3.01842427079764,1.79134472902887,34.2891059169264,8.9269162320032e-06,0.000461952523771283,"Normal_higher"
"MMP3","Luminal_Epithelial","ER_Positive","Normal","ER_Positive vs Normal",-6.20331540946229,1.53761763704834,34.1745602968854,9.09797661587006e-06,0.000469017851993097,"Normal_higher"
"TMEM40","Luminal_Epithelial","ER_Positive","Normal","ER_Positive vs Normal",-4.66817309657872,3.87269463238466,35.0671114911161,9.12595540627602e-06,0.000469017851993097,"Normal_higher"
"SLC16A7","Luminal_Epithelial","ER_Positive","Normal","ER_Positive vs Normal",-2.83347556998108,0.287728049723515,35.3702679126264,9.20582884279673e-06,0.000470246249460942,"Normal_higher"
"SNAPC1","Luminal_Epithelial","ER_Positive","Normal","ER_Positive vs Normal",-3.00609479422059,4.91143554165091,39.4622662318396,9.21252731002311e-06,0.000470246249460942,"Normal_higher"
"ANXA8","Luminal_Epithelial","ER_Positive","Normal","ER_Positive vs Normal",-5.81531336852346,-0.261142251380564,36.5386105812793,9.2465600745023e-06,0.000470383481484936,"Normal_higher"
"NALCN","Luminal_Epithelial","ER_Positive","Normal","ER_Positive vs Normal",-7.42412765484475,0.0626390523973982,56.0042665525278,9.57114505041563e-06,0.000485250587066173,"Normal_higher"
"SLC6A20","Luminal_Epithelial","ER_Positive","Normal","ER_Positive vs Normal",-4.55835509967859,0.135567042962488,33.8700807299569,9.73503077598556e-06,0.000491554919726796,"Normal_higher"
"PCSK4","Luminal_Epithelial","ER_Positive","Normal","ER_Positive vs Normal",3.32481282092224,2.31555040435821,38.5991400701482,9.7785136452852e-06,0.000491554919726796,"ER_Positive_higher"
"CXCL3","Luminal_Epithelial","ER_Positive","Normal","ER_Positive vs Normal",-6.20107809482338,6.80568278126576,38.0249593859846,9.79375764631918e-06,0.000491554919726796,"Normal_higher"
"EVL","Luminal_Epithelial","ER_Positive","Normal","ER_Positive vs Normal",4.15871847353458,6.46704695368146,39.2634800123152,1.00812976394594e-05,0.000504300112251222,"ER_Positive_higher"
"RHCG","Luminal_Epithelial","ER_Positive","Normal","ER_Positive vs Normal",-7.24363687677623,3.72283181252198,35.0038421167794,1.01987453824224e-05,0.00050787143862156,"Normal_higher"
"TIMM44","Luminal_Epithelial","ER_Positive","Normal","ER_Positive vs Normal",-2.31930325819917,5.11696886913641,39.0711694979042,1.02203754557014e-05,0.00050787143862156,"Normal_higher"
"MAP2","Luminal_Epithelial","ER_Positive","Normal","ER_Positive vs Normal",-3.80943159705397,2.5329857780767,33.585109999333,1.030532937467e-05,0.000510402897444464,"Normal_higher"
"KCNF1","Luminal_Epithelial","ER_Positive","Normal","ER_Positive vs Normal",4.64388005388814,0.365421035347424,31.5048255500177,1.03542497169425e-05,0.000511138899678144,"ER_Positive_higher"
"FAM57B","Luminal_Epithelial","ER_Positive","Normal","ER_Positive vs Normal",5.34427897798258,0.563361590319406,31.6833205029036,1.05421022420857e-05,0.000518329436210013,"ER_Positive_higher"
"LINC01615","Luminal_Epithelial","ER_Positive","Normal","ER_Positive vs Normal",-5.90960399855328,0.788356618065331,32.9467209010988,1.05689883041423e-05,0.000518329436210013,"Normal_higher"
"RIBC1","Luminal_Epithelial","ER_Positive","Normal","ER_Positive vs Normal",3.2526639690529,2.09706007243096,37.756108119058,1.0677459449674e-05,0.000521943433098559,"ER_Positive_higher"
"DYNC2H1","Luminal_Epithelial","ER_Positive","Normal","ER_Positive vs Normal",3.13029764369988,2.92736860132811,38.5763497904002,1.07181045958521e-05,0.000522229206720623,"ER_Positive_higher"
"RGMA","Luminal_Epithelial","ER_Positive","Normal","ER_Positive vs Normal",-4.56565835099579,1.65860582111694,34.5068754705456,1.07811158892476e-05,0.00052294147295247,"Normal_higher"
"CFLAR","Luminal_Epithelial","ER_Positive","Normal","ER_Positive vs Normal",-2.0584205223224,5.55199474975554,38.7851109330386,1.08224763591064e-05,0.00052294147295247,"Normal_higher"
"MYL12A","Luminal_Epithelial","ER_Positive","Normal","ER_Positive vs Normal",-1.87623170298531,8.98703121605579,38.7627170050818,1.0837262483389e-05,0.00052294147295247,"Normal_higher"
"PNPLA7","Luminal_Epithelial","ER_Positive","Normal","ER_Positive vs Normal",3.6093520362558,1.13960516341237,35.1838083665509,1.09712842518792e-05,0.000527711739640869,"ER_Positive_higher"
"CCDC78","Luminal_Epithelial","ER_Positive","Normal","ER_Positive vs Normal",4.57174196309703,2.65475145920088,37.5989426402956,1.11330496577839e-05,0.000530399498354575,"ER_Positive_higher"
"SQRDL","Luminal_Epithelial","ER_Positive","Normal","ER_Positive vs Normal",-2.86830098029223,6.24946854302282,38.5980208722357,1.11506336874333e-05,0.000530399498354575,"Normal_higher"
"C5orf49","Luminal_Epithelial","ER_Positive","Normal","ER_Positive vs Normal",4.37079546029674,3.18068899164281,38.2438435648962,1.11566368925904e-05,0.000530399498354575,"ER_Positive_higher"
"SOSTDC1","Luminal_Epithelial","ER_Positive","Normal","ER_Positive vs Normal",-5.4684023382977,1.06685781786218,33.4723560170132,1.11685374478607e-05,0.000530399498354575,"Normal_higher"
"TP53I3","Luminal_Epithelial","ER_Positive","Normal","ER_Positive vs Normal",-2.9801928843163,4.13196013787682,37.3994978013406,1.13879168552557e-05,0.000538175674072833,"Normal_higher"
"MYO5B","Luminal_Epithelial","ER_Positive","Normal","ER_Positive vs Normal",-2.18586962771941,4.33814385010533,38.0898986963194,1.14040024225469e-05,0.000538175674072833,"Normal_higher"
"SMIM12","Luminal_Epithelial","ER_Positive","Normal","ER_Positive vs Normal",-1.8021468778503,5.39503768296864,38.341202263593,1.15809277959556e-05,0.000543719433232955,"Normal_higher"
"SEMA7A","Luminal_Epithelial","ER_Positive","Normal","ER_Positive vs Normal",-4.52751321148903,0.529479659813311,33.7159358245253,1.162704578619e-05,0.000543719433232955,"Normal_higher"
"ETS1","Luminal_Epithelial","ER_Positive","Normal","ER_Positive vs Normal",-4.86026150322403,3.13707514830603,32.9783484163642,1.16301684592376e-05,0.000543719433232955,"Normal_higher"
"AC074117.10","Luminal_Epithelial","ER_Positive","Normal","ER_Positive vs Normal",-2.79651908804764,2.13665068793814,33.3653780945931,1.18120650623346e-05,0.00055048143921208,"Normal_higher"
"LY96","Luminal_Epithelial","ER_Positive","Normal","ER_Positive vs Normal",-3.28141769645135,1.41930812031789,33.1803372792389,1.18481711778171e-05,0.00055048143921208,"Normal_higher"
"F7","Luminal_Epithelial","ER_Positive","Normal","ER_Positive vs Normal",6.5976360054072,1.41937753614508,32.6280801094416,1.19937395644239e-05,0.000555524844578114,"ER_Positive_higher"
"MLPH","Luminal_Epithelial","ER_Positive","Normal","ER_Positive vs Normal",2.7244651101696,7.47593149965969,38.0445724979391,1.20958876579676e-05,0.000558532264871138,"ER_Positive_higher"
"CFL2","Luminal_Epithelial","ER_Positive","Normal","ER_Positive vs Normal",-2.5885790056416,4.36298741345268,37.3722974882737,1.23954618883628e-05,0.0005706094986462,"Normal_higher"
"AKR1B1","Luminal_Epithelial","ER_Positive","Normal","ER_Positive vs Normal",-7.50346342176204,6.1153088587891,32.6698732241871,1.25860188108286e-05,0.000577609737902462,"Normal_higher"
"LMBRD2","Luminal_Epithelial","ER_Positive","Normal","ER_Positive vs Normal",2.32772800898061,3.61184962869278,37.718204323494,1.26628215129535e-05,0.000579362690380772,"ER_Positive_higher"
"YARS","Luminal_Epithelial","ER_Positive","Normal","ER_Positive vs Normal",-1.99817335077978,4.90241727546136,37.6001950784541,1.2806462859151e-05,0.000584153763304799,"Normal_higher"
"FBP1","Luminal_Epithelial","ER_Positive","Normal","ER_Positive vs Normal",3.01989565284914,6.37548136852983,37.6584559124623,1.28686425110269e-05,0.000584952230969957,"ER_Positive_higher"
"CYP1B1","Luminal_Epithelial","ER_Positive","Normal","ER_Positive vs Normal",-4.40303176109583,5.33912666826513,36.5980812007698,1.29280492781867e-05,0.000584952230969957,"Normal_higher"
"MED18","Luminal_Epithelial","ER_Positive","Normal","ER_Positive vs Normal",-2.33019806016224,2.38003292138298,34.0839604160351,1.29942365447332e-05,0.000584952230969957,"Normal_higher"
"CLEC7A","Luminal_Epithelial","ER_Positive","Normal","ER_Positive vs Normal",-3.88270941495383,0.842141999839351,33.6395017706954,1.30149767926824e-05,0.000584952230969957,"Normal_higher"
"C15orf52","Luminal_Epithelial","ER_Positive","Normal","ER_Positive vs Normal",-3.60690501575883,2.48292962868563,32.4757449539959,1.30188608745229e-05,0.000584952230969957,"Normal_higher"
"CCL4L2","Luminal_Epithelial","ER_Positive","Normal","ER_Positive vs Normal",5.82830443473173,0.29885932341424,31.0736468598365,1.31219686490877e-05,0.000586495457227948,"ER_Positive_higher"
"SPCS3","Luminal_Epithelial","ER_Positive","Normal","ER_Positive vs Normal",-1.92071296844149,6.39233226233287,37.5453466529243,1.31326814318933e-05,0.000586495457227948,"Normal_higher"
"REEP3","Luminal_Epithelial","ER_Positive","Normal","ER_Positive vs Normal",-1.66902764514424,6.1070387538014,37.5276737021832,1.3170451728248e-05,0.000586495457227948,"Normal_higher"
"SYTL5","Luminal_Epithelial","ER_Positive","Normal","ER_Positive vs Normal",4.79564555831122,0.992832449881259,31.8773267394997,1.33534425963701e-05,0.000591545608736967,"ER_Positive_higher"
"AC024560.2","Luminal_Epithelial","ER_Positive","Normal","ER_Positive vs Normal",-4.69809840717733,-0.585092821374978,32.2467278390366,1.33967764640647e-05,0.000591545608736967,"Normal_higher"
"PROM1","Luminal_Epithelial","ER_Positive","Normal","ER_Positive vs Normal",-6.10616555295371,4.95483936294569,32.6143625551565,1.3402112812059e-05,0.000591545608736967,"Normal_higher"
"RP4-541C22.5","Luminal_Epithelial","ER_Positive","Normal","ER_Positive vs Normal",-7.0058617393655,-0.281436586159633,52.273900741565,1.35105782298616e-05,0.000594584303505961,"Normal_higher"
"TGFA","Luminal_Epithelial","ER_Positive","Normal","ER_Positive vs Normal",-3.93243729863215,2.80196198748919,32.3182068901365,1.36221590207982e-05,0.000595686033644079,"Normal_higher"
"CMBL","Luminal_Epithelial","ER_Positive","Normal","ER_Positive vs Normal",3.60027470945498,5.86890649028614,37.3081949600142,1.36236473306561e-05,0.000595686033644079,"ER_Positive_higher"
"ADRA2A","Luminal_Epithelial","ER_Positive","Normal","ER_Positive vs Normal",7.02800588345692,2.58164856260266,32.3287879251951,1.36546941809531e-05,0.000595686033644079,"ER_Positive_higher"
"CCDC170","Luminal_Epithelial","ER_Positive","Normal","ER_Positive vs Normal",4.39848918543503,4.59460312997644,37.2633296912029,1.3787290046636e-05,0.000599727135448888,"ER_Positive_higher"
"CELSR1","Luminal_Epithelial","ER_Positive","Normal","ER_Positive vs Normal",2.74127430956009,4.16121298136386,37.0833100334685,1.4133322679361e-05,0.000613002235402227,"ER_Positive_higher"
"RIT1","Luminal_Epithelial","ER_Positive","Normal","ER_Positive vs Normal",-1.77466209164705,4.52376447725486,36.791274498148,1.44006605679594e-05,0.000621008580643806,"Normal_higher"
"RP11-803D5.4","Luminal_Epithelial","ER_Positive","Normal","ER_Positive vs Normal",-4.28105988378712,1.36522325336702,32.9745969205783,1.44006787541843e-05,0.000621008580643806,"Normal_higher"
"OGFRL1","Luminal_Epithelial","ER_Positive","Normal","ER_Positive vs Normal",-2.93168160198618,4.83707963353387,36.53389070018,1.45219963801214e-05,0.000624445844345218,"Normal_higher"
"HMGA1","Luminal_Epithelial","ER_Positive","Normal","ER_Positive vs Normal",-2.93909712346635,7.76114693839037,36.8713542901759,1.4569579968435e-05,0.000624701961675154,"Normal_higher"
"RP11-479O9.4","Luminal_Epithelial","ER_Positive","Normal","ER_Positive vs Normal",5.64021187256189,1.30814174920093,31.1574902983095,1.46931787175716e-05,0.000628206646765233,"ER_Positive_higher"
"MATN3","Luminal_Epithelial","ER_Positive","Normal","ER_Positive vs Normal",3.68024902464448,3.184847082296,36.5399409658381,1.49308570116185e-05,0.000636555031742496,"ER_Positive_higher"
"AC025171.1","Luminal_Epithelial","ER_Positive","Normal","ER_Positive vs Normal",4.68800134231241,0.845941386553138,31.0235239483917,1.5094931496788e-05,0.000641727016918688,"ER_Positive_higher"
"OSGIN1","Luminal_Epithelial","ER_Positive","Normal","ER_Positive vs Normal",-3.566771580593,3.62486488436445,33.9008563489118,1.52847288676117e-05,0.000647960243266239,"Normal_higher"
"TTYH1","Luminal_Epithelial","ER_Positive","Normal","ER_Positive vs Normal",-3.39950122892478,2.74042471113411,32.1861450738315,1.56230577679903e-05,0.000660437261758397,"Normal_higher"
"PHOSPHO2","Luminal_Epithelial","ER_Positive","Normal","ER_Positive vs Normal",2.25791233201107,4.11510020598511,36.3504332893728,1.58338013758455e-05,0.000667465891144139,"ER_Positive_higher"
"TTC16","Luminal_Epithelial","ER_Positive","Normal","ER_Positive vs Normal",5.77568588452006,-1.02819551050243,32.4116648659959,1.59706329939916e-05,0.000669947779800002,"ER_Positive_higher"
"RANBP3L","Luminal_Epithelial","ER_Positive","Normal","ER_Positive vs Normal",8.32766676777013,2.2087799711418,33.8276013714229,1.60499207357788e-05,0.000669947779800002,"ER_Positive_higher"
"ABCC8","Luminal_Epithelial","ER_Positive","Normal","ER_Positive vs Normal",5.23824143802462,1.28507242025689,31.1685239258957,1.60897708316444e-05,0.000669947779800002,"ER_Positive_higher"
"SPHK1","Luminal_Epithelial","ER_Positive","Normal","ER_Positive vs Normal",-4.80598280371868,4.37938976806514,32.8480243771998,1.6111142839776e-05,0.000669947779800002,"Normal_higher"
"RP11-492E3.2","Luminal_Epithelial","ER_Positive","Normal","ER_Positive vs Normal",-5.13330631654211,0.392767822686186,30.9618255268501,1.6115889152249e-05,0.000669947779800002,"Normal_higher"
"ANKRD36C","Luminal_Epithelial","ER_Positive","Normal","ER_Positive vs Normal",-3.0349284045433,5.59577177955673,36.0699310418191,1.62862216306876e-05,0.000673328920208211,"Normal_higher"
"RCC1","Luminal_Epithelial","ER_Positive","Normal","ER_Positive vs Normal",-2.24852630951704,4.81198883990285,36.0137657643577,1.62869592880376e-05,0.000673328920208211,"Normal_higher"
"PFKP","Luminal_Epithelial","ER_Positive","Normal","ER_Positive vs Normal",-4.52530483495636,5.03500005183313,34.5487251749498,1.64637336588274e-05,0.000678767173126435,"Normal_higher"
"PTTG1","Luminal_Epithelial","ER_Positive","Normal","ER_Positive vs Normal",-3.66680009907235,4.11826515625147,34.2593728413624,1.65192362204945e-05,0.000679189528660165,"Normal_higher"
"TRAM1L1","Luminal_Epithelial","ER_Positive","Normal","ER_Positive vs Normal",3.3043752967936,1.6635730272161,34.3255306396474,1.66370083222019e-05,0.000681363322037905,"ER_Positive_higher"
"HHAT","Luminal_Epithelial","ER_Positive","Normal","ER_Positive vs Normal",3.15748858891505,2.64438332409786,35.583420648534,1.670401256349e-05,0.000681363322037905,"ER_Positive_higher"
"SEMA3G","Luminal_Epithelial","ER_Positive","Normal","ER_Positive vs Normal",6.61723914382132,-0.0852717179826515,31.8006867108486,1.67151156756874e-05,0.000681363322037905,"ER_Positive_higher"
"CATSPER1","Luminal_Epithelial","ER_Positive","Normal","ER_Positive vs Normal",-4.41368700789983,-0.119071228843647,30.9464426809083,1.67537193197832e-05,0.000681363322037905,"Normal_higher"
"PTRF","Luminal_Epithelial","ER_Positive","Normal","ER_Positive vs Normal",-4.45165181699573,4.84994531027439,34.251468895049,1.68963213707973e-05,0.000683533339057855,"Normal_higher"
"AURKC","Luminal_Epithelial","ER_Positive","Normal","ER_Positive vs Normal",-2.68903738477312,0.495446163258887,31.8774286355171,1.68981721057149e-05,0.000683533339057855,"Normal_higher"
"SBSN","Luminal_Epithelial","ER_Positive","Normal","ER_Positive vs Normal",-6.31760369867756,3.49334216475703,31.8885800636054,1.69904283390713e-05,0.000685417629259256,"Normal_higher"
"ITIH6","Luminal_Epithelial","ER_Positive","Normal","ER_Positive vs Normal",5.21003864793538,-0.361691620333038,29.3197253088524,1.71830924277343e-05,0.000690260264578464,"ER_Positive_higher"
"CFAP69","Luminal_Epithelial","ER_Positive","Normal","ER_Positive vs Normal",4.23969290684902,3.55358891885488,35.7202586309688,1.72024614481472e-05,0.000690260264578464,"ER_Positive_higher"
"PRSS3","Luminal_Epithelial","ER_Positive","Normal","ER_Positive vs Normal",-13.3504927597413,4.30059495733161,76.5416199346333,1.74848554006256e-05,0.000697954374497959,"Normal_higher"
"RP5-1158E12.3","Luminal_Epithelial","ER_Positive","Normal","ER_Positive vs Normal",-5.97296932150403,-0.272382202825377,33.7190222835978,1.74872289472401e-05,0.000697954374497959,"Normal_higher"
"CASD1","Luminal_Epithelial","ER_Positive","Normal","ER_Positive vs Normal",2.94524416317851,3.8377029895593,35.6883623532156,1.75813480931335e-05,0.000699462216371117,"ER_Positive_higher"
"IRAK2","Luminal_Epithelial","ER_Positive","Normal","ER_Positive vs Normal",-3.9166288117435,2.96055979099752,31.2118083683777,1.76182260137457e-05,0.000699462216371117,"Normal_higher"
"KLHDC9","Luminal_Epithelial","ER_Positive","Normal","ER_Positive vs Normal",3.40921378883074,4.99016164899191,35.6111439068941,1.7893490599251e-05,0.000708386136258067,"ER_Positive_higher"
"KPNA7","Luminal_Epithelial","ER_Positive","Normal","ER_Positive vs Normal",-4.23798392491372,1.5183528957591,31.7220188360474,1.79374113265853e-05,0.000708386136258067,"Normal_higher"
"RNASEH1","Luminal_Epithelial","ER_Positive","Normal","ER_Positive vs Normal",-1.74820887676668,4.6939174254141,35.4259005753685,1.80649545614137e-05,0.000711549852112888,"Normal_higher"
"ORM1","Luminal_Epithelial","ER_Positive","Normal","ER_Positive vs Normal",-8.2263464756933,5.82733162368586,31.1429793259375,1.81123504702554e-05,0.000711549852112888,"Normal_higher"
"AIF1","Luminal_Epithelial","ER_Positive","Normal","ER_Positive vs Normal",5.73051517706937,-0.0923959528190505,29.4902875974473,1.82325244443923e-05,0.000714400768503905,"ER_Positive_higher"
"EFCAB12","Luminal_Epithelial","ER_Positive","Normal","ER_Positive vs Normal",3.49800733267201,-0.0713537204534668,28.9437858233604,1.87111541050199e-05,0.000731245545974047,"ER_Positive_higher"
"GCLM","Luminal_Epithelial","ER_Positive","Normal","ER_Positive vs Normal",-4.35367934931028,7.08476132715291,35.2148232466622,1.88868419856919e-05,0.000735005122959159,"Normal_higher"
"CDH3","Luminal_Epithelial","ER_Positive","Normal","ER_Positive vs Normal",-3.79618935579697,3.11825184148861,31.2928892968866,1.89318171379901e-05,0.000735005122959159,"Normal_higher"
"RP11-402P6.11","Luminal_Epithelial","ER_Positive","Normal","ER_Positive vs Normal",-10.5193876076496,1.60944903768254,74.979094411467,1.897894473397e-05,0.000735005122959159,"Normal_higher"
"FTL","Luminal_Epithelial","ER_Positive","Normal","ER_Positive vs Normal",-2.19513067871699,11.7758742433941,35.1873555165011,1.90032643238591e-05,0.000735005122959159,"Normal_higher"
"RP11-350J20.12","Luminal_Epithelial","ER_Positive","Normal","ER_Positive vs Normal",-5.74397912103183,1.89959580974115,31.466960517094,1.92392550680421e-05,0.000742219796416729,"Normal_higher"
"PVR","Luminal_Epithelial","ER_Positive","Normal","ER_Positive vs Normal",-3.00565688649733,3.49445191533889,33.1949759561596,1.94395221325163e-05,0.00074721239477309,"Normal_higher"
"CXCL12","Luminal_Epithelial","ER_Positive","Normal","ER_Positive vs Normal",8.09373486842808,2.32888137732483,31.9366973449336,1.946825123984e-05,0.00074721239477309,"ER_Positive_higher"
"TRAF1","Luminal_Epithelial","ER_Positive","Normal","ER_Positive vs Normal",-3.11947674706951,2.09725948417439,30.4721101446334,1.95945094737427e-05,0.00075013980528688,"Normal_higher"
"CSTB","Luminal_Epithelial","ER_Positive","Normal","ER_Positive vs Normal",-2.69889066223704,9.61492348142554,34.9757001343414,1.96846473777386e-05,0.000751673036126521,"Normal_higher"
"CCDC50","Luminal_Epithelial","ER_Positive","Normal","ER_Positive vs Normal",-2.07776111064822,5.25550936593607,34.8635501659695,1.99931205453383e-05,0.000761514619349981,"Normal_higher"
"SERPINB7","Luminal_Epithelial","ER_Positive","Normal","ER_Positive vs Normal",-14.2712010981682,5.20112003546186,73.4249643062411,2.04723041620812e-05,0.000777792072304689,"Normal_higher"
"CARD6","Luminal_Epithelial","ER_Positive","Normal","ER_Positive vs Normal",-4.24344785437634,0.590566394919123,31.2064038625945,2.05738816496254e-05,0.000779677378575577,"Normal_higher"
"CLDN1","Luminal_Epithelial","ER_Positive","Normal","ER_Positive vs Normal",-4.60382029495261,3.89859259497646,31.019808242655,2.06910363550324e-05,0.000782142021612019,"Normal_higher"
"CFAP20","Luminal_Epithelial","ER_Positive","Normal","ER_Positive vs Normal",-1.65525302666075,4.5443930309016,34.5335433149983,2.08453730472402e-05,0.000785091060122863,"Normal_higher"
"TLE4","Luminal_Epithelial","ER_Positive","Normal","ER_Positive vs Normal",-2.75514671609531,2.93156691528108,32.030445983685,2.09171042433984e-05,0.000785091060122863,"Normal_higher"
"RBPMS-AS1","Luminal_Epithelial","ER_Positive","Normal","ER_Positive vs Normal",-3.53753693027103,3.34716089886723,31.6597030394104,2.09259961384118e-05,0.000785091060122863,"Normal_higher"
"C5orf42","Luminal_Epithelial","ER_Positive","Normal","ER_Positive vs Normal",2.65575100803317,3.28607429164827,34.5023632765128,2.0987434520828e-05,0.00078543249340166,"ER_Positive_higher"
"FKBP1B","Luminal_Epithelial","ER_Positive","Normal","ER_Positive vs Normal",-3.41894223779204,2.76766552551268,30.6985062616944,2.11358317469536e-05,0.000788189898025607,"Normal_higher"
"USP3-AS1","Luminal_Epithelial","ER_Positive","Normal","ER_Positive vs Normal",3.12102178470919,1.59551644063501,32.8741791674468,2.1198757784452e-05,0.000788189898025607,"ER_Positive_higher"
"AIFM2","Luminal_Epithelial","ER_Positive","Normal","ER_Positive vs Normal",-2.85021345141433,4.57170951132212,34.0780848930698,2.12470824739477e-05,0.000788189898025607,"Normal_higher"
"CHI3L1","Luminal_Epithelial","ER_Positive","Normal","ER_Positive vs Normal",-6.48099893828411,6.73490995695319,32.8878465785585,2.1314939970037e-05,0.000788189898025607,"Normal_higher"
"ANXA9","Luminal_Epithelial","ER_Positive","Normal","ER_Positive vs Normal",5.11139219524439,4.86285495353258,34.5154543914904,2.13565333093259e-05,0.000788189898025607,"ER_Positive_higher"
"LIPG","Luminal_Epithelial","ER_Positive","Normal","ER_Positive vs Normal",-3.95018692333564,0.957064894346524,31.016399016128,2.13762436527235e-05,0.000788189898025607,"Normal_higher"
"CSF2RA","Luminal_Epithelial","ER_Positive","Normal","ER_Positive vs Normal",-4.25860472287325,0.342231558281162,30.6977453194364,2.16081468537441e-05,0.000793799069423294,"Normal_higher"
"FGFR3","Luminal_Epithelial","ER_Positive","Normal","ER_Positive vs Normal",8.10465369086874,2.00085131888511,32.0102803756031,2.16341586855552e-05,0.000793799069423294,"ER_Positive_higher"
"TBC1D9","Luminal_Epithelial","ER_Positive","Normal","ER_Positive vs Normal",3.00333903155805,6.34241977727241,34.3725795902973,2.17838009098573e-05,0.000795299376876487,"ER_Positive_higher"
"ZMYND10","Luminal_Epithelial","ER_Positive","Normal","ER_Positive vs Normal",5.62828506052496,3.18249656103343,33.2576067054804,2.18107920578594e-05,0.000795299376876487,"ER_Positive_higher"
"CACNA1D","Luminal_Epithelial","ER_Positive","Normal","ER_Positive vs Normal",4.31666707642593,2.45438054024311,33.4559751554916,2.18340336691619e-05,0.000795299376876487,"ER_Positive_higher"
"MYEOV","Luminal_Epithelial","ER_Positive","Normal","ER_Positive vs Normal",-4.07094073565255,2.3482562363611,29.8679261460126,2.19274636499442e-05,0.00079676863679107,"Normal_higher"
"CASP4","Luminal_Epithelial","ER_Positive","Normal","ER_Positive vs Normal",-2.63445060054097,5.25598707523083,34.1661242416313,2.22109855186298e-05,0.000804849900499886,"Normal_higher"
"DMD","Luminal_Epithelial","ER_Positive","Normal","ER_Positive vs Normal",-4.25249559516265,1.79517998369757,30.4214328398698,2.22571272544448e-05,0.000804849900499886,"Normal_higher"
"HAPLN3","Luminal_Epithelial","ER_Positive","Normal","ER_Positive vs Normal",-4.21630973605913,2.20257512978941,30.0139734101588,2.23746109404597e-05,0.000807153332652594,"Normal_higher"
"TEKT5","Luminal_Epithelial","ER_Positive","Normal","ER_Positive vs Normal",8.15298103420775,2.70225378543742,30.8745051177414,2.24542400497517e-05,0.000808083406298856,"ER_Positive_higher"
"ODC1","Luminal_Epithelial","ER_Positive","Normal","ER_Positive vs Normal",-4.18258372617569,5.96409900097295,33.877610861205,2.2599493174132e-05,0.000809929981595894,"Normal_higher"
"AKIRIN2","Luminal_Epithelial","ER_Positive","Normal","ER_Positive vs Normal",-2.19093758704853,5.45334713848082,34.1319994923138,2.26134911900233e-05,0.000809929981595894,"Normal_higher"
"NCAM2","Luminal_Epithelial","ER_Positive","Normal","ER_Positive vs Normal",6.59675296861598,3.19670691041119,31.5287569292601,2.27875672082414e-05,0.000814221478795426,"ER_Positive_higher"
"CDON","Luminal_Epithelial","ER_Positive","Normal","ER_Positive vs Normal",4.3991611640915,2.51384332786483,33.2123720865001,2.28496749185888e-05,0.000814501357489935,"ER_Positive_higher"
"ARHGEF26","Luminal_Epithelial","ER_Positive","Normal","ER_Positive vs Normal",2.92533410886238,3.25233714591438,33.9442903943046,2.30069938755964e-05,0.000817745950576451,"ER_Positive_higher"
"HIST1H4E","Luminal_Epithelial","ER_Positive","Normal","ER_Positive vs Normal",-3.13278909985713,2.74145812614061,30.6220898804136,2.30496792892543e-05,0.000817745950576451,"Normal_higher"
"LRRC46","Luminal_Epithelial","ER_Positive","Normal","ER_Positive vs Normal",3.18600007577065,2.25750348824687,33.248093725663,2.33541410773472e-05,0.000826593384782428,"ER_Positive_higher"
"AC008268.1","Luminal_Epithelial","ER_Positive","Normal","ER_Positive vs Normal",7.80179624029382,3.06765040577446,29.7868651891218,2.35100565476482e-05,0.000827634463873689,"ER_Positive_higher"
"PEX11B","Luminal_Epithelial","ER_Positive","Normal","ER_Positive vs Normal",2.29601800659999,5.2932956671525,33.9301742174873,2.35112614662225e-05,0.000827634463873689,"ER_Positive_higher"
"RP11-486A14.2","Luminal_Epithelial","ER_Positive","Normal","ER_Positive vs Normal",5.2633517130555,-0.22615979029144,27.9260204408675,2.3549004869332e-05,0.000827634463873689,"ER_Positive_higher"
"PRR15","Luminal_Epithelial","ER_Positive","Normal","ER_Positive vs Normal",3.15545606187193,5.21051751997904,33.7005636969236,2.44640769706372e-05,0.000857785988547554,"ER_Positive_higher"
"AP001596.6","Luminal_Epithelial","ER_Positive","Normal","ER_Positive vs Normal",-6.47588921653492,-0.72749649627768,46.0826853867344,2.45576218485857e-05,0.000857981653078625,"Normal_higher"
"HCCS","Luminal_Epithelial","ER_Positive","Normal","ER_Positive vs Normal",-1.91615747078057,4.98408281084608,33.5967452071074,2.45840015208775e-05,0.000857981653078625,"Normal_higher"
"LRRC45","Luminal_Epithelial","ER_Positive","Normal","ER_Positive vs Normal",2.85652927055664,3.64774314211312,33.5968924359049,2.47017009981681e-05,0.000860089157493058,"ER_Positive_higher"
"RAB6C","Luminal_Epithelial","ER_Positive","Normal","ER_Positive vs Normal",3.97958190399925,1.46945299415407,31.247099268965,2.49181242788731e-05,0.000865616414474651,"ER_Positive_higher"
"PECR","Luminal_Epithelial","ER_Positive","Normal","ER_Positive vs Normal",3.42194185216162,2.64910721251306,33.0850581693225,2.52913753223985e-05,0.000876553509152967,"ER_Positive_higher"
"RP11-817J15.2","Luminal_Epithelial","ER_Positive","Normal","ER_Positive vs Normal",-5.59628089443232,1.9882642643036,30.16123358975,2.57697714303398e-05,0.00089107594436661,"Normal_higher"
"LINC01503","Luminal_Epithelial","ER_Positive","Normal","ER_Positive vs Normal",-3.23820524431303,2.17429518480151,29.0980310754889,2.59047640625818e-05,0.000892965538855274,"Normal_higher"
"NAAA","Luminal_Epithelial","ER_Positive","Normal","ER_Positive vs Normal",2.36019319222875,4.06846413224578,33.3378013219138,2.59434247311854e-05,0.000892965538855274,"ER_Positive_higher"
"MICALL1","Luminal_Epithelial","ER_Positive","Normal","ER_Positive vs Normal",-2.41588649964463,2.37655221763998,30.3178721149771,2.61076954123609e-05,0.000896563352524713,"Normal_higher"
"MITD1","Luminal_Epithelial","ER_Positive","Normal","ER_Positive vs Normal",-1.77699134471223,4.78072844089691,33.1481627106689,2.64353549414851e-05,0.000905742857549924,"Normal_higher"
"MAP7D3","Luminal_Epithelial","ER_Positive","Normal","ER_Positive vs Normal",-4.13448498065913,1.94608790969994,29.3843149094268,2.6556979597023e-05,0.000907388830873778,"Normal_higher"
"IGFL1","Luminal_Epithelial","ER_Positive","Normal","ER_Positive vs Normal",-6.06343437803853,3.29672274606518,29.6230921089586,2.66043236879098e-05,0.000907388830873778,"Normal_higher"
"IFI16","Luminal_Epithelial","ER_Positive","Normal","ER_Positive vs Normal",-3.56994287793611,4.1418922996013,31.699141236089,2.67949274946045e-05,0.000911817407962651,"Normal_higher"
"RP4-728D4.2","Luminal_Epithelial","ER_Positive","Normal","ER_Positive vs Normal",-4.69522968300009,-0.529254873343887,28.6673792789501,2.69707341998914e-05,0.000914032147024539,"Normal_higher"
"LINC00511","Luminal_Epithelial","ER_Positive","Normal","ER_Positive vs Normal",-3.8070341897405,2.37918760383714,28.8317783122805,2.69818245573313e-05,0.000914032147024539,"Normal_higher"
"CACNA2D2","Luminal_Epithelial","ER_Positive","Normal","ER_Positive vs Normal",4.33254387113946,0.735947948120039,28.3995009889411,2.75865513526202e-05,0.000932413009344081,"ER_Positive_higher"
"AKR1B15","Luminal_Epithelial","ER_Positive","Normal","ER_Positive vs Normal",-5.77218799661679,1.21768339964446,28.7566871580298,2.76708275901294e-05,0.000932493269712463,"Normal_higher"
"ASNS","Luminal_Epithelial","ER_Positive","Normal","ER_Positive vs Normal",-2.22393561451605,3.87603354166054,32.3666771355698,2.77209589993181e-05,0.000932493269712463,"Normal_higher"
"MPP7","Luminal_Epithelial","ER_Positive","Normal","ER_Positive vs Normal",2.26227405222238,3.59825895476435,32.8870009841501,2.77753376132119e-05,0.000932493269712463,"ER_Positive_higher"
"PLCL1","Luminal_Epithelial","ER_Positive","Normal","ER_Positive vs Normal",6.89065086351216,1.79352383756754,28.760926317704,2.78410501299057e-05,0.000932613034150657,"ER_Positive_higher"
"EIF4EBP1","Luminal_Epithelial","ER_Positive","Normal","ER_Positive vs Normal",-2.58080137643393,7.60808348566026,32.8932464396595,2.79516367423478e-05,0.000934232099314953,"Normal_higher"
"ELMSAN1","Luminal_Epithelial","ER_Positive","Normal","ER_Positive vs Normal",2.24229436488386,4.92110590867475,32.8961418893048,2.80193450654801e-05,0.000934414025328134,"ER_Positive_higher"
"NUAK2","Luminal_Epithelial","ER_Positive","Normal","ER_Positive vs Normal",3.00548845731965,1.31636430118604,30.8284744420321,2.81853883925196e-05,0.00093729243925839,"ER_Positive_higher"
"DYNLRB2","Luminal_Epithelial","ER_Positive","Normal","ER_Positive vs Normal",3.52247420335515,3.59700027777784,32.801813830669,2.82305712364092e-05,0.00093729243925839,"ER_Positive_higher"
"SVIL","Luminal_Epithelial","ER_Positive","Normal","ER_Positive vs Normal",-2.89543367914591,5.40845260357101,32.6958068221165,2.84381213853037e-05,0.000942099089689301,"Normal_higher"
"IGFALS","Luminal_Epithelial","ER_Positive","Normal","ER_Positive vs Normal",5.02049996779239,0.710263185957344,27.4287752503284,2.86214021008527e-05,0.000946082337725762,"ER_Positive_higher"
"CASC8","Luminal_Epithelial","ER_Positive","Normal","ER_Positive vs Normal",-5.85263957994117,1.81816109759995,29.1728283279838,2.88798181965065e-05,0.000952526223461478,"Normal_higher"
"RHOC","Luminal_Epithelial","ER_Positive","Normal","ER_Positive vs Normal",-2.46854592946897,8.18884118876479,32.6606124797027,2.90454875195594e-05,0.000954118344264328,"Normal_higher"
"UTP11L","Luminal_Epithelial","ER_Positive","Normal","ER_Positive vs Normal",-2.15281344918494,5.2628065650046,32.6303903004256,2.90552464402477e-05,0.000954118344264328,"Normal_higher"
"VWF","Luminal_Epithelial","ER_Positive","Normal","ER_Positive vs Normal",5.34542631324538,1.04378612738767,27.6521703544117,2.95716017644719e-05,0.000965952783706098,"ER_Positive_higher"
"BCAM","Luminal_Epithelial","ER_Positive","Normal","ER_Positive vs Normal",3.78917430428625,7.58448590768003,32.5422980082924,2.96133697651132e-05,0.000965952783706098,"ER_Positive_higher"
"ATP8A1","Luminal_Epithelial","ER_Positive","Normal","ER_Positive vs Normal",3.22997620861439,0.6999759438091,29.0483004738896,2.97072490673392e-05,0.000965952783706098,"ER_Positive_higher"
"MYDGF","Luminal_Epithelial","ER_Positive","Normal","ER_Positive vs Normal",-2.12121634047889,8.4107860376056,32.5257295478475,2.97078180025195e-05,0.000965952783706098,"Normal_higher"
"RP11-1100L3.8","Luminal_Epithelial","ER_Positive","Normal","ER_Positive vs Normal",7.41974360982717,1.02810346844332,29.765379961238,2.97374682529631e-05,0.000965952783706098,"ER_Positive_higher"
"SLC28A3","Luminal_Epithelial","ER_Positive","Normal","ER_Positive vs Normal",-4.75467797646344,2.32374862604704,28.8814650639548,2.99008857084601e-05,0.000966475612791,"Normal_higher"
"CYYR1","Luminal_Epithelial","ER_Positive","Normal","ER_Positive vs Normal",-4.52476400916759,2.50699544146039,28.5814164657222,2.9924693073422e-05,0.000966475612791,"Normal_higher"
"PHF19","Luminal_Epithelial","ER_Positive","Normal","ER_Positive vs Normal",-2.53726215027416,2.07554411200068,28.9138516345286,3.00928249651249e-05,0.000966475612791,"Normal_higher"
"KARS","Luminal_Epithelial","ER_Positive","Normal","ER_Positive vs Normal",-2.7932505219738,5.65901160519094,32.4200201909016,3.0093576441233e-05,0.000966475612791,"Normal_higher"
"PSMB2","Luminal_Epithelial","ER_Positive","Normal","ER_Positive vs Normal",-1.90026295026184,7.61341996633912,32.4507485840126,3.01227430582135e-05,0.000966475612791,"Normal_higher"
"RP11-532F6.4","Luminal_Epithelial","ER_Positive","Normal","ER_Positive vs Normal",5.1510123030913,-0.660242042998285,27.156117569532,3.01399737979735e-05,0.000966475612791,"ER_Positive_higher"
"PLAU","Luminal_Epithelial","ER_Positive","Normal","ER_Positive vs Normal",-4.81097188701662,4.29840335429955,29.4877378000595,3.04146911933984e-05,0.000973205268100915,"Normal_higher"
"PDPN","Luminal_Epithelial","ER_Positive","Normal","ER_Positive vs Normal",-4.7521474174573,0.531129546738055,28.5576627290966,3.08933692172915e-05,0.00098625478650875,"Normal_higher"
"FUT8","Luminal_Epithelial","ER_Positive","Normal","ER_Positive vs Normal",2.30490635863693,4.55045293696096,32.3181843185814,3.095395511732e-05,0.00098625478650875,"ER_Positive_higher"
"EGR4","Luminal_Epithelial","ER_Positive","Normal","ER_Positive vs Normal",6.25312814153112,2.2403628679155,28.6160866045616,3.1156512566538e-05,0.00099060547475855,"ER_Positive_higher"
"ANXA3","Luminal_Epithelial","ER_Positive","Normal","ER_Positive vs Normal",-4.27636529841795,6.99468370412677,32.1918762701709,3.13717087143605e-05,0.000995338758301074,"Normal_higher"
"UBE2L3","Luminal_Epithelial","ER_Positive","Normal","ER_Positive vs Normal",-1.86892624327694,7.47906169226105,32.1805717601069,3.15682955123733e-05,0.000998190758351863,"Normal_higher"
"TTC9C","Luminal_Epithelial","ER_Positive","Normal","ER_Positive vs Normal",-1.46212330127139,4.46105295351966,32.0886303005252,3.15946298538772e-05,0.000998190758351863,"Normal_higher"
"ACTG2","Luminal_Epithelial","ER_Positive","Normal","ER_Positive vs Normal",-4.46951766753896,2.34050560729747,28.3703820762029,3.17987779614889e-05,0.00100252995980686,"Normal_higher"
"FAM171A1","Luminal_Epithelial","ER_Positive","Normal","ER_Positive vs Normal",-3.83769533336216,0.352322391040915,29.0281328449073,3.22245355431319e-05,0.00101382307106034,"Normal_higher"
"LINC01119","Luminal_Epithelial","ER_Positive","Normal","ER_Positive vs Normal",-3.8021274952683,-0.529173080552379,27.7931770233217,3.23594766896089e-05,0.00101593863322377,"Normal_higher"
"BNIPL","Luminal_Epithelial","ER_Positive","Normal","ER_Positive vs Normal",4.06652674631681,4.46893511351928,32.0175403762308,3.26972899277728e-05,0.00102311128503328,"ER_Positive_higher"
"WNK4","Luminal_Epithelial","ER_Positive","Normal","ER_Positive vs Normal",5.77465476924871,4.10541541141322,31.6634142837041,3.27513384050447e-05,0.00102311128503328,"ER_Positive_higher"
"CDC25B","Luminal_Epithelial","ER_Positive","Normal","ER_Positive vs Normal",-2.60318771420724,3.64881344099961,30.95957377496,3.2792465389552e-05,0.00102311128503328,"Normal_higher"
"CCDC82","Luminal_Epithelial","ER_Positive","Normal","ER_Positive vs Normal",-3.56627025762509,3.06932110678259,28.8232999113882,3.28775150924485e-05,0.00102363665766053,"Normal_higher"
"RP11-98G7.1","Luminal_Epithelial","ER_Positive","Normal","ER_Positive vs Normal",3.58409532669552,0.800855032307269,28.5338640842773,3.30665988353218e-05,0.00102739223337821,"ER_Positive_higher"
"MYRIP","Luminal_Epithelial","ER_Positive","Normal","ER_Positive vs Normal",5.98219870934735,0.259077068518988,27.0136964773386,3.34824555395317e-05,0.0010372632367499,"ER_Positive_higher"
"IL7R","Luminal_Epithelial","ER_Positive","Normal","ER_Positive vs Normal",5.55862809074569,1.84671770627836,28.5031867588417,3.35225341389819e-05,0.0010372632367499,"ER_Positive_higher"
"NOB1","Luminal_Epithelial","ER_Positive","Normal","ER_Positive vs Normal",-2.56455716836512,5.3528425088633,31.6725044339117,3.4158022808938e-05,0.00105475195122167,"Normal_higher"
"FAM110B","Luminal_Epithelial","ER_Positive","Normal","ER_Positive vs Normal",2.50349196105523,3.86873433038721,31.705000550153,3.42894752953858e-05,0.00105663687013933,"ER_Positive_higher"
"FOSB","Luminal_Epithelial","ER_Positive","Normal","ER_Positive vs Normal",3.46364073762558,8.73020643348083,31.6608114920968,3.4482622640832e-05,0.00105940404903166,"ER_Positive_higher"
"GARNL3","Luminal_Epithelial","ER_Positive","Normal","ER_Positive vs Normal",2.47628619074618,0.868623876888664,29.0425972374008,3.45572204652932e-05,0.00105940404903166,"ER_Positive_higher"
"LINC01117","Luminal_Epithelial","ER_Positive","Normal","ER_Positive vs Normal",8.5039560127211,2.47935746687506,29.479571193949,3.4627418937473e-05,0.00105940404903166,"ER_Positive_higher"
"BCL2","Luminal_Epithelial","ER_Positive","Normal","ER_Positive vs Normal",3.12186918777695,4.43186667721647,31.6664367583778,3.47188222518952e-05,0.00105940404903166,"ER_Positive_higher"
"ZNF337-AS1","Luminal_Epithelial","ER_Positive","Normal","ER_Positive vs Normal",2.22380799556985,1.68630364781049,30.429376986634,3.47860621863578e-05,0.00105940404903166,"ER_Positive_higher"
"PTPRE","Luminal_Epithelial","ER_Positive","Normal","ER_Positive vs Normal",-2.06966477936903,4.11190160012448,31.2943689825491,3.48028384202444e-05,0.00105940404903166,"Normal_higher"
"NECAB3","Luminal_Epithelial","ER_Positive","Normal","ER_Positive vs Normal",3.19407745273369,5.27369660781407,31.6222204151673,3.49274415562652e-05,0.00106104476808679,"ER_Positive_higher"
"CASKIN1","Luminal_Epithelial","ER_Positive","Normal","ER_Positive vs Normal",3.45210035193952,-0.399147522526691,25.8432734312329,3.52764080390962e-05,0.00106765354757569,"ER_Positive_higher"
"ROPN1B","Luminal_Epithelial","ER_Positive","Normal","ER_Positive vs Normal",-5.35873940664553,2.49880957325007,28.3907811131867,3.52872765774332e-05,0.00106765354757569,"Normal_higher"
"MRPL2","Luminal_Epithelial","ER_Positive","Normal","ER_Positive vs Normal",-1.98006116577599,5.513399882823,31.4971222662571,3.55656881511316e-05,0.00107391203638638,"Normal_higher"
"ADPRHL2","Luminal_Epithelial","ER_Positive","Normal","ER_Positive vs Normal",-1.92089477043769,5.00802347461879,31.4023320194439,3.58959008597911e-05,0.00107630195497452,"Normal_higher"
"ZMAT1","Luminal_Epithelial","ER_Positive","Normal","ER_Positive vs Normal",3.49142548253728,3.76042300153174,31.4248363008779,3.60080750856665e-05,0.00107630195497452,"ER_Positive_higher"
"AP1S3","Luminal_Epithelial","ER_Positive","Normal","ER_Positive vs Normal",-2.8429241454042,3.23181393947527,29.6638920066622,3.60470238723019e-05,0.00107630195497452,"Normal_higher"
"TTLL4","Luminal_Epithelial","ER_Positive","Normal","ER_Positive vs Normal",-4.2546527956526,4.6601591482716,30.0327167066496,3.60482932048655e-05,0.00107630195497452,"Normal_higher"
"MBOAT1","Luminal_Epithelial","ER_Positive","Normal","ER_Positive vs Normal",4.19990925549657,3.20417397159291,31.2228337267558,3.6085688603995e-05,0.00107630195497452,"ER_Positive_higher"
"RASGRP3","Luminal_Epithelial","ER_Positive","Normal","ER_Positive vs Normal",-3.55636326938816,0.688263191293779,28.4401373886243,3.61108781061497e-05,0.00107630195497452,"Normal_higher"
"NMT1","Luminal_Epithelial","ER_Positive","Normal","ER_Positive vs Normal",-2.38191135931068,5.27161213259286,31.3577056337496,3.61468771444765e-05,0.00107630195497452,"Normal_higher"
"NR4A3","Luminal_Epithelial","ER_Positive","Normal","ER_Positive vs Normal",6.25413374938969,3.3155431080886,29.8877243552786,3.62675141904632e-05,0.00107655744912663,"ER_Positive_higher"
"GIPC1","Luminal_Epithelial","ER_Positive","Normal","ER_Positive vs Normal",-2.38625158718911,6.15865446374776,31.3949014075289,3.62989317823733e-05,0.00107655744912663,"Normal_higher"
"LINC00174","Luminal_Epithelial","ER_Positive","Normal","ER_Positive vs Normal",2.81053486511433,0.932730024717453,28.8072550119577,3.64837570834365e-05,0.001077985582977,"ER_Positive_higher"
"IFT140","Luminal_Epithelial","ER_Positive","Normal","ER_Positive vs Normal",2.92690718612133,3.26481760368077,31.2669587219764,3.64907493937707e-05,0.001077985582977,"ER_Positive_higher"
"XDH","Luminal_Epithelial","ER_Positive","Normal","ER_Positive vs Normal",-4.02779540377901,2.02205087675013,27.6628623457491,3.66162455739167e-05,0.00107956777471074,"Normal_higher"
"GPR132","Luminal_Epithelial","ER_Positive","Normal","ER_Positive vs Normal",5.53873473816996,-0.0671068745216287,26.122632770196,3.72849446750909e-05,0.00109712777399821,"ER_Positive_higher"
"EPN3","Luminal_Epithelial","ER_Positive","Normal","ER_Positive vs Normal",2.41256583213541,3.76734121379817,31.1141816959746,3.79709772386688e-05,0.00111512809279981,"ER_Positive_higher"
"NIP7","Luminal_Epithelial","ER_Positive","Normal","ER_Positive vs Normal",-2.25224178087218,4.75090973679923,30.9857132054361,3.8060573550647e-05,0.00111557622514562,"Normal_higher"
"NCMAP","Luminal_Epithelial","ER_Positive","Normal","ER_Positive vs Normal",-4.24502680319645,0.86681050653102,28.2400772769906,3.82263069920293e-05,0.0011182498811489,"Normal_higher"
"AC005355.2","Luminal_Epithelial","ER_Positive","Normal","ER_Positive vs Normal",6.13319737106925,1.14114061826706,26.6542270721585,3.8901411444137e-05,0.0011292177751097,"ER_Positive_higher"
"HCLS1","Luminal_Epithelial","ER_Positive","Normal","ER_Positive vs Normal",3.56070948576526,-0.150866827212005,25.6832593334484,3.89298480373354e-05,0.0011292177751097,"ER_Positive_higher"
"TOB1","Luminal_Epithelial","ER_Positive","Normal","ER_Positive vs Normal",3.75750589333435,8.23136580979486,30.9680994806308,3.8983875008177e-05,0.0011292177751097,"ER_Positive_higher"
"FAM132A","Luminal_Epithelial","ER_Positive","Normal","ER_Positive vs Normal",-3.49013712979163,0.429981689137691,28.1388446829402,3.90072320037821e-05,0.0011292177751097,"Normal_higher"
"IZUMO4","Luminal_Epithelial","ER_Positive","Normal","ER_Positive vs Normal",3.87147428746056,2.60910382232289,30.5160517601372,3.9040765534067e-05,0.0011292177751097,"ER_Positive_higher"
"PITRM1","Luminal_Epithelial","ER_Positive","Normal","ER_Positive vs Normal",-1.70893285144923,3.77712109632584,30.5948324481705,3.90527104205992e-05,0.0011292177751097,"Normal_higher"
"CTB-102L5.4","Luminal_Epithelial","ER_Positive","Normal","ER_Positive vs Normal",-4.27417171229022,0.468110669775825,27.919043059178,3.93144834789518e-05,0.00113460087224736,"Normal_higher"
"TRIM16","Luminal_Epithelial","ER_Positive","Normal","ER_Positive vs Normal",-2.52470183107401,4.60653430814342,30.6644601847654,3.9506344534416e-05,0.00113794954400764,"Normal_higher"
"BLNK","Luminal_Epithelial","ER_Positive","Normal","ER_Positive vs Normal",2.50351538383219,3.13355263644847,30.7624722240501,3.96499944964141e-05,0.00113989936284997,"ER_Positive_higher"
"SMTN","Luminal_Epithelial","ER_Positive","Normal","ER_Positive vs Normal",-2.39034058228892,4.16513824084435,30.4440661782464,3.99108843631249e-05,0.00114349894516234,"Normal_higher"
"SAA1","Luminal_Epithelial","ER_Positive","Normal","ER_Positive vs Normal",-8.68874984957299,10.7516159663876,30.7378335028231,4.00029088235249e-05,0.00114349894516234,"Normal_higher"
"SMAGP","Luminal_Epithelial","ER_Positive","Normal","ER_Positive vs Normal",-2.32362385668523,4.6183907614032,30.6538969190619,4.00037946431817e-05,0.00114349894516234,"Normal_higher"
"BCL9","Luminal_Epithelial","ER_Positive","Normal","ER_Positive vs Normal",2.58540049852232,3.0862867640009,30.6902435975828,4.00888660423647e-05,0.00114375211539499,"ER_Positive_higher"
"CNTD1","Luminal_Epithelial","ER_Positive","Normal","ER_Positive vs Normal",3.30607244238628,2.11083314001,29.9796091750982,4.07347329727873e-05,0.00115997369586835,"ER_Positive_higher"
"GREB1","Luminal_Epithelial","ER_Positive","Normal","ER_Positive vs Normal",4.36092475881262,3.98338942196018,30.6653076656741,4.11677639695275e-05,0.0011700845338839,"ER_Positive_higher"
"MGAT4B","Luminal_Epithelial","ER_Positive","Normal","ER_Positive vs Normal",-1.48318529231213,3.60662821720076,30.2446719042191,4.14385724999392e-05,0.00117512592958457,"Normal_higher"
"PRR29","Luminal_Epithelial","ER_Positive","Normal","ER_Positive vs Normal",5.03030331942174,0.692116403917101,25.786500311091,4.15017486959301e-05,0.00117512592958457,"ER_Positive_higher"
"RP11-353N14.2","Luminal_Epithelial","ER_Positive","Normal","ER_Positive vs Normal",4.92184104954383,0.313891637184635,25.3224317647285,4.19240949026923e-05,0.00118484913786196,"ER_Positive_higher"
"PODNL1","Luminal_Epithelial","ER_Positive","Normal","ER_Positive vs Normal",-3.32497219470477,-0.0655276044916601,27.725964257762,4.20656415789975e-05,0.0011850940244719,"Normal_higher"
"GFRA1","Luminal_Epithelial","ER_Positive","Normal","ER_Positive vs Normal",7.53909323506984,6.08705281755519,30.3499236940352,4.20906986768522e-05,0.0011850940244719,"ER_Positive_higher"
"RP11-4L24.3","Luminal_Epithelial","ER_Positive","Normal","ER_Positive vs Normal",3.20382449024289,0.173386409970103,26.2396232108654,4.22478080432407e-05,0.00118538301262693,"ER_Positive_higher"
"SLC27A3","Luminal_Epithelial","ER_Positive","Normal","ER_Positive vs Normal",2.6997243636705,3.1340563029008,30.4110072066416,4.22794033312576e-05,0.00118538301262693,"ER_Positive_higher"
"SAMD4A","Luminal_Epithelial","ER_Positive","Normal","ER_Positive vs Normal",-3.61106150344343,2.66905845411487,27.0171022377682,4.24120498202344e-05,0.00118538301262693,"Normal_higher"
"NKX1-2","Luminal_Epithelial","ER_Positive","Normal","ER_Positive vs Normal",-6.70652045561171,-0.538777236690407,40.9062104872749,4.24169172906418e-05,0.00118538301262693,"Normal_higher"
"FAM3C","Luminal_Epithelial","ER_Positive","Normal","ER_Positive vs Normal",-2.56695288662421,6.65463874668275,30.5035606197419,4.25385304094389e-05,0.0011865719811421,"Normal_higher"
"RP11-91I20.4","Luminal_Epithelial","ER_Positive","Normal","ER_Positive vs Normal",5.05351563047312,-0.760716101784933,25.6818595277801,4.30373954475593e-05,0.0011982600992236,"ER_Positive_higher"
"CREB5","Luminal_Epithelial","ER_Positive","Normal","ER_Positive vs Normal",-4.05613342279102,1.50390830291831,27.3486646793122,4.31759594896933e-05,0.00119989189641079,"Normal_higher"
"GYPC","Luminal_Epithelial","ER_Positive","Normal","ER_Positive vs Normal",-3.44856734698265,2.85581602923045,27.2628990173994,4.36687569930249e-05,0.00121134387466603,"Normal_higher"
"PIGQ","Luminal_Epithelial","ER_Positive","Normal","ER_Positive vs Normal",2.06826305895337,4.74083474503563,30.3180120795272,4.40337361165614e-05,0.00121921453487313,"ER_Positive_higher"
"NDRG4","Luminal_Epithelial","ER_Positive","Normal","ER_Positive vs Normal",-3.89017641258861,0.442099252275701,27.3963905474354,4.53494297094954e-05,0.00125158137838254,"Normal_higher"
"LA16c-313D11.9","Luminal_Epithelial","ER_Positive","Normal","ER_Positive vs Normal",4.08627019895372,-0.403088086367398,24.5348466229682,4.53695122169722e-05,0.00125158137838254,"ER_Positive_higher"
"MAP2K1","Luminal_Epithelial","ER_Positive","Normal","ER_Positive vs Normal",-2.01819479351268,4.72513814289373,30.0295538058237,4.54583896204136e-05,0.001251732207401,"Normal_higher"
"HIST1H2BG","Luminal_Epithelial","ER_Positive","Normal","ER_Positive vs Normal",-3.26296846082939,4.50056219576743,29.4346396947821,4.63227447033547e-05,0.00127218344344785,"Normal_higher"
"SGMS1-AS1","Luminal_Epithelial","ER_Positive","Normal","ER_Positive vs Normal",2.24427335740608,1.10745132922563,28.0682658157089,4.6370649934429e-05,0.00127218344344785,"ER_Positive_higher"
"RP11-379F4.4","Luminal_Epithelial","ER_Positive","Normal","ER_Positive vs Normal",-3.40153107329611,0.771652301233348,27.0322877031479,4.72814848312014e-05,0.00129480518770409,"Normal_higher"
"SNRPA1","Luminal_Epithelial","ER_Positive","Normal","ER_Positive vs Normal",-1.84960316366342,6.33776366426882,29.8113643292966,4.82111161071853e-05,0.00131785832317036,"Normal_higher"
"CNTNAP3B","Luminal_Epithelial","ER_Positive","Normal","ER_Positive vs Normal",-4.25629399960257,0.358337001008238,26.8293677341362,4.83148209425905e-05,0.00131829185070083,"Normal_higher"
"MAPT-AS1","Luminal_Epithelial","ER_Positive","Normal","ER_Positive vs Normal",9.06927699896341,3.7808785413591,26.9905887471412,4.86172880712758e-05,0.00132184915385949,"ER_Positive_higher"
"GPAT3","Luminal_Epithelial","ER_Positive","Normal","ER_Positive vs Normal",-5.80477900142167,4.06004876619205,26.1811587573472,4.8621358894545e-05,0.00132184915385949,"Normal_higher"
"FBXO2","Luminal_Epithelial","ER_Positive","Normal","ER_Positive vs Normal",-3.95080027574127,6.6444218217088,29.7130375704017,4.87235181347375e-05,0.0013222311693454,"Normal_higher"
"TPI1","Luminal_Epithelial","ER_Positive","Normal","ER_Positive vs Normal",-2.01910886041647,9.41537915239066,29.661184016308,4.93467378583597e-05,0.00133389482319247,"Normal_higher"
"ZC3H12C","Luminal_Epithelial","ER_Positive","Normal","ER_Positive vs Normal",-4.74661133208099,0.92376894661044,26.8487774355733,4.9382165515359e-05,0.00133389482319247,"Normal_higher"
"OSMR","Luminal_Epithelial","ER_Positive","Normal","ER_Positive vs Normal",-3.47901512389971,5.13285948644252,29.3571729335997,4.94199721260087e-05,0.00133389482319247,"Normal_higher"
"KRT14","Luminal_Epithelial","ER_Positive","Normal","ER_Positive vs Normal",-5.40328691909701,5.9417201906006,28.641018005712,4.98279621932737e-05,0.00134249233148018,"Normal_higher"
"BZRAP1","Luminal_Epithelial","ER_Positive","Normal","ER_Positive vs Normal",4.77939709945491,2.70236770274059,28.8787854903196,5.00612853698116e-05,0.0013425479110254,"ER_Positive_higher"
"GALNT16","Luminal_Epithelial","ER_Positive","Normal","ER_Positive vs Normal",4.36675624645659,-0.176392088213417,24.2271370861977,5.00947931607921e-05,0.0013425479110254,"ER_Positive_higher"
"SLC25A37","Luminal_Epithelial","ER_Positive","Normal","ER_Positive vs Normal",-2.99744500365831,6.64292053782111,29.5899578175207,5.02068604913351e-05,0.0013425479110254,"Normal_higher"
"SAT1","Luminal_Epithelial","ER_Positive","Normal","ER_Positive vs Normal",-3.37685611184986,11.5114608087412,29.5645979704348,5.02084666297418e-05,0.0013425479110254,"Normal_higher"
"XXbac-BPG252P9.9","Luminal_Epithelial","ER_Positive","Normal","ER_Positive vs Normal",-3.14594396559368,0.64292548086735,26.7408968118895,5.03315521123011e-05,0.0013425479110254,"Normal_higher"
"DTD1","Luminal_Epithelial","ER_Positive","Normal","ER_Positive vs Normal",-1.6670598632688,4.95164900511847,29.5331766289464,5.03667937567336e-05,0.0013425479110254,"Normal_higher"
"CXCL16","Luminal_Epithelial","ER_Positive","Normal","ER_Positive vs Normal",-2.59236095571351,6.32679785071695,29.5307051361521,5.07539700092354e-05,0.00135046955306489,"Normal_higher"
"TFF1","Luminal_Epithelial","ER_Positive","Normal","ER_Positive vs Normal",6.31013845182241,9.0642150349449,29.4526222802665,5.13051639022296e-05,0.00135991769416853,"ER_Positive_higher"
"SNCA","Luminal_Epithelial","ER_Positive","Normal","ER_Positive vs Normal",-4.31720494760105,0.124240293463824,26.1356818889632,5.13148822500249e-05,0.00135991769416853,"Normal_higher"
"CD58","Luminal_Epithelial","ER_Positive","Normal","ER_Positive vs Normal",-2.32629133099694,4.11986681307111,29.0624684133663,5.13809110810659e-05,0.00135991769416853,"Normal_higher"
"CLLU1OS","Luminal_Epithelial","ER_Positive","Normal","ER_Positive vs Normal",-11.2932328104411,2.32614782383893,57.3578810736618,5.16543867262967e-05,0.00136474891127031,"Normal_higher"
"SRPK1","Luminal_Epithelial","ER_Positive","Normal","ER_Positive vs Normal",-1.68001165150562,5.66910947642981,29.3701368424434,5.22658432655509e-05,0.00137847717027438,"Normal_higher"
"CSNK2A2","Luminal_Epithelial","ER_Positive","Normal","ER_Positive vs Normal",-1.94765050999089,2.74481584938023,27.9206247858665,5.28909111204696e-05,0.00139120389251743,"Normal_higher"
"UCHL3","Luminal_Epithelial","ER_Positive","Normal","ER_Positive vs Normal",-2.26242945680206,6.26354531329806,29.2944506974986,5.30169781714404e-05,0.00139120389251743,"Normal_higher"
"RP11-150O12.3","Luminal_Epithelial","ER_Positive","Normal","ER_Positive vs Normal",6.07571626341398,0.448468953682633,25.2390705072698,5.30264960698322e-05,0.00139120389251743,"ER_Positive_higher"
"ARHGAP22","Luminal_Epithelial","ER_Positive","Normal","ER_Positive vs Normal",-4.14495693262134,0.292489919502987,26.3920951060621,5.34261133063048e-05,0.00139924202859985,"Normal_higher"
"RRAS","Luminal_Epithelial","ER_Positive","Normal","ER_Positive vs Normal",-2.22559248791328,4.5321051162853,29.0503989138794,5.36528081130871e-05,0.0014027311696047,"Normal_higher"
"ADCY2","Luminal_Epithelial","ER_Positive","Normal","ER_Positive vs Normal",5.41621068072179,1.20400913463673,25.2681558193385,5.43824593435418e-05,0.00141933489977136,"ER_Positive_higher"
"CCDC40","Luminal_Epithelial","ER_Positive","Normal","ER_Positive vs Normal",2.86240621261771,2.35383561573407,28.6789617350052,5.45763130714567e-05,0.00142192140670721,"ER_Positive_higher"
"ABCC11","Luminal_Epithelial","ER_Positive","Normal","ER_Positive vs Normal",6.2700431403232,2.69263807137638,26.7775844818122,5.47274759052039e-05,0.00142338861509427,"ER_Positive_higher"
"LINC01436","Luminal_Epithelial","ER_Positive","Normal","ER_Positive vs Normal",-5.10863129260019,0.565928183525555,25.6103453899955,5.49109816676482e-05,0.00142569048769273,"Normal_higher"
"KATNAL2","Luminal_Epithelial","ER_Positive","Normal","ER_Positive vs Normal",3.81532051910331,1.28214531651027,26.9974673327857,5.50918242680789e-05,0.00142709121552411,"ER_Positive_higher"
"TRIM2","Luminal_Epithelial","ER_Positive","Normal","ER_Positive vs Normal",-3.29150193639436,3.57783141109167,27.521941402137,5.51551212770029e-05,0.00142709121552411,"Normal_higher"
"RRAS2","Luminal_Epithelial","ER_Positive","Normal","ER_Positive vs Normal",-3.97338994461711,4.61589361494595,28.0290009606232,5.55539627854048e-05,0.00143412110354863,"Normal_higher"
"RAB32","Luminal_Epithelial","ER_Positive","Normal","ER_Positive vs Normal",-3.06223256368357,5.36617161362152,28.9109870835431,5.56179437772576e-05,0.00143412110354863,"Normal_higher"
"LEPROT","Luminal_Epithelial","ER_Positive","Normal","ER_Positive vs Normal",-1.61004770218111,6.7532092534198,29.0129002497713,5.57821306906378e-05,0.00143588753906415,"Normal_higher"
"CCL28","Luminal_Epithelial","ER_Positive","Normal","ER_Positive vs Normal",-3.9795148891865,5.53824827089736,28.6595688396537,5.62619537416269e-05,0.00144575880102842,"Normal_higher"
"SPDEF","Luminal_Epithelial","ER_Positive","Normal","ER_Positive vs Normal",3.46697484569832,7.17346981005371,28.9144394142447,5.6684566900596e-05,0.00145031062062697,"ER_Positive_higher"
"WDR74","Luminal_Epithelial","ER_Positive","Normal","ER_Positive vs Normal",-2.02929257874091,5.30906844956165,28.9040977840377,5.67146323780849e-05,0.00145031062062697,"Normal_higher"
"LRGUK","Luminal_Epithelial","ER_Positive","Normal","ER_Positive vs Normal",4.0488929065752,0.693995477225352,25.3826048448955,5.67290154133426e-05,0.00145031062062697,"ER_Positive_higher"
"NR4A2","Luminal_Epithelial","ER_Positive","Normal","ER_Positive vs Normal",3.40705268105038,5.91023676465744,28.8583972115996,5.74356491594467e-05,0.00146357923688023,"ER_Positive_higher"
"PBX1","Luminal_Epithelial","ER_Positive","Normal","ER_Positive vs Normal",3.15394857985933,6.69315209912208,28.8476514178992,5.74430712682384e-05,0.00146357923688023,"ER_Positive_higher"
"TMED9","Luminal_Epithelial","ER_Positive","Normal","ER_Positive vs Normal",-1.78494427586583,8.03654504765268,28.8131748402501,5.77720970323445e-05,0.00146910121683988,"Normal_higher"
"NOSTRIN","Luminal_Epithelial","ER_Positive","Normal","ER_Positive vs Normal",3.35547046435223,4.26635094519568,28.8376916457203,5.7855588668779e-05,0.00146910121683988,"ER_Positive_higher"
"PIM1","Luminal_Epithelial","ER_Positive","Normal","ER_Positive vs Normal",-3.42316334988477,3.42990355983674,26.827298526096,5.81981622350526e-05,0.00147530375111729,"Normal_higher"
"FAAH","Luminal_Epithelial","ER_Positive","Normal","ER_Positive vs Normal",2.28049903388344,4.61421503426423,28.7846449930442,5.83516002235249e-05,0.00147669892842232,"ER_Positive_higher"
"PRKX","Luminal_Epithelial","ER_Positive","Normal","ER_Positive vs Normal",-2.70187942325525,2.62491755667887,26.421624120353,5.90616762580403e-05,0.00149215248418251,"Normal_higher"
"THRSP","Luminal_Epithelial","ER_Positive","Normal","ER_Positive vs Normal",6.0701352957774,2.15963305137138,25.7078875513682,6.00553329311888e-05,0.00151470652319051,"ER_Positive_higher"
"CASQ1","Luminal_Epithelial","ER_Positive","Normal","ER_Positive vs Normal",4.56461156562769,-0.586792244579736,23.6813713884507,6.0198247174716e-05,0.00151576358280363,"ER_Positive_higher"
"DFNB31","Luminal_Epithelial","ER_Positive","Normal","ER_Positive vs Normal",2.10631574759404,3.30982392858784,28.4933154461843,6.05272818652238e-05,0.00151625338400501,"ER_Positive_higher"
"AXL","Luminal_Epithelial","ER_Positive","Normal","ER_Positive vs Normal",-3.38261297063834,1.02793048017918,25.7566705522745,6.05382262595673e-05,0.00151625338400501,"Normal_higher"
"IL6ST","Luminal_Epithelial","ER_Positive","Normal","ER_Positive vs Normal",2.69587509316452,7.43941091647833,28.5570368180912,6.05729688101544e-05,0.00151625338400501,"ER_Positive_higher"
"GATA3-AS1","Luminal_Epithelial","ER_Positive","Normal","ER_Positive vs Normal",3.47550772351408,4.97855908352965,28.5788253482326,6.0725597382261e-05,0.00151625338400501,"ER_Positive_higher"
"FAM63A","Luminal_Epithelial","ER_Positive","Normal","ER_Positive vs Normal",2.07275616879847,3.84296158810649,28.539006004814,6.07652087469673e-05,0.00151625338400501,"ER_Positive_higher"
"MSANTD3","Luminal_Epithelial","ER_Positive","Normal","ER_Positive vs Normal",-2.73066542394948,3.39035149196929,27.3355657236468,6.08239179830088e-05,0.00151625338400501,"Normal_higher"
"EIF5B","Luminal_Epithelial","ER_Positive","Normal","ER_Positive vs Normal",-1.99746381620529,7.19760663910445,28.4975927918322,6.14003374521707e-05,0.00152808435181547,"Normal_higher"
"ZNF582-AS1","Luminal_Epithelial","ER_Positive","Normal","ER_Positive vs Normal",-2.53432207811712,1.46149699664377,25.1247034176618,6.18407966955312e-05,0.00153649807286397,"Normal_higher"
"AC053503.4","Luminal_Epithelial","ER_Positive","Normal","ER_Positive vs Normal",3.47590984684666,0.215438535017557,24.4901768103761,6.21022776657185e-05,0.00154044443128833,"ER_Positive_higher"
"TMEM254","Luminal_Epithelial","ER_Positive","Normal","ER_Positive vs Normal",2.27595381453058,5.2733035125892,28.4272259568465,6.23239944915228e-05,0.00154127878129808,"ER_Positive_higher"
"DPY19L2","Luminal_Epithelial","ER_Positive","Normal","ER_Positive vs Normal",3.81560002523298,0.536859323914137,24.8505551128725,6.24952694581151e-05,0.00154127878129808,"ER_Positive_higher"
"SH3BGRL3","Luminal_Epithelial","ER_Positive","Normal","ER_Positive vs Normal",-2.03801555303753,8.82004821169009,28.3877233470794,6.25342070591153e-05,0.00154127878129808,"Normal_higher"
"HIST1H2AM","Luminal_Epithelial","ER_Positive","Normal","ER_Positive vs Normal",6.19113033134095,1.19682741485464,24.6591964931324,6.2620994633588e-05,0.00154127878129808,"ER_Positive_higher"
"NHLRC4","Luminal_Epithelial","ER_Positive","Normal","ER_Positive vs Normal",3.35893810174588,1.47584305908972,26.9604548275656,6.26494340369046e-05,0.00154127878129808,"ER_Positive_higher"
"FBLN5","Luminal_Epithelial","ER_Positive","Normal","ER_Positive vs Normal",-5.73895381020599,6.03673164031785,27.2035411742679,6.30392735809237e-05,0.00154668651919854,"Normal_higher"
"C9orf152","Luminal_Epithelial","ER_Positive","Normal","ER_Positive vs Normal",2.57070182349537,3.80381104353567,28.3449477157218,6.30864677386135e-05,0.00154668651919854,"ER_Positive_higher"
"SF3B3","Luminal_Epithelial","ER_Positive","Normal","ER_Positive vs Normal",-1.83128285275187,4.49136888176668,28.2342758964608,6.31784391463119e-05,0.00154668651919854,"Normal_higher"
"CAV1","Luminal_Epithelial","ER_Positive","Normal","ER_Positive vs Normal",-3.99987133790366,4.28441265967758,26.9871572979777,6.34608942975124e-05,0.00155107107609571,"Normal_higher"
"WDR93","Luminal_Epithelial","ER_Positive","Normal","ER_Positive vs Normal",2.93406039063832,0.939810099299543,26.1179783650045,6.38352567854896e-05,0.00155520104433951,"ER_Positive_higher"
"WWP1","Luminal_Epithelial","ER_Positive","Normal","ER_Positive vs Normal",2.86589793310382,6.10277327860953,28.2901037887481,6.38371322258371e-05,0.00155520104433951,"ER_Positive_higher"
"FAM27C","Luminal_Epithelial","ER_Positive","Normal","ER_Positive vs Normal",-2.61536695348023,2.5044419879679,25.9437637386772,6.45171462867826e-05,0.00156922012046312,"Normal_higher"
"LGALS7B","Luminal_Epithelial","ER_Positive","Normal","ER_Positive vs Normal",-5.55266606283749,1.93552680132749,25.7276537736467,6.54357021032187e-05,0.00158898637777185,"Normal_higher"
"RAN","Luminal_Epithelial","ER_Positive","Normal","ER_Positive vs Normal",-1.94481671383458,8.9064709631395,28.1377026167,6.5562071514421e-05,0.0015894830488157,"Normal_higher"
"CTB-119C2.1","Luminal_Epithelial","ER_Positive","Normal","ER_Positive vs Normal",4.42786448733896,1.4317621504314,25.9470479763608,6.57593092257992e-05,0.00159169347347027,"ER_Positive_higher"
"SPAG7","Luminal_Epithelial","ER_Positive","Normal","ER_Positive vs Normal",-1.63784702747078,5.96599653567227,28.120978028736,6.60229486059334e-05,0.0015955014327363,"Normal_higher"
"RND3","Luminal_Epithelial","ER_Positive","Normal","ER_Positive vs Normal",-2.92671973879225,5.92800908763459,28.0449826655614,6.66519295373478e-05,0.00160811174689225,"Normal_higher"
"GYG2","Luminal_Epithelial","ER_Positive","Normal","ER_Positive vs Normal",3.25471553601988,0.789961649835365,25.4366384118878,6.76878316759985e-05,0.00162461527438235,"ER_Positive_higher"
"IFNAR2","Luminal_Epithelial","ER_Positive","Normal","ER_Positive vs Normal",-2.24827981424071,3.68018059117886,27.4082035013822,6.77335994016644e-05,0.00162461527438235,"Normal_higher"
"CLSTN2","Luminal_Epithelial","ER_Positive","Normal","ER_Positive vs Normal",5.41101314857543,3.80821069216391,27.7374767969175,6.77470218507662e-05,0.00162461527438235,"ER_Positive_higher"
"SLC35G2","Luminal_Epithelial","ER_Positive","Normal","ER_Positive vs Normal",-3.49644084227953,0.551010583567823,25.5464134666,6.77689852577699e-05,0.00162461527438235,"Normal_higher"
"EFHD1","Luminal_Epithelial","ER_Positive","Normal","ER_Positive vs Normal",2.5125577656865,7.653323850794,27.8958352958229,6.86489330391015e-05,0.00164308538774768,"ER_Positive_higher"
"CXCL8","Luminal_Epithelial","ER_Positive","Normal","ER_Positive vs Normal",-6.42911582302725,9.45060764557624,27.8543611333775,6.93638974528359e-05,0.00165755415457756,"Normal_higher"
"CWC15","Luminal_Epithelial","ER_Positive","Normal","ER_Positive vs Normal",-1.47229831593475,6.2274832539152,27.8482952790692,6.95154501055904e-05,0.00165853475315516,"Normal_higher"
"STK32B","Luminal_Epithelial","ER_Positive","Normal","ER_Positive vs Normal",3.43975677981301,1.54626437591471,26.5169623727366,6.98411347093421e-05,0.00166154911445066,"ER_Positive_higher"
"LMBR1","Luminal_Epithelial","ER_Positive","Normal","ER_Positive vs Normal",2.09649650049335,4.29474146570129,27.8247581943579,6.98632299072675e-05,0.00166154911445066,"ER_Positive_higher"
"ARV1","Luminal_Epithelial","ER_Positive","Normal","ER_Positive vs Normal",1.74290332967581,5.16405033630721,27.7643594439285,7.06756748199716e-05,0.00167821179117613,"ER_Positive_higher"
"PRDM1","Luminal_Epithelial","ER_Positive","Normal","ER_Positive vs Normal",-3.66595834464239,1.4682039194981,24.9458117496249,7.13568710750417e-05,0.00169116821357481,"Normal_higher"
"ARAP3","Luminal_Epithelial","ER_Positive","Normal","ER_Positive vs Normal",-3.08391201757651,-0.543970729506854,25.0233667725933,7.14467013664577e-05,0.00169116821357481,"Normal_higher"
"TRIL","Luminal_Epithelial","ER_Positive","Normal","ER_Positive vs Normal",4.62728859025927,3.00986705442106,27.2986439656167,7.21044845284277e-05,0.00170182345121273,"ER_Positive_higher"
"SEPT5","Luminal_Epithelial","ER_Positive","Normal","ER_Positive vs Normal",3.71921961794666,2.27612780680898,27.0654013238001,7.21236566249949e-05,0.00170182345121273,"ER_Positive_higher"
"IL15RA","Luminal_Epithelial","ER_Positive","Normal","ER_Positive vs Normal",-3.03818989513719,2.20538103838511,24.6445846615839,7.28231266151879e-05,0.00171563055119957,"Normal_higher"
"FTH1","Luminal_Epithelial","ER_Positive","Normal","ER_Positive vs Normal",-2.81765959323289,14.6376470627838,27.5585502187862,7.31901720671057e-05,0.00172157509750949,"Normal_higher"
"SPATA20","Luminal_Epithelial","ER_Positive","Normal","ER_Positive vs Normal",2.36190309519879,4.67213598952594,27.5766198792021,7.33554390463347e-05,0.00172216232190022,"ER_Positive_higher"
"TRIM3","Luminal_Epithelial","ER_Positive","Normal","ER_Positive vs Normal",2.1314466016146,3.45066914471646,27.4873727639061,7.36772435426174e-05,0.00172216232190022,"ER_Positive_higher"
"FAM83B","Luminal_Epithelial","ER_Positive","Normal","ER_Positive vs Normal",-3.83153682888693,1.26646299909032,24.9436328921998,7.37370607577417e-05,0.00172216232190022,"Normal_higher"
"MTSS1","Luminal_Epithelial","ER_Positive","Normal","ER_Positive vs Normal",2.83909281032108,4.17933902679363,27.5456273369052,7.37773519035594e-05,0.00172216232190022,"ER_Positive_higher"
"TAX1BP3","Luminal_Epithelial","ER_Positive","Normal","ER_Positive vs Normal",-2.43324020077909,5.48809191577968,27.5012825821332,7.38724584501951e-05,0.00172216232190022,"Normal_higher"
"TLE1","Luminal_Epithelial","ER_Positive","Normal","ER_Positive vs Normal",-2.14008032215643,4.79105357983898,27.4364752020948,7.39175385477231e-05,0.00172216232190022,"Normal_higher"
"WFDC3","Luminal_Epithelial","ER_Positive","Normal","ER_Positive vs Normal",-3.08101523815909,3.35097070111459,25.9951318820233,7.40184379040208e-05,0.00172216232190022,"Normal_higher"
"WDR90","Luminal_Epithelial","ER_Positive","Normal","ER_Positive vs Normal",2.35082859952243,3.05919006738626,27.3670968023069,7.43655420169855e-05,0.00172637937868992,"ER_Positive_higher"
"FAM129B","Luminal_Epithelial","ER_Positive","Normal","ER_Positive vs Normal",-1.79093936262636,4.75159033955056,27.4275866587793,7.44297633112797e-05,0.00172637937868992,"Normal_higher"
"BCKDHB","Luminal_Epithelial","ER_Positive","Normal","ER_Positive vs Normal",2.08846949924609,3.62149424740921,27.4224457950929,7.48771068008617e-05,0.00173407521876625,"ER_Positive_higher"
"RP11-680A11.5","Luminal_Epithelial","ER_Positive","Normal","ER_Positive vs Normal",-4.19248493029358,0.217722937675072,24.6174537814335,7.53700707877973e-05,0.00174280223776961,"Normal_higher"
"LOXL2","Luminal_Epithelial","ER_Positive","Normal","ER_Positive vs Normal",-3.90347137227737,0.444021161194367,24.9921407580247,7.69616147566123e-05,0.00177686608100382,"Normal_higher"
"DHRS2","Luminal_Epithelial","ER_Positive","Normal","ER_Positive vs Normal",11.4415979969152,7.68475775246913,25.090899426784,7.71359561203616e-05,0.00177815559677153,"ER_Positive_higher"
"PREX1","Luminal_Epithelial","ER_Positive","Normal","ER_Positive vs Normal",3.75635477637664,4.27970901366175,27.2640406185101,7.8025653448126e-05,0.00179590641303072,"ER_Positive_higher"
"SMOC2","Luminal_Epithelial","ER_Positive","Normal","ER_Positive vs Normal",6.01397479337717,4.34807569734975,27.0016582298288,7.81959745528709e-05,0.0017962589431385,"ER_Positive_higher"
"UBASH3B","Luminal_Epithelial","ER_Positive","Normal","ER_Positive vs Normal",-4.8121268477697,1.30023333022387,24.9253987591917,7.8280359086598e-05,0.0017962589431385,"Normal_higher"
"TTC23L","Luminal_Epithelial","ER_Positive","Normal","ER_Positive vs Normal",3.91999771673579,-0.863725693842731,22.5914600964314,7.86538231477204e-05,0.00179990996147348,"ER_Positive_higher"
"AC074212.6","Luminal_Epithelial","ER_Positive","Normal","ER_Positive vs Normal",4.70328427864786,0.907370838411721,23.8210877296092,7.86793452873063e-05,0.00179990996147348,"ER_Positive_higher"
"POLR3D","Luminal_Epithelial","ER_Positive","Normal","ER_Positive vs Normal",-1.77641091720973,4.18486577091997,26.9922459791383,7.92374884146388e-05,0.00180991931299617,"Normal_higher"
"LINC01087","Luminal_Epithelial","ER_Positive","Normal","ER_Positive vs Normal",8.18363078888001,2.59830370112453,24.8950191917888,7.98214652894813e-05,0.00181927904531983,"ER_Positive_higher"
"DEK","Luminal_Epithelial","ER_Positive","Normal","ER_Positive vs Normal",-1.8423726125557,6.62415629223424,27.1235642596365,7.9889710859317e-05,0.00181927904531983,"Normal_higher"
"CAPN9","Luminal_Epithelial","ER_Positive","Normal","ER_Positive vs Normal",5.54051640909388,1.5334203883963,24.0125602851503,8.05303549552334e-05,0.00183078824932423,"ER_Positive_higher"
"NMB","Luminal_Epithelial","ER_Positive","Normal","ER_Positive vs Normal",-3.63873267535599,4.46886961099122,26.3278493997383,8.0639103938383e-05,0.00183078824932423,"Normal_higher"
"SLC23A1","Luminal_Epithelial","ER_Positive","Normal","ER_Positive vs Normal",4.55690346065923,-0.75746616502442,22.6863572915748,8.15451904568432e-05,0.00184856295043179,"ER_Positive_higher"
"LRRCC1","Luminal_Epithelial","ER_Positive","Normal","ER_Positive vs Normal",2.32542059065006,4.16432393532384,27.0082243119229,8.17502695289634e-05,0.00185041673427022,"ER_Positive_higher"
"GBE1","Luminal_Epithelial","ER_Positive","Normal","ER_Positive vs Normal",-2.57645514864535,4.07854789689309,26.5547965749522,8.19951852193902e-05,0.00185316527799306,"Normal_higher"
"PHGDH","Luminal_Epithelial","ER_Positive","Normal","ER_Positive vs Normal",-3.19092031075572,4.47200601092683,26.4914862336812,8.22901519952912e-05,0.00185634303072685,"Normal_higher"
"AK1","Luminal_Epithelial","ER_Positive","Normal","ER_Positive vs Normal",-1.88877888594823,6.30316393985279,26.9648024585424,8.24494955220848e-05,0.00185634303072685,"Normal_higher"
"FAM174A","Luminal_Epithelial","ER_Positive","Normal","ER_Positive vs Normal",2.59932969957628,6.31130596283799,26.9503623882136,8.25235195661669e-05,0.00185634303072685,"ER_Positive_higher"
"KCNJ11","Luminal_Epithelial","ER_Positive","Normal","ER_Positive vs Normal",3.87502565298276,1.36274275324669,25.2071979346303,8.28224885230291e-05,0.00185634303072685,"ER_Positive_higher"
"MRPL47","Luminal_Epithelial","ER_Positive","Normal","ER_Positive vs Normal",-1.85915357324419,6.39277326048633,26.9399745367856,8.28331793874529e-05,0.00185634303072685,"Normal_higher"
"TUBA3D","Luminal_Epithelial","ER_Positive","Normal","ER_Positive vs Normal",10.6191303869557,4.8849719364566,25.1461656030315,8.28779789822741e-05,0.00185634303072685,"ER_Positive_higher"
"NETO2","Luminal_Epithelial","ER_Positive","Normal","ER_Positive vs Normal",-3.99366521828064,1.54173349335592,24.373714129989,8.34980011232885e-05,0.00186438321318974,"Normal_higher"
"DNAI1","Luminal_Epithelial","ER_Positive","Normal","ER_Positive vs Normal",4.14888197122828,-0.209390452950102,22.2793605992525,8.36307256449245e-05,0.00186438321318974,"ER_Positive_higher"
"TMEM47","Luminal_Epithelial","ER_Positive","Normal","ER_Positive vs Normal",-2.95741790164738,1.21129788980296,24.018120339546,8.36462471854753e-05,0.00186438321318974,"Normal_higher"
"TRAF3IP2","Luminal_Epithelial","ER_Positive","Normal","ER_Positive vs Normal",-2.0751230725585,4.0625260844202,26.6050339801317,8.37338765702594e-05,0.00186438321318974,"Normal_higher"
"PLEKHF1","Luminal_Epithelial","ER_Positive","Normal","ER_Positive vs Normal",-3.50151724506132,3.68618977309212,25.3876291407417,8.44372895696999e-05,0.0018772598586259,"Normal_higher"
"SDCBP2","Luminal_Epithelial","ER_Positive","Normal","ER_Positive vs Normal",-5.28023269206894,5.49855699519762,25.621584941475,8.48037226216656e-05,0.00188261755234221,"Normal_higher"
"CCDC74B","Luminal_Epithelial","ER_Positive","Normal","ER_Positive vs Normal",5.32447499279162,4.11199950706519,26.6808815554905,8.52789253853383e-05,0.00188975723033989,"ER_Positive_higher"
"FGD3","Luminal_Epithelial","ER_Positive","Normal","ER_Positive vs Normal",4.39582391821088,2.89785139620787,26.4520847339122,8.53958012890893e-05,0.00188975723033989,"ER_Positive_higher"
"KAT6B","Luminal_Epithelial","ER_Positive","Normal","ER_Positive vs Normal",2.63311532371118,5.39023373192942,26.7798072467528,8.55031091757705e-05,0.00188975723033989,"ER_Positive_higher"
"EIF3J","Luminal_Epithelial","ER_Positive","Normal","ER_Positive vs Normal",-2.20125466469755,6.86641080234853,26.7484206147648,8.5954461069111e-05,0.00188995420788788,"Normal_higher"
"KCMF1","Luminal_Epithelial","ER_Positive","Normal","ER_Positive vs Normal",-1.99505751878421,4.89622338842693,26.6868532099813,8.60167625183628e-05,0.00188995420788788,"Normal_higher"
"NPEPL1","Luminal_Epithelial","ER_Positive","Normal","ER_Positive vs Normal",2.31812870347827,3.58963506319629,26.7066112947534,8.60770203225503e-05,0.00188995420788788,"ER_Positive_higher"
"SPEF1","Luminal_Epithelial","ER_Positive","Normal","ER_Positive vs Normal",3.79344321973297,2.10773980641834,26.0156558402246,8.61173280815897e-05,0.00188995420788788,"ER_Positive_higher"
"CFAP44","Luminal_Epithelial","ER_Positive","Normal","ER_Positive vs Normal",2.72945985331014,2.27568493071141,26.300683586407,8.6141712413894e-05,0.00188995420788788,"ER_Positive_higher"
"TMEM208","Luminal_Epithelial","ER_Positive","Normal","ER_Positive vs Normal",-1.69950901313951,6.86765569318268,26.7208550621808,8.6383277162515e-05,0.00189248735821586,"Normal_higher"
"PDCD11","Luminal_Epithelial","ER_Positive","Normal","ER_Positive vs Normal",-1.98765010629228,3.60467752228344,26.2097297910291,8.69734816470003e-05,0.00190263999865384,"Normal_higher"
"LRR1","Luminal_Epithelial","ER_Positive","Normal","ER_Positive vs Normal",-1.85049297154242,3.42418103734959,26.067558835575,8.85117362827211e-05,0.00193347252750334,"Normal_higher"
"DUSP7","Luminal_Epithelial","ER_Positive","Normal","ER_Positive vs Normal",-2.71826661238225,1.80458866037804,23.685892499225,8.86545491872329e-05,0.00193377735414652,"Normal_higher"
"CYP4X1","Luminal_Epithelial","ER_Positive","Normal","ER_Positive vs Normal",5.77673317014511,5.62787819668183,26.5632513800213,8.92608255076502e-05,0.00194417591929362,"ER_Positive_higher"
"TXNL4B","Luminal_Epithelial","ER_Positive","Normal","ER_Positive vs Normal",-2.14630168038171,3.04107142502043,25.5425498510164,8.94675253844656e-05,0.00194585384557199,"Normal_higher"
"SLC35C1","Luminal_Epithelial","ER_Positive","Normal","ER_Positive vs Normal",-1.9694205282797,3.0037183339555,25.606950461384,8.9753272623164e-05,0.00194924365015314,"Normal_higher"
"C2CD5","Luminal_Epithelial","ER_Positive","Normal","ER_Positive vs Normal",1.98018379990071,2.62354676070435,26.2301790189866,9.0207643861624e-05,0.00195628050784883,"ER_Positive_higher"
"EXOSC7","Luminal_Epithelial","ER_Positive","Normal","ER_Positive vs Normal",-1.79939429471273,5.37938313621268,26.4723846990596,9.06024888931476e-05,0.0019620080098405,"Normal_higher"
"C19orf45","Luminal_Epithelial","ER_Positive","Normal","ER_Positive vs Normal",5.15898452123407,1.3474878314388,23.5679073283867,9.09964683552589e-05,0.00196770028905961,"ER_Positive_higher"
"AR","Luminal_Epithelial","ER_Positive","Normal","ER_Positive vs Normal",3.36158010247686,6.4331326122787,26.4228654243739,9.15294089922122e-05,0.001976376749275,"ER_Positive_higher"
"GNB1L","Luminal_Epithelial","ER_Positive","Normal","ER_Positive vs Normal",-1.94136683152332,2.88507750001343,25.3535354633926,9.22635946671169e-05,0.0019893674786917,"Normal_higher"
"EGFR","Luminal_Epithelial","ER_Positive","Normal","ER_Positive vs Normal",-4.7120541789121,3.43111625535916,23.4891667101012,9.26727581476694e-05,0.00199532292901302,"Normal_higher"
"KHDRBS3","Luminal_Epithelial","ER_Positive","Normal","ER_Positive vs Normal",-3.47647477731489,2.31454014346183,23.4504874170683,9.28428304981543e-05,0.00199612085571032,"Normal_higher"
"GOLPH3","Luminal_Epithelial","ER_Positive","Normal","ER_Positive vs Normal",1.69656138082671,6.10058722606337,26.3418726328119,9.30282586661758e-05,0.00199644681203364,"ER_Positive_higher"
"GNAZ","Luminal_Epithelial","ER_Positive","Normal","ER_Positive vs Normal",3.27682141705963,-0.0963541613637076,22.520092124288,9.31240600002365e-05,0.00199644681203364,"ER_Positive_higher"
"FN3K","Luminal_Epithelial","ER_Positive","Normal","ER_Positive vs Normal",3.67681389299075,5.10216989567052,26.3328196335144,9.35720936672132e-05,0.0020022083245604,"ER_Positive_higher"
"AKR1C3","Luminal_Epithelial","ER_Positive","Normal","ER_Positive vs Normal",-7.38987102495151,7.51193910494719,25.1527723011555,9.36596417566069e-05,0.0020022083245604,"Normal_higher"
"DFNA5","Luminal_Epithelial","ER_Positive","Normal","ER_Positive vs Normal",-5.39343614335296,1.39140089593409,23.9436781057557,9.38297806736572e-05,0.00200299220280167,"Normal_higher"
"BCAR1","Luminal_Epithelial","ER_Positive","Normal","ER_Positive vs Normal",-2.01377766208325,3.78231584978733,25.9011871123975,9.43444083724871e-05,0.00200884826227582,"Normal_higher"
"FAM89A","Luminal_Epithelial","ER_Positive","Normal","ER_Positive vs Normal",-3.63816435829135,0.515822453076474,24.0987256559972,9.4474544686623e-05,0.00200884826227582,"Normal_higher"
"EIF3I","Luminal_Epithelial","ER_Positive","Normal","ER_Positive vs Normal",-1.81445048983459,7.61482812368367,26.258779906378,9.45056888896335e-05,0.00200884826227582,"Normal_higher"
"TKT","Luminal_Epithelial","ER_Positive","Normal","ER_Positive vs Normal",-2.76090052577109,7.95270775580629,26.2163938235687,9.53533294070633e-05,0.00202399917172815,"Normal_higher"
"CFAP61","Luminal_Epithelial","ER_Positive","Normal","ER_Positive vs Normal",3.60803735962856,0.0175314625529239,22.2807681634224,9.60806338417937e-05,0.00203655659896017,"ER_Positive_higher"
"RP11-483P21.2","Luminal_Epithelial","ER_Positive","Normal","ER_Positive vs Normal",3.83386356874088,1.95074583263009,25.3046428194362,9.63211059423536e-05,0.00203877409996742,"ER_Positive_higher"
"CACNA1H","Luminal_Epithelial","ER_Positive","Normal","ER_Positive vs Normal",6.30465115337484,1.04348950008565,22.9647594556937,9.66111089990204e-05,0.00203941621221868,"ER_Positive_higher"
"FSCN1","Luminal_Epithelial","ER_Positive","Normal","ER_Positive vs Normal",-3.25422339737087,3.5310636272603,24.7583317999442,9.6623237614945e-05,0.00203941621221868,"Normal_higher"
"AGR3","Luminal_Epithelial","ER_Positive","Normal","ER_Positive vs Normal",4.70401944839199,9.24181544838358,26.1239429650026,9.69094891928934e-05,0.00204258525887325,"ER_Positive_higher"
"FBXO15","Luminal_Epithelial","ER_Positive","Normal","ER_Positive vs Normal",2.78294114682871,1.38393015304179,24.8586671589449,9.77295682425608e-05,0.00205698124911095,"ER_Positive_higher"
"PRUNE","Luminal_Epithelial","ER_Positive","Normal","ER_Positive vs Normal",1.99956631521694,3.81720459443545,26.0221226002532,9.88680709566948e-05,0.00207802960902958,"ER_Positive_higher"
"BIN3","Luminal_Epithelial","ER_Positive","Normal","ER_Positive vs Normal",-1.72556554432131,3.9534962161559,25.7894290408809,9.93070593311936e-05,0.00208433711801849,"Normal_higher"
"TCP10L","Luminal_Epithelial","ER_Positive","Normal","ER_Positive vs Normal",-3.42532273252935,-0.0753554317310594,23.8068202340886,9.9485369325018e-05,0.00208516332047562,"Normal_higher"
"GLI3","Luminal_Epithelial","ER_Positive","Normal","ER_Positive vs Normal",2.3539525596338,3.94439848458846,25.9851682442699,9.98800332877784e-05,0.00209051556422551,"ER_Positive_higher"
"CBX4","Luminal_Epithelial","ER_Positive","Normal","ER_Positive vs Normal",2.38320184749298,4.82595200664703,25.9729664925585,0.000100401083101063,0.00209849450431427,"ER_Positive_higher"
"RP11-321G12.1","Luminal_Epithelial","ER_Positive","Normal","ER_Positive vs Normal",4.90446892611191,2.00943771391583,24.5045197854104,0.000100930260369695,0.00210662088646455,"ER_Positive_higher"
"CD274","Luminal_Epithelial","ER_Positive","Normal","ER_Positive vs Normal",-3.05133020401878,1.16558083357396,23.2876560315934,0.000101250517484916,0.00211037016096685,"Normal_higher"
"FDPS","Luminal_Epithelial","ER_Positive","Normal","ER_Positive vs Normal",-2.01963613445892,7.29664067083002,25.8795061935417,0.000102015604600514,0.00212150457936042,"Normal_higher"
"CCK","Luminal_Epithelial","ER_Positive","Normal","ER_Positive vs Normal",-5.10326587309431,3.37789719465886,23.0212082923125,0.000102201591074577,0.00212150457936042,"Normal_higher"
"RUNX3","Luminal_Epithelial","ER_Positive","Normal","ER_Positive vs Normal",-3.00140962450503,0.43855162917881,23.649734101106,0.000102208823274311,0.00212150457936042,"Normal_higher"
"CHST9","Luminal_Epithelial","ER_Positive","Normal","ER_Positive vs Normal",-4.36489270080911,1.09596204784596,23.7320952052914,0.000102618887823387,0.00212707410160989,"Normal_higher"
"OSBPL10-AS1","Luminal_Epithelial","ER_Positive","Normal","ER_Positive vs Normal",-3.48577659753529,-0.528825791891106,23.2228666515678,0.000102795971375596,0.00212780571370147,"Normal_higher"
"FDCSP","Luminal_Epithelial","ER_Positive","Normal","ER_Positive vs Normal",-8.33927375229796,8.93441140814805,25.1450972732451,0.000103130782875729,0.00213179567302489,"Normal_higher"
"MYO15B","Luminal_Epithelial","ER_Positive","Normal","ER_Positive vs Normal",2.58923519145312,2.33762436115555,25.4043253245661,0.00010414130041634,0.00214955816427654,"ER_Positive_higher"
"CTD-2517O10.6","Luminal_Epithelial","ER_Positive","Normal","ER_Positive vs Normal",2.73534411449095,2.24904584201939,25.3490498550477,0.000104276560511316,0.00214955816427654,"ER_Positive_higher"
"DRAIC","Luminal_Epithelial","ER_Positive","Normal","ER_Positive vs Normal",5.56881461952752,2.53181618699331,24.3974976856442,0.000104945839822049,0.00216038713060286,"ER_Positive_higher"
"PEX14","Luminal_Epithelial","ER_Positive","Normal","ER_Positive vs Normal",-1.78604352016186,3.67507544101948,25.3868951450297,0.000105235684137094,0.0021633861806101,"Normal_higher"
"TCEA3","Luminal_Epithelial","ER_Positive","Normal","ER_Positive vs Normal",3.7017858481303,6.12730393683841,25.6306085382121,0.000107316810946262,0.00220315100119091,"ER_Positive_higher"
"ACAT2","Luminal_Epithelial","ER_Positive","Normal","ER_Positive vs Normal",-2.11725488546492,5.20772157821082,25.5892792720908,0.000107587536578683,0.00220569147737198,"Normal_higher"
"DAPP1","Luminal_Epithelial","ER_Positive","Normal","ER_Positive vs Normal",-3.26506618850556,4.47908578254449,25.1042604705068,0.000108525189779893,0.00222187929471604,"Normal_higher"
"SYT13","Luminal_Epithelial","ER_Positive","Normal","ER_Positive vs Normal",7.55527199388211,1.3604496377498,23.763776514707,0.000109007280670859,0.00222829646698488,"ER_Positive_higher"
"RCAN1","Luminal_Epithelial","ER_Positive","Normal","ER_Positive vs Normal",-3.71276083850735,6.46153143979958,25.5177049921655,0.000109219274093117,0.00222829646698488,"Normal_higher"
"BCAS1","Luminal_Epithelial","ER_Positive","Normal","ER_Positive vs Normal",5.91581389062913,3.97691164834026,25.2101091056443,0.000109405891208096,0.00222829646698488,"ER_Positive_higher"
"PABPC1L","Luminal_Epithelial","ER_Positive","Normal","ER_Positive vs Normal",2.16026967048566,2.6087674719667,25.2798965207672,0.000109432564547735,0.00222829646698488,"ER_Positive_higher"
"SFXN2","Luminal_Epithelial","ER_Positive","Normal","ER_Positive vs Normal",3.01255775087435,2.61937484638462,25.2100774070486,0.000111231600028402,0.00226180498966522,"ER_Positive_higher"
"SLC7A6OS","Luminal_Epithelial","ER_Positive","Normal","ER_Positive vs Normal",-2.13374398230255,3.8152875542552,25.0765606237219,0.000111379615337016,0.00226180498966522,"Normal_higher"
"KANTR","Luminal_Epithelial","ER_Positive","Normal","ER_Positive vs Normal",4.72210134208593,0.316022276518092,21.5424205511754,0.000111829898201318,0.00226788011122591,"ER_Positive_higher"
"ANKMY1","Luminal_Epithelial","ER_Positive","Normal","ER_Positive vs Normal",1.9843165129437,2.70839571330962,25.1972166935222,0.000111983519596343,0.00226793074032701,"ER_Positive_higher"
"GNA15","Luminal_Epithelial","ER_Positive","Normal","ER_Positive vs Normal",-3.42468066440256,3.68048066431284,24.1505192733516,0.000112715956695064,0.00227968781957255,"Normal_higher"
"EGR2","Luminal_Epithelial","ER_Positive","Normal","ER_Positive vs Normal",6.33572360929868,4.6875176379256,25.1742824651863,0.000112991234737541,0.00227979138496851,"ER_Positive_higher"
"SIKE1","Luminal_Epithelial","ER_Positive","Normal","ER_Positive vs Normal",-1.50313072492212,5.00823628971832,25.3578662984182,0.000113024907737494,0.00227979138496851,"Normal_higher"
"TNRC6C","Luminal_Epithelial","ER_Positive","Normal","ER_Positive vs Normal",2.2742232760031,3.95568525057773,25.3555192346488,0.0001133511889162,0.0022833037477388,"ER_Positive_higher"
"TMEM26","Luminal_Epithelial","ER_Positive","Normal","ER_Positive vs Normal",5.56053448364922,2.6264644090767,24.1781788191398,0.000113620821323988,0.00228463978703181,"ER_Positive_higher"
"TTC6","Luminal_Epithelial","ER_Positive","Normal","ER_Positive vs Normal",4.60150656759611,4.20481480447899,25.3403571724933,0.000113721991131656,0.00228463978703181,"ER_Positive_higher"
"SUMF1","Luminal_Epithelial","ER_Positive","Normal","ER_Positive vs Normal",2.3227438808877,5.1808861990304,25.3299075562167,0.000114201879605003,0.00228885170747162,"ER_Positive_higher"
"MATN4","Luminal_Epithelial","ER_Positive","Normal","ER_Positive vs Normal",-4.19275702024838,0.696388610391939,23.2570971120308,0.000114297711631701,0.00228885170747162,"Normal_higher"
"PIK3CD","Luminal_Epithelial","ER_Positive","Normal","ER_Positive vs Normal",-2.50240936181891,0.0742917030732574,23.1537340971235,0.000114389203745166,0.00228885170747162,"Normal_higher"
"EID3","Luminal_Epithelial","ER_Positive","Normal","ER_Positive vs Normal",-2.95594892802141,1.84503499101897,22.568105712975,0.000114762360899321,0.00229326065248484,"Normal_higher"
"PCMTD2","Luminal_Epithelial","ER_Positive","Normal","ER_Positive vs Normal",2.73325282075121,4.47886092233143,25.3020316562338,0.000114997264983391,0.0022948988771353,"ER_Positive_higher"
"ERICH3","Luminal_Epithelial","ER_Positive","Normal","ER_Positive vs Normal",6.45150876362615,0.535823366746552,22.383096213893,0.000115399727512683,0.00229796917804225,"ER_Positive_higher"
"MAN1C1","Luminal_Epithelial","ER_Positive","Normal","ER_Positive vs Normal",4.08763447778471,0.609550131155788,22.261973510204,0.000115457370576654,0.00229796917804225,"ER_Positive_higher"
"ESRRA","Luminal_Epithelial","ER_Positive","Normal","ER_Positive vs Normal",-2.39363822921934,4.0552951393417,24.912228727748,0.000115883807078213,0.00230126830104494,"Normal_higher"
"SRPK3","Luminal_Epithelial","ER_Positive","Normal","ER_Positive vs Normal",4.89039504083958,0.690873174514739,21.776219741444,0.000115929821789163,0.00230126830104494,"ER_Positive_higher"
"CUTC","Luminal_Epithelial","ER_Positive","Normal","ER_Positive vs Normal",-1.44293629940668,3.83148368432647,25.0304126104968,0.000116409634812257,0.00230774027691881,"Normal_higher"
"DLX2","Luminal_Epithelial","ER_Positive","Normal","ER_Positive vs Normal",5.91147299624285,2.87025487373307,23.9724584500753,0.000117764230696179,0.00233151426128965,"ER_Positive_higher"
"RP11-253M7.1","Luminal_Epithelial","ER_Positive","Normal","ER_Positive vs Normal",3.73733680549405,1.65219343390178,24.0446765946463,0.000118315950271082,0.00233935107472743,"ER_Positive_higher"
"SLC16A1-AS1","Luminal_Epithelial","ER_Positive","Normal","ER_Positive vs Normal",-3.39118439126263,1.38352720266631,22.666411664453,0.000118988693457637,0.00234955700357732,"Normal_higher"
"RSPH1","Luminal_Epithelial","ER_Positive","Normal","ER_Positive vs Normal",2.78433007886049,3.87897920122905,25.0961033832158,0.000119543269901988,0.00235328426596099,"ER_Positive_higher"
"MRPS22","Luminal_Epithelial","ER_Positive","Normal","ER_Positive vs Normal",-1.74214532108081,4.86438035459172,25.0577040993773,0.000119628837822549,0.00235328426596099,"Normal_higher"
"SIK1","Luminal_Epithelial","ER_Positive","Normal","ER_Positive vs Normal",4.66881918644838,2.45175376813601,24.3852679179422,0.000119647890646248,0.00235328426596099,"ER_Positive_higher"
"COL6A3","Luminal_Epithelial","ER_Positive","Normal","ER_Positive vs Normal",3.18031675143288,0.849474546402341,23.0618012206628,0.000120056039998101,0.00235822119404647,"ER_Positive_higher"
"SOGA1","Luminal_Epithelial","ER_Positive","Normal","ER_Positive vs Normal",2.08899209460021,2.85772456782508,24.9067043966698,0.000120237364639099,0.00235869559626007,"ER_Positive_higher"
"NDRG1","Luminal_Epithelial","ER_Positive","Normal","ER_Positive vs Normal",-3.31075935775481,6.02487848291187,25.0242392728216,0.000120536796494207,0.00235951668365707,"Normal_higher"
"OVCA2","Luminal_Epithelial","ER_Positive","Normal","ER_Positive vs Normal",9.54706101358524,3.97099233322763,23.2388019712335,0.000120593676042179,0.00235951668365707,"ER_Positive_higher"
"SFTPD","Luminal_Epithelial","ER_Positive","Normal","ER_Positive vs Normal",2.20504756535179,0.126132710518285,22.273660494336,0.000121160837172352,0.00236752693156965,"ER_Positive_higher"
"CHN1","Luminal_Epithelial","ER_Positive","Normal","ER_Positive vs Normal",-3.07030197691712,0.896340661170087,22.7414302318224,0.000121443516617015,0.00236767691672656,"Normal_higher"
"TYW5","Luminal_Epithelial","ER_Positive","Normal","ER_Positive vs Normal",-1.58469407385461,3.32395909967063,24.5699066345728,0.000121484055832575,0.00236767691672656,"Normal_higher"
"SLC19A2","Luminal_Epithelial","ER_Positive","Normal","ER_Positive vs Normal",3.09543841413156,5.35974163710021,24.9939217665606,0.000122288434201721,0.00237833259307439,"ER_Positive_higher"
"ZNF143","Luminal_Epithelial","ER_Positive","Normal","ER_Positive vs Normal",-1.74826955332668,3.65495845242119,24.6619504869384,0.000122347755171149,0.00237833259307439,"Normal_higher"
"CRACR2B","Luminal_Epithelial","ER_Positive","Normal","ER_Positive vs Normal",3.81037095392799,7.08626156956682,24.9674006579047,0.000122569455823584,0.00237955992696575,"ER_Positive_higher"
"LEPR","Luminal_Epithelial","ER_Positive","Normal","ER_Positive vs Normal",-2.4465081835628,1.67462576851385,22.3594673956286,0.000122825936838781,0.0023814584420408,"Normal_higher"
"RRP9","Luminal_Epithelial","ER_Positive","Normal","ER_Positive vs Normal",-1.83524497232447,4.38241429601598,24.8393569205712,0.000123168987720956,0.00238502838545598,"Normal_higher"
"TMBIM1","Luminal_Epithelial","ER_Positive","Normal","ER_Positive vs Normal",-2.30906519280704,5.52253144265622,24.9048710048679,0.000124005543899721,0.00239550496035725,"Normal_higher"
"TFF3","Luminal_Epithelial","ER_Positive","Normal","ER_Positive vs Normal",6.01000335115243,9.29545923982564,24.9054910449485,0.000124029276617418,0.00239550496035725,"ER_Positive_higher"
"DQX1","Luminal_Epithelial","ER_Positive","Normal","ER_Positive vs Normal",5.93143298339459,0.319001026778447,21.6702605904086,0.000124445608464665,0.00240045661469052,"ER_Positive_higher"
"CCDC157","Luminal_Epithelial","ER_Positive","Normal","ER_Positive vs Normal",2.47116429616805,3.24316383674651,24.8066587577071,0.00012509883084565,0.00240387396124197,"ER_Positive_higher"
"PGAP2","Luminal_Epithelial","ER_Positive","Normal","ER_Positive vs Normal",1.49958816306835,4.5205142978061,24.878212497951,0.000125194682140924,0.00240387396124197,"ER_Positive_higher"
"CERS4","Luminal_Epithelial","ER_Positive","Normal","ER_Positive vs Normal",2.38553066065644,6.01111504426704,24.8656500983257,0.000125301022572131,0.00240387396124197,"ER_Positive_higher"
"MAP7D1","Luminal_Epithelial","ER_Positive","Normal","ER_Positive vs Normal",-1.96546641307346,5.28529872965993,24.8514448920818,0.000125352085409758,0.00240387396124197,"Normal_higher"
"ACHE","Luminal_Epithelial","ER_Positive","Normal","ER_Positive vs Normal",-2.77878174477984,1.4465703793975,22.1990674433623,0.000125423689721627,0.00240387396124197,"Normal_higher"
"SLC1A3","Luminal_Epithelial","ER_Positive","Normal","ER_Positive vs Normal",-3.40233369820805,0.250748480684263,22.8644626864658,0.000126204659719505,0.00241575679644211,"Normal_higher"
"STARD4","Luminal_Epithelial","ER_Positive","Normal","ER_Positive vs Normal",-3.97258914590554,0.953733637690923,22.830598751713,0.000126671981128691,0.00242161327490225,"Normal_higher"
"COPG2","Luminal_Epithelial","ER_Positive","Normal","ER_Positive vs Normal",1.7751330706374,3.94072574515074,24.7368712348814,0.000128446198190556,0.0024524072471319,"ER_Positive_higher"
"EME2","Luminal_Epithelial","ER_Positive","Normal","ER_Positive vs Normal",2.20314255718554,2.68562304518459,24.4827926522178,0.000129866522184134,0.00247637471209313,"ER_Positive_higher"
"GNA14","Luminal_Epithelial","ER_Positive","Normal","ER_Positive vs Normal",4.47508899279778,-0.222982861404189,20.6776643154343,0.000130224107644384,0.00248004211093816,"ER_Positive_higher"
"MYL12B","Luminal_Epithelial","ER_Positive","Normal","ER_Positive vs Normal",-1.62649357145724,9.3989533101609,24.6177704995233,0.000131592964969736,0.00249774339496023,"Normal_higher"
"LYAR","Luminal_Epithelial","ER_Positive","Normal","ER_Positive vs Normal",-2.2823228282539,4.95565138044423,24.5666664894169,0.000131622250543223,0.00249774339496023,"Normal_higher"
"PERM1","Luminal_Epithelial","ER_Positive","Normal","ER_Positive vs Normal",3.22223485857173,1.79162701721924,23.8548191924691,0.000131652897008965,0.00249774339496023,"ER_Positive_higher"
"MTL5","Luminal_Epithelial","ER_Positive","Normal","ER_Positive vs Normal",2.71914491579398,4.85766082030822,24.632120000769,0.000131850140695634,0.00249832709775174,"ER_Positive_higher"
"TNFRSF12A","Luminal_Epithelial","ER_Positive","Normal","ER_Positive vs Normal",-2.53628619508315,8.5808905929816,24.6020163589681,0.000132113317469329,0.00249874274554341,"Normal_higher"
"FAM43A","Luminal_Epithelial","ER_Positive","Normal","ER_Positive vs Normal",-3.01483807536309,2.30085259603012,22.250233144465,0.000132346670095395,0.00249874274554341,"Normal_higher"
"HNRNPH3","Luminal_Epithelial","ER_Positive","Normal","ER_Positive vs Normal",-1.73769671153724,6.72190962522643,24.6020580035998,0.000132371592104152,0.00249874274554341,"Normal_higher"
"FAS","Luminal_Epithelial","ER_Positive","Normal","ER_Positive vs Normal",-2.82739788690476,2.94365522539374,23.0056256605876,0.000133662170542555,0.00251993491624638,"Normal_higher"
"FSIP1","Luminal_Epithelial","ER_Positive","Normal","ER_Positive vs Normal",6.22464802282448,6.31793692944121,24.5369427029027,0.000134340224891896,0.00252936216767051,"ER_Positive_higher"
"THEM6","Luminal_Epithelial","ER_Positive","Normal","ER_Positive vs Normal",1.62765544249591,4.67216031173544,24.5312020145881,0.000134499300979614,0.00252936216767051,"ER_Positive_higher"
"FABP4","Luminal_Epithelial","ER_Positive","Normal","ER_Positive vs Normal",8.66399051109607,2.43282543815371,23.4305485256356,0.000135541088456411,0.00254576359757867,"ER_Positive_higher"
"VLDLR","Luminal_Epithelial","ER_Positive","Normal","ER_Positive vs Normal",-2.12662545074466,1.80756675820382,22.243817558325,0.000135843614686056,0.00254740454985813,"Normal_higher"
"MIR4435-2HG","Luminal_Epithelial","ER_Positive","Normal","ER_Positive vs Normal",-3.10276184410409,5.80803447196267,24.4333019696589,0.000136024572084242,0.00254740454985813,"Normal_higher"
"CTSC","Luminal_Epithelial","ER_Positive","Normal","ER_Positive vs Normal",-3.53382007804184,5.75318671665677,24.3803655789528,0.000136137699006212,0.00254740454985813,"Normal_higher"
"C2orf88","Luminal_Epithelial","ER_Positive","Normal","ER_Positive vs Normal",-3.24276100334987,-0.123272705405346,22.4928419778337,0.000136404098532835,0.00254921084269271,"Normal_higher"
"C17orf58","Luminal_Epithelial","ER_Positive","Normal","ER_Positive vs Normal",2.17860628807384,5.75394880563879,24.439563936886,0.000136904552429308,0.00255538136605301,"ER_Positive_higher"
"SFRP1","Luminal_Epithelial","ER_Positive","Normal","ER_Positive vs Normal",-6.05642263395599,6.25753688888281,23.4475837692908,0.000137449928953325,0.0025557796411735,"Normal_higher"
"BBOF1","Luminal_Epithelial","ER_Positive","Normal","ER_Positive vs Normal",2.54980596434089,3.88096059341443,24.4138548564775,0.000137511333897854,0.0025557796411735,"ER_Positive_higher"
"TRIQK","Luminal_Epithelial","ER_Positive","Normal","ER_Positive vs Normal",2.33362892854515,4.94271662301222,24.4246293572921,0.000137563422248152,0.0025557796411735,"ER_Positive_higher"
"F8","Luminal_Epithelial","ER_Positive","Normal","ER_Positive vs Normal",2.44320891290718,2.44679279475479,24.1218214996148,0.000137607113351648,0.0025557796411735,"ER_Positive_higher"
"S100A6","Luminal_Epithelial","ER_Positive","Normal","ER_Positive vs Normal",-3.69599623150391,11.6959474215989,24.388372225036,0.000137960252892479,0.00255917121774714,"Normal_higher"
"TMEM51","Luminal_Epithelial","ER_Positive","Normal","ER_Positive vs Normal",-1.72109803533672,3.16884853985496,23.8107539984444,0.000138867459992086,0.00257009375111464,"Normal_higher"
"DCBLD1","Luminal_Epithelial","ER_Positive","Normal","ER_Positive vs Normal",-2.06410620530031,1.8129176700382,22.1783352069998,0.000139013758172454,0.00257009375111464,"Normal_higher"
"STX11","Luminal_Epithelial","ER_Positive","Normal","ER_Positive vs Normal",-3.6860568195859,2.9100247251171,22.0754916066892,0.000139062845732331,0.00257009375111464,"Normal_higher"
"IL20RB","Luminal_Epithelial","ER_Positive","Normal","ER_Positive vs Normal",-3.68195659746143,-0.486336304592509,21.7340603956731,0.000139583488904512,0.00257654294955721,"Normal_higher"
"BCL2A1","Luminal_Epithelial","ER_Positive","Normal","ER_Positive vs Normal",-4.00086502142681,1.84753526319278,22.0433017212757,0.000139756944783646,0.00257657551642282,"Normal_higher"
"SARDH","Luminal_Epithelial","ER_Positive","Normal","ER_Positive vs Normal",5.16689417286027,0.443118906495982,20.787987523297,0.000140433090939789,0.00258586428924344,"ER_Positive_higher"
"MB","Luminal_Epithelial","ER_Positive","Normal","ER_Positive vs Normal",2.45288941568661,5.04149589248456,24.3009237454535,0.000141136882850273,0.00259563872663486,"ER_Positive_higher"
"TSLP","Luminal_Epithelial","ER_Positive","Normal","ER_Positive vs Normal",-4.20160616705968,1.55737468277708,22.1841424629235,0.000141843260158378,0.00260299614050741,"Normal_higher"
"AC005013.5","Luminal_Epithelial","ER_Positive","Normal","ER_Positive vs Normal",4.19212146803988,-0.940313965547061,20.6681665004842,0.000141883843735261,0.00260299614050741,"ER_Positive_higher"
"TMEM242","Luminal_Epithelial","ER_Positive","Normal","ER_Positive vs Normal",-1.53989714616299,5.10033617190891,24.2493266540332,0.000142108617042113,0.00260393652741269,"Normal_higher"
"GLRA3","Luminal_Epithelial","ER_Positive","Normal","ER_Positive vs Normal",7.12154362434472,2.77717382212806,21.8646196147636,0.000142465975413925,0.00260730108906924,"ER_Positive_higher"
"ABCF1","Luminal_Epithelial","ER_Positive","Normal","ER_Positive vs Normal",-1.80251111291728,5.66407521292803,24.2423632535871,0.000142696442308436,0.00260833801427856,"Normal_higher"
"KIFC3","Luminal_Epithelial","ER_Positive","Normal","ER_Positive vs Normal",-3.31302645057575,2.42737524267281,21.8049105605808,0.000142956627620579,0.00260991497652315,"Normal_higher"
"NMI","Luminal_Epithelial","ER_Positive","Normal","ER_Positive vs Normal",-1.66894597123327,4.60657540253849,24.1571582364605,0.000143506596200063,0.00261416790800581,"Normal_higher"
"AKR1C2","Luminal_Epithelial","ER_Positive","Normal","ER_Positive vs Normal",-7.63960329853545,6.75890536856814,22.1307323623145,0.000143537972692529,0.00261416790800581,"Normal_higher"
"CYP4F8","Luminal_Epithelial","ER_Positive","Normal","ER_Positive vs Normal",8.33971346951506,2.40430351654918,22.6736377789474,0.000144284114361632,0.00262457176269698,"ER_Positive_higher"
"TBX1","Luminal_Epithelial","ER_Positive","Normal","ER_Positive vs Normal",4.50765366760292,2.14454630275526,23.3270666660839,0.000144649918322514,0.00262804034414767,"ER_Positive_higher"
"SLC25A35","Luminal_Epithelial","ER_Positive","Normal","ER_Positive vs Normal",2.60087689796114,3.10883595583643,24.0642893230264,0.000145353821502389,0.00263697789880865,"ER_Positive_higher"
"PKM","Luminal_Epithelial","ER_Positive","Normal","ER_Positive vs Normal",-2.13676393792851,8.76578525340073,24.1366160988985,0.000145493283148768,0.00263697789880865,"Normal_higher"
"TELO2","Luminal_Epithelial","ER_Positive","Normal","ER_Positive vs Normal",1.55426734323648,3.96175137761692,24.0976492209008,0.000146645702076576,0.00265465868644532,"ER_Positive_higher"
"APOBR","Luminal_Epithelial","ER_Positive","Normal","ER_Positive vs Normal",4.27541247220561,0.0957949567306826,20.4269956746646,0.000147647532389868,0.00266775592851058,"ER_Positive_higher"
"FOXJ1","Luminal_Epithelial","ER_Positive","Normal","ER_Positive vs Normal",6.03679005949386,2.19062607777113,21.9455145308956,0.00014774341739765,0.00266775592851058,"ER_Positive_higher"
"KLHDC7A","Luminal_Epithelial","ER_Positive","Normal","ER_Positive vs Normal",5.07406130648634,1.65920605782402,22.1505330095772,0.000147902507664477,0.00266775592851058,"ER_Positive_higher"
"PLEKHN1","Luminal_Epithelial","ER_Positive","Normal","ER_Positive vs Normal",-1.87090008647567,2.84577427828849,23.1812823579447,0.000148206503146203,0.00266869179804522,"Normal_higher"
"LTBP2","Luminal_Epithelial","ER_Positive","Normal","ER_Positive vs Normal",-3.39645003519913,0.653925795487662,22.0961288207224,0.000148310052613428,0.00266869179804522,"Normal_higher"
"VSNL1","Luminal_Epithelial","ER_Positive","Normal","ER_Positive vs Normal",-4.6302956546276,0.470623835584089,21.7008868031681,0.000149487874560693,0.00268666411201476,"Normal_higher"
"PGR","Luminal_Epithelial","ER_Positive","Normal","ER_Positive vs Normal",4.72817900658055,4.8675317353037,24.0028189455589,0.000150503183676328,0.00269873466509791,"ER_Positive_higher"
"PDE1C","Luminal_Epithelial","ER_Positive","Normal","ER_Positive vs Normal",-4.38905533253102,-0.120188013173071,21.3607367571761,0.000150519152041511,0.00269873466509791,"Normal_higher"
"NUDT5","Luminal_Epithelial","ER_Positive","Normal","ER_Positive vs Normal",-1.49540566620873,5.93944991808624,23.9722452723173,0.000151066600247068,0.00270531798318347,"Normal_higher"
"RGL3","Luminal_Epithelial","ER_Positive","Normal","ER_Positive vs Normal",2.95079798095776,2.98457038841075,23.8463013332949,0.000151383824643605,0.00270680461024899,"ER_Positive_higher"
"HOXA4","Luminal_Epithelial","ER_Positive","Normal","ER_Positive vs Normal",-4.4055709187832,1.10392313809654,22.0892070784859,0.000151511558879408,0.00270680461024899,"Normal_higher"
"RIN3","Luminal_Epithelial","ER_Positive","Normal","ER_Positive vs Normal",-2.50320295165991,0.654571906925222,21.7156201585349,0.000151690722810648,0.00270680461024899,"Normal_higher"
"GRHL2","Luminal_Epithelial","ER_Positive","Normal","ER_Positive vs Normal",1.94304089292197,3.9209010560751,23.9246202598389,0.000152147335191993,0.00271172809884351,"ER_Positive_higher"
"LINC00094","Luminal_Epithelial","ER_Positive","Normal","ER_Positive vs Normal",1.4872446472509,3.32755827951939,23.8484753255146,0.000152491684299539,0.00271464140721611,"ER_Positive_higher"
"EDEM3","Luminal_Epithelial","ER_Positive","Normal","ER_Positive vs Normal",2.65673121266578,5.12032827445437,23.9091761734291,0.000153213051096934,0.00272317209481792,"ER_Positive_higher"
"ODF3L1","Luminal_Epithelial","ER_Positive","Normal","ER_Positive vs Normal",3.20531066067471,-0.632414351987064,20.239800431274,0.000153333805565479,0.00272317209481792,"ER_Positive_higher"
"CD36","Luminal_Epithelial","ER_Positive","Normal","ER_Positive vs Normal",5.58971274818754,1.21226151412118,21.0008149085561,0.000153723043149144,0.00272685781151206,"ER_Positive_higher"
"TRIM16L","Luminal_Epithelial","ER_Positive","Normal","ER_Positive vs Normal",-2.65602684033453,4.05870027106147,23.4459674660941,0.000155207436401374,0.00274993860457546,"Normal_higher"
"RP11-390F4.6","Luminal_Epithelial","ER_Positive","Normal","ER_Positive vs Normal",4.63836038531514,-0.079773726191821,20.097016296883,0.000155731539212368,0.00275597076528303,"ER_Positive_higher"
"SPATS2L","Luminal_Epithelial","ER_Positive","Normal","ER_Positive vs Normal",-3.17280498445906,5.53389388443915,23.7295712749031,0.000156434865205757,0.00276515668096913,"Normal_higher"
"SIRT3","Luminal_Epithelial","ER_Positive","Normal","ER_Positive vs Normal",1.62676948668804,4.19595972638006,23.7943273028609,0.000156669301835491,0.00276604260311201,"ER_Positive_higher"
"CCDC125","Luminal_Epithelial","ER_Positive","Normal","ER_Positive vs Normal",1.91732336549337,4.19580565104685,23.7793920687909,0.00015722711877151,0.0027726291085829,"ER_Positive_higher"
"YRDC","Luminal_Epithelial","ER_Positive","Normal","ER_Positive vs Normal",-2.78011024920299,4.44192556452893,23.4813535594874,0.000158067810691455,0.00278418267024257,"Normal_higher"
"SCUBE2","Luminal_Epithelial","ER_Positive","Normal","ER_Positive vs Normal",6.10476435171029,6.16349230082304,23.7247604751016,0.000159244812932797,0.00280162591756446,"ER_Positive_higher"
"DSC2","Luminal_Epithelial","ER_Positive","Normal","ER_Positive vs Normal",-2.05594359885166,5.32634042299962,23.67560920742,0.000160192541901633,0.002814999386789,"Normal_higher"
"SPINT1","Luminal_Epithelial","ER_Positive","Normal","ER_Positive vs Normal",-1.7925919461196,7.243670438528,23.6675055187952,0.000160833659474883,0.00282295991548487,"Normal_higher"
"RP1-167A14.2","Luminal_Epithelial","ER_Positive","Normal","ER_Positive vs Normal",3.24626832562255,-0.824135986103012,19.9897319033038,0.00016126211612707,0.00282717357093334,"ER_Positive_higher"
"CIAPIN1","Luminal_Epithelial","ER_Positive","Normal","ER_Positive vs Normal",-2.05411038348009,4.57345157406427,23.514244350255,0.000162940163415799,0.00285264082554664,"Normal_higher"
"NFIA","Luminal_Epithelial","ER_Positive","Normal","ER_Positive vs Normal",2.50060491466723,6.13791093336593,23.6021729525059,0.000163094944247286,0.00285264082554664,"ER_Positive_higher"
"C20orf96","Luminal_Epithelial","ER_Positive","Normal","ER_Positive vs Normal",2.04155292334181,4.27290935379696,23.6014417081427,0.000163361993310538,0.00285271021721734,"ER_Positive_higher"
"LDHA","Luminal_Epithelial","ER_Positive","Normal","ER_Positive vs Normal",-2.07332352245761,9.41079789907773,23.5825120025433,0.000163479095542541,0.00285271021721734,"Normal_higher"
"SULT1A1","Luminal_Epithelial","ER_Positive","Normal","ER_Positive vs Normal",3.37771304072858,5.30024622358801,23.5919597689222,0.000163878836343389,0.00285636434030806,"ER_Positive_higher"
"THAP2","Luminal_Epithelial","ER_Positive","Normal","ER_Positive vs Normal",-1.29225227719015,3.22622262643058,23.2048784872252,0.000164108652571229,0.00285705168113275,"Normal_higher"
"CTB-129P6.4","Luminal_Epithelial","ER_Positive","Normal","ER_Positive vs Normal",3.7758565595728,-0.891663776892947,19.9094867145874,0.00016434888853906,0.00285791862144342,"ER_Positive_higher"
"SLC35F3","Luminal_Epithelial","ER_Positive","Normal","ER_Positive vs Normal",-4.25342693559679,0.0200161512634293,21.2115601151918,0.000165222957942649,0.00286979274287654,"Normal_higher"
"PHGR1","Luminal_Epithelial","ER_Positive","Normal","ER_Positive vs Normal",11.2549237110103,5.62540755939828,22.0044381515734,0.000165576838555515,0.00287261458520533,"ER_Positive_higher"
"SEL1L3","Luminal_Epithelial","ER_Positive","Normal","ER_Positive vs Normal",-3.2314872329411,1.2919873386829,21.309757344571,0.00016587541011787,0.00287447145454835,"Normal_higher"
"ARHGAP4","Luminal_Epithelial","ER_Positive","Normal","ER_Positive vs Normal",3.14442310304631,0.809564076623407,21.6456779432587,0.000167390760528978,0.00289738540168209,"ER_Positive_higher"
"RP11-900F13.3","Luminal_Epithelial","ER_Positive","Normal","ER_Positive vs Normal",5.06285116847133,-0.00854360176550292,20.0104708946877,0.000167758153355905,0.00289787267064469,"ER_Positive_higher"
"RP11-706O15.1","Luminal_Epithelial","ER_Positive","Normal","ER_Positive vs Normal",-2.59524884650336,2.71612843302396,22.025986478388,0.00016780511433266,0.00289787267064469,"Normal_higher"
"MICA","Luminal_Epithelial","ER_Positive","Normal","ER_Positive vs Normal",-2.41137607622947,4.51466611818606,23.3084132910699,0.000168052727661005,0.00289881297012495,"Normal_higher"
"RERG","Luminal_Epithelial","ER_Positive","Normal","ER_Positive vs Normal",2.94237518011739,6.08340392861707,23.4428037362308,0.000168744033999524,0.00290739577294014,"ER_Positive_higher"
"ITPR3","Luminal_Epithelial","ER_Positive","Normal","ER_Positive vs Normal",-1.35827001706889,3.28944551363623,23.084205836257,0.000169001158833247,0.00290848668647998,"Normal_higher"
"DNASE1L2","Luminal_Epithelial","ER_Positive","Normal","ER_Positive vs Normal",3.05336583419321,0.44110143182011,21.0396041366152,0.000171183054293137,0.00294064769407904,"ER_Positive_higher"
"ADAM9","Luminal_Epithelial","ER_Positive","Normal","ER_Positive vs Normal",-2.11496153983249,5.41801133113669,23.3637270580162,0.000171261816793835,0.00294064769407904,"Normal_higher"
"GBP2","Luminal_Epithelial","ER_Positive","Normal","ER_Positive vs Normal",-3.00606948560777,5.78619097203393,23.3315485490711,0.000171811050727979,0.00294343358752939,"Normal_higher"
"CLTB","Luminal_Epithelial","ER_Positive","Normal","ER_Positive vs Normal",-1.9644431292439,7.13622990487873,23.3591613457704,0.000171816340552792,0.00294343358752939,"Normal_higher"
"C19orf52","Luminal_Epithelial","ER_Positive","Normal","ER_Positive vs Normal",-1.31872849717489,4.3291775398703,23.2713627877166,0.000172797314659024,0.00295152747409666,"Normal_higher"
"ITPRIP","Luminal_Epithelial","ER_Positive","Normal","ER_Positive vs Normal",-2.65878478371337,1.1355128638883,20.9981297462016,0.000172836864199219,0.00295152747409666,"Normal_higher"
"RPS17","Luminal_Epithelial","ER_Positive","Normal","ER_Positive vs Normal",-3.29377060450542,11.1026217552207,23.3195182397858,0.000172878833193241,0.00295152747409666,"Normal_higher"
"BTN2A1","Luminal_Epithelial","ER_Positive","Normal","ER_Positive vs Normal",-1.39939622108994,3.39182987530386,23.000640717659,0.000173371067149156,0.00295656773262203,"Normal_higher"
"SNAI2","Luminal_Epithelial","ER_Positive","Normal","ER_Positive vs Normal",-3.61462294466183,0.343911934328815,21.5346546717219,0.00017386138524704,0.00296156391419106,"Normal_higher"
"SLC20A2","Luminal_Epithelial","ER_Positive","Normal","ER_Positive vs Normal",-1.82099330167882,4.64375424707811,23.2364848568676,0.000174234665935035,0.00296441725842482,"Normal_higher"
"COPE","Luminal_Epithelial","ER_Positive","Normal","ER_Positive vs Normal",-1.72091576418645,7.89967506562393,23.2832281619637,0.000174423964762385,0.00296441725842482,"Normal_higher"
"ZPLD1","Luminal_Epithelial","ER_Positive","Normal","ER_Positive vs Normal",-4.74963978578504,-0.375900627552826,20.6798575771217,0.000176455178892953,0.00299410464263128,"Normal_higher"
"MSMB","Luminal_Epithelial","ER_Positive","Normal","ER_Positive vs Normal",5.16545754919149,4.96017920002898,23.2422839987078,0.000176569774687058,0.00299410464263128,"ER_Positive_higher"
"RPP30","Luminal_Epithelial","ER_Positive","Normal","ER_Positive vs Normal",-1.49197442409256,4.88482162363373,23.1866520716916,0.000177556087502048,0.00300743138278017,"Normal_higher"
"TAPT1-AS1","Luminal_Epithelial","ER_Positive","Normal","ER_Positive vs Normal",3.60876371851547,0.00225665121443238,20.0021739959619,0.00017870934430058,0.00302355257037069,"ER_Positive_higher"
"CTD-3214H19.6","Luminal_Epithelial","ER_Positive","Normal","ER_Positive vs Normal",7.1636247085118,2.31505105852104,20.8542494790247,0.000180038505595854,0.00303556420304097,"ER_Positive_higher"
"MAPT","Luminal_Epithelial","ER_Positive","Normal","ER_Positive vs Normal",3.69850012856483,6.16772211373644,23.1399905814729,0.000180136576793069,0.00303556420304097,"ER_Positive_higher"
"ADGRB2","Luminal_Epithelial","ER_Positive","Normal","ER_Positive vs Normal",4.29838119323446,1.99408528461893,22.297015923933,0.000180204515219628,0.00303556420304097,"ER_Positive_higher"
"FSTL1","Luminal_Epithelial","ER_Positive","Normal","ER_Positive vs Normal",-3.65978133641,3.38838675908086,21.5299645552411,0.000180228407070667,0.00303556420304097,"Normal_higher"
"GNPTG","Luminal_Epithelial","ER_Positive","Normal","ER_Positive vs Normal",2.67442423161381,6.30706356499387,23.1217164022861,0.000180681741336101,0.00303978799577451,"ER_Positive_higher"
"CYBA","Luminal_Epithelial","ER_Positive","Normal","ER_Positive vs Normal",-2.89579558507537,7.43515123008536,23.0994974533714,0.000181728133845035,0.00304934311216297,"Normal_higher"
"LDLRAD1","Luminal_Epithelial","ER_Positive","Normal","ER_Positive vs Normal",5.56116250082936,0.579555421803095,20.0373659487612,0.000181742180001198,0.00304934311216297,"ER_Positive_higher"
"EPS8","Luminal_Epithelial","ER_Positive","Normal","ER_Positive vs Normal",-2.41812552426124,5.02449427909439,23.0359820979302,0.000181859271365753,0.00304934311216297,"Normal_higher"
"GLCCI1","Luminal_Epithelial","ER_Positive","Normal","ER_Positive vs Normal",1.87102334863709,2.97757969005236,22.9586210843823,0.000182481375952564,0.00305635938495549,"ER_Positive_higher"
"RPS19BP1","Luminal_Epithelial","ER_Positive","Normal","ER_Positive vs Normal",-1.50725803778503,7.4383032299923,23.0642206864575,0.000182857278801571,0.00305924100666129,"Normal_higher"
"UBXN10","Luminal_Epithelial","ER_Positive","Normal","ER_Positive vs Normal",3.15727147371922,2.20933120294582,22.6601207264163,0.00018349027151442,0.00306641258866024,"ER_Positive_higher"
"HNRNPU-AS1","Luminal_Epithelial","ER_Positive","Normal","ER_Positive vs Normal",2.38755957769893,4.81155600697312,23.0391220534195,0.000184434747294064,0.00307876780049167,"ER_Positive_higher"
"CCL22","Luminal_Epithelial","ER_Positive","Normal","ER_Positive vs Normal",-3.73097404194076,1.18363436294719,21.0947365914626,0.0001852362222758,0.00308871109743659,"Normal_higher"
"C21orf91","Luminal_Epithelial","ER_Positive","Normal","ER_Positive vs Normal",-2.58612527095697,3.38856430470038,22.2285027564175,0.000185889961305982,0.00309617164186334,"Normal_higher"
"MDH1B","Luminal_Epithelial","ER_Positive","Normal","ER_Positive vs Normal",2.30941367399907,0.863485820256807,21.4259115498716,0.000186414733411454,0.00310146996042759,"ER_Positive_higher"
"ZNF385C","Luminal_Epithelial","ER_Positive","Normal","ER_Positive vs Normal",-3.51155471220231,1.8426322832658,20.6737748825842,0.000186763838796075,0.00310383713046811,"Normal_higher"
"C2orf50","Luminal_Epithelial","ER_Positive","Normal","ER_Positive vs Normal",3.91604559094164,0.281516579850085,19.9621218540619,0.000187581312336121,0.00311397428565064,"ER_Positive_higher"
"TRIP10","Luminal_Epithelial","ER_Positive","Normal","ER_Positive vs Normal",-1.46023983496801,4.57534883121903,22.8982148120749,0.000188001749277102,0.00311750525016738,"Normal_higher"
"LANCL1","Luminal_Epithelial","ER_Positive","Normal","ER_Positive vs Normal",1.79730185229986,3.43437139021989,22.8745299075006,0.000188817007966422,0.003126851526634,"ER_Positive_higher"
"RP11-156K13.1","Luminal_Epithelial","ER_Positive","Normal","ER_Positive vs Normal",4.38771722575664,1.41964984798348,21.3613028081336,0.000188982097331714,0.003126851526634,"ER_Positive_higher"
"INPP5J","Luminal_Epithelial","ER_Positive","Normal","ER_Positive vs Normal",3.06044702560105,2.89839005381917,22.7761635975218,0.000189737948961847,0.00313590022034189,"ER_Positive_higher"
"TMEM11","Luminal_Epithelial","ER_Positive","Normal","ER_Positive vs Normal",-1.70785613392392,5.52495191702177,22.8476169436933,0.000191871582632309,0.00316420290504658,"Normal_higher"
"ANKRD35","Luminal_Epithelial","ER_Positive","Normal","ER_Positive vs Normal",-3.78999102594969,1.64756409541797,20.750277194043,0.000191872102591617,0.00316420290504658,"Normal_higher"
"TYROBP","Luminal_Epithelial","ER_Positive","Normal","ER_Positive vs Normal",4.09788956430842,1.21432474446242,21.1940170879783,0.00019269358062339,0.00317134847912272,"ER_Positive_higher"
"POU2F2","Luminal_Epithelial","ER_Positive","Normal","ER_Positive vs Normal",-2.81012192023648,1.51097500566905,20.5051986077963,0.000192728047775033,0.00317134847912272,"Normal_higher"
"HOXB7","Luminal_Epithelial","ER_Positive","Normal","ER_Positive vs Normal",4.82196131268907,3.22795332914141,22.5986334423156,0.000193195857285542,0.0031755643267077,"ER_Positive_higher"
"CMSS1","Luminal_Epithelial","ER_Positive","Normal","ER_Positive vs Normal",-2.25258408935814,5.4658358461844,22.7836565254837,0.000193972013061945,0.00318483369805319,"Normal_higher"
"CDC20","Luminal_Epithelial","ER_Positive","Normal","ER_Positive vs Normal",-2.0929199635629,1.23127649239933,20.4758327259587,0.000194734885573302,0.00319386494841372,"Normal_higher"
"SNX3","Luminal_Epithelial","ER_Positive","Normal","ER_Positive vs Normal",-1.45566030790999,7.50880526169207,22.7616686436362,0.000195205242430998,0.00319615527163148,"Normal_higher"
"GJB2","Luminal_Epithelial","ER_Positive","Normal","ER_Positive vs Normal",-4.17636167191473,1.56575608581114,20.8595359230838,0.000195582460428861,0.00319615527163148,"Normal_higher"
"HMHA1","Luminal_Epithelial","ER_Positive","Normal","ER_Positive vs Normal",2.02309378317711,4.09214119372701,22.750351449374,0.000195890961381755,0.00319615527163148,"ER_Positive_higher"
"REXO4","Luminal_Epithelial","ER_Positive","Normal","ER_Positive vs Normal",-2.15153650053755,4.74229041223579,22.6754416861724,0.000196019703830461,0.00319615527163148,"Normal_higher"
"ELOVL6","Luminal_Epithelial","ER_Positive","Normal","ER_Positive vs Normal",-1.8612575972763,2.63838255233879,21.7825459436933,0.00019605478823024,0.00319615527163148,"Normal_higher"
"CYSLTR1","Luminal_Epithelial","ER_Positive","Normal","ER_Positive vs Normal",6.29942719452875,2.731585439642,21.216304079275,0.000196152395893423,0.00319615527163148,"ER_Positive_higher"
"GNMT","Luminal_Epithelial","ER_Positive","Normal","ER_Positive vs Normal",4.18261305460741,2.73031422272666,22.4597229401709,0.000196574740099,0.00319724719139892,"ER_Positive_higher"
"ALMS1","Luminal_Epithelial","ER_Positive","Normal","ER_Positive vs Normal",2.03017846659983,2.39699389938441,22.4454780528147,0.000196645509273086,0.00319724719139892,"ER_Positive_higher"
"ATP6V1G2","Luminal_Epithelial","ER_Positive","Normal","ER_Positive vs Normal",2.27110122959972,0.282513612971321,20.5039914576247,0.000198207596235759,0.00321915735574678,"ER_Positive_higher"
"AGAP2-AS1","Luminal_Epithelial","ER_Positive","Normal","ER_Positive vs Normal",-1.5028606291173,3.77718795188892,22.4866759313978,0.000199157976455326,0.00323109594882711,"Normal_higher"
"CCL19","Luminal_Epithelial","ER_Positive","Normal","ER_Positive vs Normal",7.91017450402529,-0.0070209612025211,22.1755320170788,0.000200615300318627,0.00325064827297032,"ER_Positive_higher"
"DNAH6","Luminal_Epithelial","ER_Positive","Normal","ER_Positive vs Normal",3.6424590374848,0.888901809227698,20.7982982584513,0.000200796358302358,0.00325064827297032,"ER_Positive_higher"
"STK36","Luminal_Epithelial","ER_Positive","Normal","ER_Positive vs Normal",1.99127459290384,2.08794948318075,22.1784839625506,0.000201790124082292,0.00326321593976611,"ER_Positive_higher"
"SPINK1","Luminal_Epithelial","ER_Positive","Normal","ER_Positive vs Normal",-4.64253806473325,2.69110091433706,20.3951443588939,0.000202697011341726,0.00327435312078072,"Normal_higher"
"SURF6","Luminal_Epithelial","ER_Positive","Normal","ER_Positive vs Normal",-1.69874359496348,4.38951490587485,22.5059243022328,0.000202977500263605,0.00327535843704937,"Normal_higher"
"CLUL1","Luminal_Epithelial","ER_Positive","Normal","ER_Positive vs Normal",4.85367570270913,1.95125595988225,21.4052227739903,0.000203865111405465,0.0032847907155156,"ER_Positive_higher"
"RP11-727A23.10","Luminal_Epithelial","ER_Positive","Normal","ER_Positive vs Normal",4.78184094012643,-0.370707864315477,19.2236466728754,0.000203999796552312,0.0032847907155156,"ER_Positive_higher"
"MTERF2","Luminal_Epithelial","ER_Positive","Normal","ER_Positive vs Normal",1.90264845148173,3.94970961706566,22.5300941777199,0.000205236706105361,0.00330116532531957,"ER_Positive_higher"
"NPDC1","Luminal_Epithelial","ER_Positive","Normal","ER_Positive vs Normal",2.37918569477005,7.23362617405627,22.5189803469887,0.000205639551260402,0.00330410358218936,"ER_Positive_higher"
"ZNF703","Luminal_Epithelial","ER_Positive","Normal","ER_Positive vs Normal",3.8718851164171,6.26133294659778,22.5187051185181,0.000206069820649951,0.00330747572031424,"ER_Positive_higher"
"NUTF2","Luminal_Epithelial","ER_Positive","Normal","ER_Positive vs Normal",-1.67166258687953,6.80621639021108,22.5026640481207,0.000206781957793634,0.00331244209251731,"Normal_higher"
"DCDC1","Luminal_Epithelial","ER_Positive","Normal","ER_Positive vs Normal",3.87219792358,1.53008484261052,21.4179112617794,0.000206820699719379,0.00331244209251731,"ER_Positive_higher"
"BTNL9","Luminal_Epithelial","ER_Positive","Normal","ER_Positive vs Normal",4.11188430147744,-1.04637848901851,19.3438446522121,0.000207165090791764,0.00331442059436247,"ER_Positive_higher"
"TESC","Luminal_Epithelial","ER_Positive","Normal","ER_Positive vs Normal",-3.19709790628549,0.56554149740537,20.7055968640979,0.000207531724072924,0.0033167503548055,"Normal_higher"
"CDC20B","Luminal_Epithelial","ER_Positive","Normal","ER_Positive vs Normal",6.2250351794994,-0.0346596353480893,19.9966574590892,0.000208039646122982,0.00332133081847616,"ER_Positive_higher"
"PODXL2","Luminal_Epithelial","ER_Positive","Normal","ER_Positive vs Normal",1.81152800909016,4.49047634131654,22.4673204978039,0.000208667838306145,0.00332781960622775,"ER_Positive_higher"
"SH3GL1","Luminal_Epithelial","ER_Positive","Normal","ER_Positive vs Normal",-1.63807046242339,4.58110708394066,22.399431194052,0.000209261896323073,0.00333375082603011,"Normal_higher"
"PARP10","Luminal_Epithelial","ER_Positive","Normal","ER_Positive vs Normal",2.14328357313488,4.18223399543037,22.4358730347424,0.000209954700105665,0.00333649330585393,"ER_Positive_higher"
"LCP2","Luminal_Epithelial","ER_Positive","Normal","ER_Positive vs Normal",2.72118756797016,-1.02972862777806,19.2583204993389,0.000210026311250266,0.00333649330585393,"ER_Positive_higher"
"MYL6","Luminal_Epithelial","ER_Positive","Normal","ER_Positive vs Normal",-1.84286673173556,10.7913749032315,22.4182684205188,0.000210101031120941,0.00333649330585393,"Normal_higher"
"BRAT1","Luminal_Epithelial","ER_Positive","Normal","ER_Positive vs Normal",1.87588299291988,4.4284409726521,22.4255430477202,0.000210595861271395,0.00334081616289622,"ER_Positive_higher"
"SIX2","Luminal_Epithelial","ER_Positive","Normal","ER_Positive vs Normal",4.61709299983251,-0.0433254073847054,19.0459944423875,0.000211086695259282,0.00334506656362835,"ER_Positive_higher"
"RP11-452I5.2","Luminal_Epithelial","ER_Positive","Normal","ER_Positive vs Normal",4.75158570916704,-0.340298364982709,19.094436548919,0.000211588415219835,0.00334874910752746,"ER_Positive_higher"
"DLGAP1-AS2","Luminal_Epithelial","ER_Positive","Normal","ER_Positive vs Normal",-2.40152127953755,0.832772523485203,20.2653745751338,0.000211765369697045,0.00334874910752746,"Normal_higher"
"CTD-2031P19.5","Luminal_Epithelial","ER_Positive","Normal","ER_Positive vs Normal",3.23165580552568,-0.234330185030679,19.3302119596391,0.000212755965504017,0.00336087239401977,"ER_Positive_higher"
"HEY2","Luminal_Epithelial","ER_Positive","Normal","ER_Positive vs Normal",-3.22797864790826,1.0806273125139,20.4229460273455,0.000213313880806672,0.00336614238618898,"Normal_higher"
"SCUBE1","Luminal_Epithelial","ER_Positive","Normal","ER_Positive vs Normal",7.17067065784606,0.355365262051929,20.8768470227884,0.000214113937740032,0.00337521834418557,"ER_Positive_higher"
"WDR1","Luminal_Epithelial","ER_Positive","Normal","ER_Positive vs Normal",-1.82485493916268,6.81350164826473,22.3286421945482,0.000214838774377368,0.00338309075244613,"Normal_higher"
"LRRC37B","Luminal_Epithelial","ER_Positive","Normal","ER_Positive vs Normal",-1.80617502959359,2.23029487638831,21.0353366426769,0.00021568272869471,0.0033907612809833,"Normal_higher"
"GIMAP4","Luminal_Epithelial","ER_Positive","Normal","ER_Positive vs Normal",5.74790891798562,-0.873277829504938,20.3420117531556,0.000215777771929036,0.0033907612809833,"ER_Positive_higher"
"PTPRT","Luminal_Epithelial","ER_Positive","Normal","ER_Positive vs Normal",6.00511800598609,2.62922964620767,20.96618572232,0.000216519082839617,0.00339885133491019,"ER_Positive_higher"
"E2F4","Luminal_Epithelial","ER_Positive","Normal","ER_Positive vs Normal",-2.17900960552834,3.87236494344009,21.9902298225014,0.000217013147261349,0.00340304733641699,"Normal_higher"
"NUS1","Luminal_Epithelial","ER_Positive","Normal","ER_Positive vs Normal",-1.74028339453733,4.65904703458416,22.2250012624015,0.000217509419180583,0.00340726915829125,"Normal_higher"
"GRM4","Luminal_Epithelial","ER_Positive","Normal","ER_Positive vs Normal",6.2466895867256,-0.634340190496217,20.3484587214012,0.000218706750368685,0.0034202971464636,"ER_Positive_higher"
"KLHDC7B","Luminal_Epithelial","ER_Positive","Normal","ER_Positive vs Normal",-3.52651371844014,1.93836601116612,20.0584720132411,0.000219012063977538,0.0034202971464636,"Normal_higher"
"ACER2","Luminal_Epithelial","ER_Positive","Normal","ER_Positive vs Normal",3.69165001757928,0.164060774455775,19.4115928175347,0.000219024825598156,0.0034202971464636,"ER_Positive_higher"
"RP11-356O9.1","Luminal_Epithelial","ER_Positive","Normal","ER_Positive vs Normal",6.10864063549408,2.539648646049,20.7341797291965,0.000219481064215308,0.00342385897159992,"ER_Positive_higher"
"GATA2","Luminal_Epithelial","ER_Positive","Normal","ER_Positive vs Normal",5.00331234458441,2.7198787511034,21.6973409068565,0.0002197572129225,0.00342448551172353,"ER_Positive_higher"
"HIST1H1C","Luminal_Epithelial","ER_Positive","Normal","ER_Positive vs Normal",-2.165133927692,7.32998123709992,22.2194373127326,0.00021997761266752,0.00342448551172353,"Normal_higher"
"C4B","Luminal_Epithelial","ER_Positive","Normal","ER_Positive vs Normal",6.87644383661377,2.05462906014922,19.9707766103149,0.000222151661161281,0.00345474609227704,"ER_Positive_higher"
"CYB5B","Luminal_Epithelial","ER_Positive","Normal","ER_Positive vs Normal",-1.26843268600355,4.98383500427168,22.1348273204715,0.000223794908501215,0.00347669792119848,"Normal_higher"
"DMRTA1","Luminal_Epithelial","ER_Positive","Normal","ER_Positive vs Normal",-3.99256801358576,0.0515237798108276,20.2364471829979,0.000224323351162354,0.00347950865088306,"Normal_higher"
"ERGIC1","Luminal_Epithelial","ER_Positive","Normal","ER_Positive vs Normal",2.04738523696111,6.34264469840508,22.1258909729204,0.000224439553145519,0.00347950865088306,"ER_Positive_higher"
"MTMR2","Luminal_Epithelial","ER_Positive","Normal","ER_Positive vs Normal",-1.95448291593156,3.21024665697029,21.5839651278791,0.000225039159593755,0.0034852039917683,"Normal_higher"
"ARHGAP39","Luminal_Epithelial","ER_Positive","Normal","ER_Positive vs Normal",2.02376925148504,2.18559780486172,21.7336847947058,0.000226006911339223,0.00349658321491518,"ER_Positive_higher"
"C9orf40","Luminal_Epithelial","ER_Positive","Normal","ER_Positive vs Normal",-2.37713378774973,1.52114492428035,19.8867042283085,0.000229577675968869,0.00354816908678149,"Normal_higher"
"CYTIP","Luminal_Epithelial","ER_Positive","Normal","ER_Positive vs Normal",5.00966192497027,0.675275915997065,19.1718217671586,0.00023097633680569,0.00356611305189607,"ER_Positive_higher"
"TMEM175","Luminal_Epithelial","ER_Positive","Normal","ER_Positive vs Normal",2.17252593628227,4.22306284437367,21.9880928903176,0.000231777606782662,0.00357480631550607,"ER_Positive_higher"
"DACH1","Luminal_Epithelial","ER_Positive","Normal","ER_Positive vs Normal",4.63931479282665,3.00400190828671,21.722105883001,0.000232691304691123,0.00357930131446864,"ER_Positive_higher"
"FAM13B","Luminal_Epithelial","ER_Positive","Normal","ER_Positive vs Normal",2.18356099564671,4.27507761825968,21.971624465785,0.000232691317921792,0.00357930131446864,"ER_Positive_higher"
"LIF","Luminal_Epithelial","ER_Positive","Normal","ER_Positive vs Normal",-4.28087447713368,3.4936077026147,20.1323162248726,0.000232819280715793,0.00357930131446864,"Normal_higher"
"TARBP1","Luminal_Epithelial","ER_Positive","Normal","ER_Positive vs Normal",1.77545471370517,3.39287379988101,21.9115869133383,0.000233023081511019,0.00357930131446864,"ER_Positive_higher"
"RP11-841O20.2","Luminal_Epithelial","ER_Positive","Normal","ER_Positive vs Normal",-3.73677554665292,2.24069918505506,19.7660004801923,0.000233960648474037,0.00358668904010072,"Normal_higher"
"CHIC2","Luminal_Epithelial","ER_Positive","Normal","ER_Positive vs Normal",-1.43582181738669,5.3053314199838,21.9402479066528,0.000234018938182055,0.00358668904010072,"Normal_higher"
"APOBEC3C","Luminal_Epithelial","ER_Positive","Normal","ER_Positive vs Normal",-3.66393474258669,3.10748469920775,20.2198554328974,0.000234457436392699,0.00358668904010072,"Normal_higher"
"FAM156A","Luminal_Epithelial","ER_Positive","Normal","ER_Positive vs Normal",4.6943300257502,0.00741350551136942,18.7079376233508,0.000234460048533272,0.00358668904010072,"ER_Positive_higher"
"AC093642.3","Luminal_Epithelial","ER_Positive","Normal","ER_Positive vs Normal",7.17324128534686,3.70002813569806,20.6540289454417,0.000234896810672731,0.00358971124008725,"ER_Positive_higher"
"ARPC2","Luminal_Epithelial","ER_Positive","Normal","ER_Positive vs Normal",-1.47968985574761,7.91024261796237,21.9005955782995,0.000235746799157035,0.0035961052787668,"Normal_higher"
"FUT4","Luminal_Epithelial","ER_Positive","Normal","ER_Positive vs Normal",-3.07644492233277,0.154157557119158,20.3000240636356,0.000235794468868297,0.0035961052787668,"Normal_higher"
"MED6","Luminal_Epithelial","ER_Positive","Normal","ER_Positive vs Normal",-1.97633235610685,4.58107722556517,21.8275704435407,0.000236160306319079,0.00359802813901566,"Normal_higher"
"PSG5","Luminal_Epithelial","ER_Positive","Normal","ER_Positive vs Normal",-5.02801179388835,-0.62816956517889,20.3971356366221,0.000236435093358293,0.00359856130428794,"Normal_higher"
"ATP1B3","Luminal_Epithelial","ER_Positive","Normal","ER_Positive vs Normal",-2.31826123137461,6.57055388809108,21.8854895746539,0.000237108851829078,0.0036019358726637,"Normal_higher"
"CTD-2047H16.4","Luminal_Epithelial","ER_Positive","Normal","ER_Positive vs Normal",2.99058655618501,0.658194728559622,20.099895084378,0.000237372856462913,0.0036019358726637,"ER_Positive_higher"
"CFAP70","Luminal_Epithelial","ER_Positive","Normal","ER_Positive vs Normal",2.01202520998441,1.66487466360455,21.2123384950657,0.000237376862668381,0.0036019358726637,"ER_Positive_higher"
"EWSAT1","Luminal_Epithelial","ER_Positive","Normal","ER_Positive vs Normal",4.6361087635658,1.7746200670924,20.7011424952707,0.000237929087469007,0.0036043716118939,"ER_Positive_higher"
"MEIS2","Luminal_Epithelial","ER_Positive","Normal","ER_Positive vs Normal",-3.63905075070173,2.83475333865785,19.9498622267955,0.000238189154784276,0.0036043716118939,"Normal_higher"
"DTWD2","Luminal_Epithelial","ER_Positive","Normal","ER_Positive vs Normal",2.09177825136799,2.62881862995852,21.6704489713152,0.000238257922236206,0.0036043716118939,"ER_Positive_higher"
"WFDC10B","Luminal_Epithelial","ER_Positive","Normal","ER_Positive vs Normal",-3.403996741643,-0.967234252234422,19.5118295671004,0.00023889951522904,0.003610438091684,"Normal_higher"
"EIF2S1","Luminal_Epithelial","ER_Positive","Normal","ER_Positive vs Normal",-1.91145473596194,6.13842098834856,21.8396751035201,0.000239552729463913,0.00361666781797278,"Normal_higher"
"SLC22A5","Luminal_Epithelial","ER_Positive","Normal","ER_Positive vs Normal",2.48081454645216,4.73380731877102,21.8218923168812,0.00024076051110347,0.00362861013562568,"ER_Positive_higher"
"GLIS3","Luminal_Epithelial","ER_Positive","Normal","ER_Positive vs Normal",-3.38853293968866,2.07081972968756,19.6570628924437,0.00024082732691965,0.00362861013562568,"Normal_higher"
"MAK","Luminal_Epithelial","ER_Positive","Normal","ER_Positive vs Normal",3.4005265650124,1.40385436502897,20.8047276047471,0.000241246550036362,0.00363051850329754,"ER_Positive_higher"
"RPP38","Luminal_Epithelial","ER_Positive","Normal","ER_Positive vs Normal",-1.3375617897239,4.7554175328804,21.7778058545522,0.000241540483557389,0.00363051850329754,"Normal_higher"
"BTG3","Luminal_Epithelial","ER_Positive","Normal","ER_Positive vs Normal",-3.67087048315135,6.03431944801712,21.7464481415308,0.000241679748437012,0.00363051850329754,"Normal_higher"
"LINC00894","Luminal_Epithelial","ER_Positive","Normal","ER_Positive vs Normal",2.46818195672765,-0.162564537626247,19.2702173349768,0.000243265646643277,0.00365068755917565,"ER_Positive_higher"
"EMC8","Luminal_Epithelial","ER_Positive","Normal","ER_Positive vs Normal",-1.44530314398087,5.00142773981102,21.7435336360716,0.000243961450735013,0.00365747201916118,"Normal_higher"
"MT1X","Luminal_Epithelial","ER_Positive","Normal","ER_Positive vs Normal",-3.63501861746946,8.37657919629071,21.7051463803979,0.000246591222456851,0.00369043957366849,"Normal_higher"
"MARC1","Luminal_Epithelial","ER_Positive","Normal","ER_Positive vs Normal",3.55369870168203,2.10125892395571,21.2388809258719,0.000246652288424702,0.00369043957366849,"ER_Positive_higher"
"SERTAD4","Luminal_Epithelial","ER_Positive","Normal","ER_Positive vs Normal",2.30420818756712,4.13700147844862,21.693081967711,0.00024744095288515,0.00369855217126239,"ER_Positive_higher"
"RAB30-AS1","Luminal_Epithelial","ER_Positive","Normal","ER_Positive vs Normal",-1.59709100972907,4.54636048998489,21.6328927031296,0.000248015717368845,0.00370187481161973,"Normal_higher"
"MAPK15","Luminal_Epithelial","ER_Positive","Normal","ER_Positive vs Normal",4.7157298596701,2.6198629555325,21.2150158362985,0.000248156597620407,0.00370187481161973,"ER_Positive_higher"
"FBXO32","Luminal_Epithelial","ER_Positive","Normal","ER_Positive vs Normal",-2.84068075776433,6.87102374678671,21.6766228600309,0.000248428242234626,0.00370224690289477,"Normal_higher"
"RAMP2-AS1","Luminal_Epithelial","ER_Positive","Normal","ER_Positive vs Normal",3.22673118374687,1.25782424280295,20.5564231382699,0.000249500758506435,0.00370961368332831,"ER_Positive_higher"
"CPVL","Luminal_Epithelial","ER_Positive","Normal","ER_Positive vs Normal",4.92345080313053,-0.128977760831265,18.5690110201173,0.000249534701399886,0.00370961368332831,"ER_Positive_higher"
"MED15","Luminal_Epithelial","ER_Positive","Normal","ER_Positive vs Normal",-1.52384179248451,4.35097098064632,21.5815742529614,0.000249825126999724,0.00370961368332831,"Normal_higher"
"LYRM4","Luminal_Epithelial","ER_Positive","Normal","ER_Positive vs Normal",-1.55613130822909,5.46898722713353,21.6429473411883,0.000250163762255192,0.00370961368332831,"Normal_higher"
"FOSL1","Luminal_Epithelial","ER_Positive","Normal","ER_Positive vs Normal",-3.6016266393738,5.24305025720551,21.4599405768544,0.000250177705652722,0.00370961368332831,"Normal_higher"
"RBFOX2","Luminal_Epithelial","ER_Positive","Normal","ER_Positive vs Normal",-1.47546408711383,4.31265601883619,21.5687167292597,0.000250483123160067,0.00370961368332831,"Normal_higher"
"LRRC24","Luminal_Epithelial","ER_Positive","Normal","ER_Positive vs Normal",2.12785822850459,1.77110556973627,21.0580492210097,0.000250652913633298,0.00370961368332831,"ER_Positive_higher"
"DAB2","Luminal_Epithelial","ER_Positive","Normal","ER_Positive vs Normal",-3.66901489313764,3.95388709817618,20.7158876734981,0.000252155688211592,0.00372397419961658,"Normal_higher"
"IFT81","Luminal_Epithelial","ER_Positive","Normal","ER_Positive vs Normal",1.79670734936678,3.57046115748893,21.5715312563846,0.000252317266765744,0.00372397419961658,"ER_Positive_higher"
"SMAD3","Luminal_Epithelial","ER_Positive","Normal","ER_Positive vs Normal",-1.90338444666725,3.92754167699689,21.4023476272497,0.0002523676791504,0.00372397419961658,"Normal_higher"
"TSPAN13","Luminal_Epithelial","ER_Positive","Normal","ER_Positive vs Normal",3.07143152970299,9.06562207762038,21.58094487331,0.00025296385975458,0.00372688990453648,"ER_Positive_higher"
"ZNF575","Luminal_Epithelial","ER_Positive","Normal","ER_Positive vs Normal",2.27267270078046,0.274450375791615,19.5439093358525,0.000253061958600831,0.00372688990453648,"ER_Positive_higher"
"TCP11L2","Luminal_Epithelial","ER_Positive","Normal","ER_Positive vs Normal",-1.82492786798779,2.1152429211846,20.2451117885363,0.000253505217822854,0.00372975765085057,"Normal_higher"
"C4A","Luminal_Epithelial","ER_Positive","Normal","ER_Positive vs Normal",6.17306689133914,1.89094523228311,19.4278155168986,0.000254783471449555,0.00374048067238273,"ER_Positive_higher"
"TRIM45","Luminal_Epithelial","ER_Positive","Normal","ER_Positive vs Normal",2.05321593918313,1.66183127245374,20.9053983981187,0.000254975814573628,0.00374048067238273,"ER_Positive_higher"
"RASAL2","Luminal_Epithelial","ER_Positive","Normal","ER_Positive vs Normal",-2.22019046867933,3.90280380699094,21.2846334961826,0.000255128211988529,0.00374048067238273,"Normal_higher"
"CDC42EP2","Luminal_Epithelial","ER_Positive","Normal","ER_Positive vs Normal",-2.10310809045729,3.79766419338646,21.2670740158726,0.000255606943932334,0.00374048067238273,"Normal_higher"
"IMP4","Luminal_Epithelial","ER_Positive","Normal","ER_Positive vs Normal",-1.5002477849939,6.45446243893425,21.5455084600591,0.000255673849369634,0.00374048067238273,"Normal_higher"
"SYT1","Luminal_Epithelial","ER_Positive","Normal","ER_Positive vs Normal",5.95668786397507,3.42204758309433,21.0003804968588,0.000255969928153029,0.00374048067238273,"ER_Positive_higher"
"NBN","Luminal_Epithelial","ER_Positive","Normal","ER_Positive vs Normal",1.74432144636927,5.21408641478236,21.5433940736703,0.000255978786602057,0.00374048067238273,"ER_Positive_higher"
"ILDR1","Luminal_Epithelial","ER_Positive","Normal","ER_Positive vs Normal",2.19883640985885,2.22708174670603,21.2064154936369,0.000256507162770965,0.00374455543940066,"ER_Positive_higher"
"MAP2K3","Luminal_Epithelial","ER_Positive","Normal","ER_Positive vs Normal",-2.55675902783668,5.87268503003028,21.5106002637001,0.000257357146135293,0.00375331262590121,"Normal_higher"
"DNAJC6","Luminal_Epithelial","ER_Positive","Normal","ER_Positive vs Normal",-2.55772371129182,0.303708030735258,19.8071583203838,0.000257900613015586,0.00375758689274262,"Normal_higher"
"C2orf49","Luminal_Epithelial","ER_Positive","Normal","ER_Positive vs Normal",-1.31970743672518,4.46828501576852,21.4550703983779,0.000258418605854831,0.00375867892244506,"Normal_higher"
"ETNK2","Luminal_Epithelial","ER_Positive","Normal","ER_Positive vs Normal",2.55729030524258,4.19889131722968,21.5016411140272,0.000258496178149592,0.00375867892244506,"ER_Positive_higher"
"IFNGR1","Luminal_Epithelial","ER_Positive","Normal","ER_Positive vs Normal",-2.07128687221012,6.09836807579178,21.4922015356474,0.000258919761575703,0.00375867892244506,"Normal_higher"
"PSMA3","Luminal_Epithelial","ER_Positive","Normal","ER_Positive vs Normal",-1.68622774720644,7.42862905375055,21.4833026078735,0.000258977410928779,0.00375867892244506,"Normal_higher"
"VIM","Luminal_Epithelial","ER_Positive","Normal","ER_Positive vs Normal",-3.65955800930093,7.52272097537579,21.4857422724667,0.000259287489686694,0.0037595433408002,"Normal_higher"
"SNU13","Luminal_Epithelial","ER_Positive","Normal","ER_Positive vs Normal",-1.6944764126664,8.30068841348357,21.4645752362197,0.000259854044861576,0.00376412128497845,"Normal_higher"
"VPS13B","Luminal_Epithelial","ER_Positive","Normal","ER_Positive vs Normal",1.88934894718805,3.24220243426066,21.3913974828768,0.000260876913074129,0.0037752939580554,"ER_Positive_higher"
"FOS","Luminal_Epithelial","ER_Positive","Normal","ER_Positive vs Normal",3.7430876409148,10.9391341875895,21.4275125384167,0.000261840677266587,0.00378559060090527,"ER_Positive_higher"
"GADD45G","Luminal_Epithelial","ER_Positive","Normal","ER_Positive vs Normal",2.95805527132904,6.20366863203274,21.4287014324062,0.000262276947497677,0.00378824846111419,"ER_Positive_higher"
"APOPT1","Luminal_Epithelial","ER_Positive","Normal","ER_Positive vs Normal",-1.72356601493333,5.5439502118495,21.4081914007446,0.000263676672008164,0.00380124596013825,"Normal_higher"
"NCOA7","Luminal_Epithelial","ER_Positive","Normal","ER_Positive vs Normal",-2.6371066761123,5.62593152368451,21.3895485827461,0.000263683417372154,0.00380124596013825,"Normal_higher"
"MIR222HG","Luminal_Epithelial","ER_Positive","Normal","ER_Positive vs Normal",-3.64553227571362,1.86468910751093,19.37565504499,0.000264271786766382,0.00380525822867887,"Normal_higher"
"ITPK1","Luminal_Epithelial","ER_Positive","Normal","ER_Positive vs Normal",1.67471359499007,3.75269349094303,21.3733162216339,0.000264520945059047,0.00380525822867887,"ER_Positive_higher"
"COL3A1","Luminal_Epithelial","ER_Positive","Normal","ER_Positive vs Normal",6.26705816800543,1.42210728957092,19.0947732284361,0.000264722435579446,0.00380525822867887,"ER_Positive_higher"
"DNAAF3","Luminal_Epithelial","ER_Positive","Normal","ER_Positive vs Normal",3.28568287830845,2.13487150957834,20.9751489695257,0.000265611320576282,0.00381438190228542,"ER_Positive_higher"
"ARPC4-TTLL3","Luminal_Epithelial","ER_Positive","Normal","ER_Positive vs Normal",4.52979948566779,-0.678822420460421,18.3541154791059,0.00026747957494609,0.00383687636593616,"ER_Positive_higher"
"KISS1","Luminal_Epithelial","ER_Positive","Normal","ER_Positive vs Normal",-2.90965473418238,1.06184983665702,19.4613083985704,0.000267730440029045,0.00383687636593616,"Normal_higher"
"GADD45GIP1","Luminal_Epithelial","ER_Positive","Normal","ER_Positive vs Normal",-1.79585882450954,7.97309953618454,21.3304819533905,0.000267944721230165,0.00383687636593616,"Normal_higher"
"RP11-273B20.1","Luminal_Epithelial","ER_Positive","Normal","ER_Positive vs Normal",4.40226726759768,0.608244552801608,18.8232245955776,0.000268652977835093,0.00384066662875875,"ER_Positive_higher"
"DAZAP1","Luminal_Epithelial","ER_Positive","Normal","ER_Positive vs Normal",-1.5775143011174,5.46824035628688,21.3243668489737,0.000268721260758092,0.00384066662875875,"Normal_higher"
"AC137932.4","Luminal_Epithelial","ER_Positive","Normal","ER_Positive vs Normal",-2.92642460808787,-0.112076872576632,19.7875738902832,0.00026943097781028,0.00384714622644992,"Normal_higher"
"RAMP2","Luminal_Epithelial","ER_Positive","Normal","ER_Positive vs Normal",3.46683531768789,4.6742414891649,21.3176334937027,0.000269907845941237,0.00385029186695831,"ER_Positive_higher"
"ACSS1","Luminal_Epithelial","ER_Positive","Normal","ER_Positive vs Normal",2.86994201306693,3.36438028827092,21.2400977608907,0.000271709375218512,0.00387231015565453,"ER_Positive_higher"
"TLR1","Luminal_Epithelial","ER_Positive","Normal","ER_Positive vs Normal",-3.18981626293536,1.379012525762,19.3190888974712,0.000272606955764172,0.00387981402710083,"Normal_higher"
"HOXD8","Luminal_Epithelial","ER_Positive","Normal","ER_Positive vs Normal",7.21722348908863,1.96943211426961,19.3817753370095,0.000272752968520782,0.00387981402710083,"ER_Positive_higher"
"NEK10","Luminal_Epithelial","ER_Positive","Normal","ER_Positive vs Normal",5.91282828447668,4.69148069724678,21.1740597232588,0.00027380182866764,0.00389104549509023,"ER_Positive_higher"
"FOXD3-AS1","Luminal_Epithelial","ER_Positive","Normal","ER_Positive vs Normal",5.58707145272539,2.75834304799704,20.4464401050249,0.000274717017793379,0.00389690524116507,"ER_Positive_higher"
"RP11-77P16.4","Luminal_Epithelial","ER_Positive","Normal","ER_Positive vs Normal",2.72178803424549,-0.735630470748892,18.4128870764135,0.000274908301347249,0.00389690524116507,"ER_Positive_higher"
"CASP14","Luminal_Epithelial","ER_Positive","Normal","ER_Positive vs Normal",-5.51772486035248,3.3495220374939,19.2854961881391,0.000275026242951881,0.00389690524116507,"Normal_higher"
"LINC00271","Luminal_Epithelial","ER_Positive","Normal","ER_Positive vs Normal",3.6154959251814,1.30480157239062,20.0847742186961,0.000275252852377889,0.00389690524116507,"ER_Positive_higher"
"MED11","Luminal_Epithelial","ER_Positive","Normal","ER_Positive vs Normal",-1.77318666167342,4.70397106130572,21.1460620414893,0.000277116173733205,0.00391668045799038,"Normal_higher"
"C10orf10","Luminal_Epithelial","ER_Positive","Normal","ER_Positive vs Normal",-3.3620616142629,5.9530800069715,21.153943757536,0.000277171629665209,0.00391668045799038,"Normal_higher"
"SUOX","Luminal_Epithelial","ER_Positive","Normal","ER_Positive vs Normal",1.99112073450647,2.79547716204113,21.0411522073686,0.000277584601397721,0.00391882607072022,"ER_Positive_higher"
"C16orf74","Luminal_Epithelial","ER_Positive","Normal","ER_Positive vs Normal",2.38298935829553,4.65079101558256,21.1775106133668,0.000278263257590822,0.00392471494987356,"ER_Positive_higher"
"RRP36","Luminal_Epithelial","ER_Positive","Normal","ER_Positive vs Normal",-1.66083651154072,3.82171182433666,20.9836106745912,0.000278751175059946,0.00392790505551606,"Normal_higher"
"ZYG11A","Luminal_Epithelial","ER_Positive","Normal","ER_Positive vs Normal",2.99515507887203,0.498237725878806,19.2512774278397,0.000281219541530391,0.0039589696620512,"ER_Positive_higher"
"NXPH3","Luminal_Epithelial","ER_Positive","Normal","ER_Positive vs Normal",5.84834155777874,1.60806135933264,18.9865830872549,0.000282176608822303,0.00396872012052137,"ER_Positive_higher"
"ZFHX4","Luminal_Epithelial","ER_Positive","Normal","ER_Positive vs Normal",4.43914280467482,-0.174835139262896,17.9881310280883,0.000284125688880303,0.00399239158523099,"ER_Positive_higher"
"APOBEC3B","Luminal_Epithelial","ER_Positive","Normal","ER_Positive vs Normal",-3.57009130901139,0.905385501286697,19.4338352240639,0.000287649524465582,0.00403812573775023,"Normal_higher"
"RP3-323P24.3","Luminal_Epithelial","ER_Positive","Normal","ER_Positive vs Normal",4.90863548291698,1.75371767575047,19.7322817045597,0.000288078016985192,0.00404036149616522,"ER_Positive_higher"
"RP11-166B2.8","Luminal_Epithelial","ER_Positive","Normal","ER_Positive vs Normal",5.44725065826559,2.22213149337047,19.8281323942069,0.00028929429788472,0.00405363167913724,"ER_Positive_higher"
"RP11-164P12.4","Luminal_Epithelial","ER_Positive","Normal","ER_Positive vs Normal",-3.82958851069527,0.783687642827459,19.4664142251356,0.000291035249352686,0.00407422200283187,"Normal_higher"
"GAR1","Luminal_Epithelial","ER_Positive","Normal","ER_Positive vs Normal",-1.77126644529462,5.37491776264443,20.9633829315993,0.000291350246694184,0.00407483052389527,"Normal_higher"
"AARS","Luminal_Epithelial","ER_Positive","Normal","ER_Positive vs Normal",-1.84413401208778,4.30258321466275,20.8641150086582,0.000291703909942272,0.00407597819041311,"Normal_higher"
"LARP6","Luminal_Epithelial","ER_Positive","Normal","ER_Positive vs Normal",-3.36440998342561,3.75979159981288,20.1403763515439,0.000292962302143298,0.00408975373792044,"Normal_higher"
"RP11-67L3.5","Luminal_Epithelial","ER_Positive","Normal","ER_Positive vs Normal",6.76455030861041,-0.0297133175733495,19.2885919565903,0.000294430202210445,0.00410642569198155,"ER_Positive_higher"
"COL1A2","Luminal_Epithelial","ER_Positive","Normal","ER_Positive vs Normal",6.46867268102384,1.4302081120452,18.803128220463,0.000295270445090542,0.00411215768914995,"ER_Positive_higher"
"EFHD2","Luminal_Epithelial","ER_Positive","Normal","ER_Positive vs Normal",-2.0610695392199,4.1933456745017,20.7638320357615,0.000295389217625352,0.00411215768914995,"Normal_higher"
"FGD5","Luminal_Epithelial","ER_Positive","Normal","ER_Positive vs Normal",6.64901417801985,0.447177422502839,18.9854138472206,0.000296169398850399,0.0041166965690035,"ER_Positive_higher"
"LCA5L","Luminal_Epithelial","ER_Positive","Normal","ER_Positive vs Normal",1.9794996983303,2.58356484520354,20.7020150780176,0.000296263896483227,0.0041166965690035,"ER_Positive_higher"
"AC079145.4","Luminal_Epithelial","ER_Positive","Normal","ER_Positive vs Normal",5.94988623011522,0.21789397522463,18.4667208604838,0.000297087438184346,0.00412159488014261,"ER_Positive_higher"
"TRAF5","Luminal_Epithelial","ER_Positive","Normal","ER_Positive vs Normal",2.87003795972725,3.94151552844491,20.8827539006972,0.000297165700027608,0.00412159488014261,"ER_Positive_higher"
"FAM214A","Luminal_Epithelial","ER_Positive","Normal","ER_Positive vs Normal",2.32411350721983,5.19544312414007,20.8807490857214,0.000297532913956277,0.00412287759902294,"ER_Positive_higher"
"NUDT12","Luminal_Epithelial","ER_Positive","Normal","ER_Positive vs Normal",1.74867394227928,3.71760030755112,20.8460090075426,0.0002981660090586,0.00412677296694131,"ER_Positive_higher"
"SLC25A40","Luminal_Epithelial","ER_Positive","Normal","ER_Positive vs Normal",2.13682513557177,3.34839192544636,20.8199313324021,0.000298364008071655,0.00412677296694131,"ER_Positive_higher"
"POTEI","Luminal_Epithelial","ER_Positive","Normal","ER_Positive vs Normal",5.67482037750736,0.973919673656908,18.3926686620719,0.000300215260089951,0.00414855470365552,"ER_Positive_higher"
"MOB3B","Luminal_Epithelial","ER_Positive","Normal","ER_Positive vs Normal",-3.39246463369313,0.76235231398268,19.2544663340326,0.000300882973067601,0.0041539565564172,"Normal_higher"
"C8orf58","Luminal_Epithelial","ER_Positive","Normal","ER_Positive vs Normal",-2.11799724722485,1.7543761814562,19.0405683357105,0.000302476372092796,0.00416606224239039,"Normal_higher"
"CCDC124","Luminal_Epithelial","ER_Positive","Normal","ER_Positive vs Normal",-1.41295953664958,6.72410324459215,20.7958280575498,0.000302957774855918,0.00416606224239039,"Normal_higher"
"DDX39A","Luminal_Epithelial","ER_Positive","Normal","ER_Positive vs Normal",-1.85227696227048,6.11743883048078,20.7947466140708,0.000303307729103547,0.00416606224239039,"Normal_higher"
"AQP11","Luminal_Epithelial","ER_Positive","Normal","ER_Positive vs Normal",2.35930517655502,1.39440073248151,19.9818541124929,0.000303871450669802,0.00416606224239039,"ER_Positive_higher"
"CCDC74A","Luminal_Epithelial","ER_Positive","Normal","ER_Positive vs Normal",4.42111108435912,6.25838947147392,20.7843397056045,0.000303892179967952,0.00416606224239039,"ER_Positive_higher"
"STX1A","Luminal_Epithelial","ER_Positive","Normal","ER_Positive vs Normal",-2.43007772819398,3.01430711937069,19.948363814081,0.000303967602845153,0.00416606224239039,"Normal_higher"
"RHBDL2","Luminal_Epithelial","ER_Positive","Normal","ER_Positive vs Normal",-2.66687075684483,2.71243190564547,19.5620520934842,0.000304127972740754,0.00416606224239039,"Normal_higher"
"UBXN10-AS1","Luminal_Epithelial","ER_Positive","Normal","ER_Positive vs Normal",4.41366556962262,2.83691347950437,20.5394958426061,0.000304158042253668,0.00416606224239039,"ER_Positive_higher"
"TMEM158","Luminal_Epithelial","ER_Positive","Normal","ER_Positive vs Normal",-4.45798794126454,0.19854889564118,18.9027474239471,0.00030425829397347,0.00416606224239039,"Normal_higher"
"TUBA1B","Luminal_Epithelial","ER_Positive","Normal","ER_Positive vs Normal",-1.89317314669336,8.57309671966238,20.7557209097265,0.000305225751404124,0.00417240195840916,"Normal_higher"
"TRNAU1AP","Luminal_Epithelial","ER_Positive","Normal","ER_Positive vs Normal",-1.24297678065876,4.68678232687856,20.7390356914776,0.000305543327850103,0.00417240195840916,"Normal_higher"
"RP11-535M15.1","Luminal_Epithelial","ER_Positive","Normal","ER_Positive vs Normal",4.66739656920925,0.49758152147645,18.1419217087034,0.000305555390970325,0.00417240195840916,"ER_Positive_higher"
"CTD-2589M5.4","Luminal_Epithelial","ER_Positive","Normal","ER_Positive vs Normal",5.79271767507755,-1.02096803558696,19.1756825304973,0.000307916689894486,0.00420082342295141,"ER_Positive_higher"
"CCDC12","Luminal_Epithelial","ER_Positive","Normal","ER_Positive vs Normal",-1.57599875726297,5.87557622546394,20.720062800834,0.000308542638894531,0.00420553985639439,"Normal_higher"
"STRADA","Luminal_Epithelial","ER_Positive","Normal","ER_Positive vs Normal",3.32950012114054,1.62341695587685,19.9895137497979,0.000309179818372764,0.00421040066635215,"ER_Positive_higher"
"RAPGEF4","Luminal_Epithelial","ER_Positive","Normal","ER_Positive vs Normal",4.28936890600764,0.417623522975555,18.0995259827437,0.000314524201437879,0.00427929709064211,"ER_Positive_higher"
"PLAUR","Luminal_Epithelial","ER_Positive","Normal","ER_Positive vs Normal",-3.08997204562446,6.69187347066882,20.6084863635576,0.000316556259852601,0.00429382581356199,"Normal_higher"
"FAM196A","Luminal_Epithelial","ER_Positive","Normal","ER_Positive vs Normal",7.81026054367611,1.61831146601909,19.4908847701427,0.000316606024453555,0.00429382581356199,"ER_Positive_higher"
"CCP110","Luminal_Epithelial","ER_Positive","Normal","ER_Positive vs Normal",1.85259590574345,3.97452254962142,20.598671207992,0.000316635947986662,0.00429382581356199,"ER_Positive_higher"
"DCUN1D3","Luminal_Epithelial","ER_Positive","Normal","ER_Positive vs Normal",1.86582816953883,3.17137196084632,20.5310620730691,0.000316917366471179,0.00429382581356199,"ER_Positive_higher"
"ACKR1","Luminal_Epithelial","ER_Positive","Normal","ER_Positive vs Normal",9.4683823411324,1.52144755346685,22.1157611109513,0.00031702265618889,0.00429382581356199,"ER_Positive_higher"
"C10orf107","Luminal_Epithelial","ER_Positive","Normal","ER_Positive vs Normal",5.05601559233915,1.19496531664617,18.5837985418298,0.000318301794751673,0.00430669295614189,"ER_Positive_higher"
"ODF2","Luminal_Epithelial","ER_Positive","Normal","ER_Positive vs Normal",1.37365799101188,4.01529440646608,20.5663130483919,0.000318827641240273,0.00430669295614189,"ER_Positive_higher"
"SLC2A10","Luminal_Epithelial","ER_Positive","Normal","ER_Positive vs Normal",2.90367823100466,4.61261412728,20.5829156039996,0.000318967724957665,0.00430669295614189,"ER_Positive_higher"
"AP006222.2","Luminal_Epithelial","ER_Positive","Normal","ER_Positive vs Normal",-2.35858238706524,4.2654003288445,20.3895754007689,0.000319363905166651,0.00430669295614189,"Normal_higher"
"RCBTB1","Luminal_Epithelial","ER_Positive","Normal","ER_Positive vs Normal",1.68323702244186,2.40078096393353,20.3104332482923,0.000319565836939205,0.00430669295614189,"ER_Positive_higher"
"MTR","Luminal_Epithelial","ER_Positive","Normal","ER_Positive vs Normal",1.93974918100389,4.0489556312084,20.5602888320932,0.000319694539424407,0.00430669295614189,"ER_Positive_higher"
"MCTP2","Luminal_Epithelial","ER_Positive","Normal","ER_Positive vs Normal",-3.42578237960204,0.749435118841605,19.0378360424811,0.000320232545842297,0.00431007158336803,"Normal_higher"
"TLN1","Luminal_Epithelial","ER_Positive","Normal","ER_Positive vs Normal",-1.35357606740506,4.98077530500009,20.5318216253543,0.00032135032110251,0.00432124038421627,"Normal_higher"
"IL4I1","Luminal_Epithelial","ER_Positive","Normal","ER_Positive vs Normal",-3.99531811154852,1.9313795568503,18.7222677105224,0.000323344925677986,0.00434416947148571,"Normal_higher"
"MEG3","Luminal_Epithelial","ER_Positive","Normal","ER_Positive vs Normal",-3.15957257943217,0.117615325713227,19.0715758595024,0.000324201269291424,0.00435177857625797,"Normal_higher"
"ANKRD30B","Luminal_Epithelial","ER_Positive","Normal","ER_Positive vs Normal",4.00872362639315,2.66289541148019,20.2656873615242,0.000324895818036903,0.00435341183256749,"ER_Positive_higher"
"RP11-326C3.12","Luminal_Epithelial","ER_Positive","Normal","ER_Positive vs Normal",3.6154198829888,-1.1454792974689,17.722134148593,0.000324903128704977,0.00435341183256749,"ER_Positive_higher"
"FAM120AOS","Luminal_Epithelial","ER_Positive","Normal","ER_Positive vs Normal",1.28271086003883,5.61792591000854,20.464804546429,0.000327107710738089,0.00437332781088853,"ER_Positive_higher"
"NT5C2","Luminal_Epithelial","ER_Positive","Normal","ER_Positive vs Normal",-1.55830989907309,3.53394075106219,20.225637892757,0.000327367059945197,0.00437332781088853,"Normal_higher"
"SLC9B1","Luminal_Epithelial","ER_Positive","Normal","ER_Positive vs Normal",2.53540157208444,0.10793263968489,18.4077171367156,0.000327532744822285,0.00437332781088853,"ER_Positive_higher"
"CASC1","Luminal_Epithelial","ER_Positive","Normal","ER_Positive vs Normal",3.22617376833944,1.70060043315115,19.8259610460814,0.000327555171549191,0.00437332781088853,"ER_Positive_higher"
"GOLT1B","Luminal_Epithelial","ER_Positive","Normal","ER_Positive vs Normal",-1.6615628456371,5.38290575892924,20.4469802508781,0.000328208768951567,0.00437815910724993,"Normal_higher"
"SH3GLB1","Luminal_Epithelial","ER_Positive","Normal","ER_Positive vs Normal",-1.54903144125948,6.41188865138277,20.4452323850376,0.000328623443469825,0.00437979752766577,"Normal_higher"
"RNF126","Luminal_Epithelial","ER_Positive","Normal","ER_Positive vs Normal",-1.87710150753094,5.39335588534442,20.4196094218648,0.000330055038787905,0.00439497423876672,"Normal_higher"
"WTAP","Luminal_Epithelial","ER_Positive","Normal","ER_Positive vs Normal",-2.01262333491321,6.57956440319508,20.420805813338,0.000330515892739573,0.0043954200451346,"Normal_higher"
"SRMS","Luminal_Epithelial","ER_Positive","Normal","ER_Positive vs Normal",8.00512277768433,2.34629465175178,19.0681243534689,0.00033067430072346,0.0043954200451346,"ER_Positive_higher"
"DHTKD1","Luminal_Epithelial","ER_Positive","Normal","ER_Positive vs Normal",1.65044106717618,3.65317178020934,20.3769225814958,0.000331798208131723,0.004406456380029,"ER_Positive_higher"
"SLC7A11","Luminal_Epithelial","ER_Positive","Normal","ER_Positive vs Normal",-3.35594458716942,2.8422288392306,18.8597625359845,0.00033262704897491,0.00441355802295886,"Normal_higher"
"CHN2","Luminal_Epithelial","ER_Positive","Normal","ER_Positive vs Normal",6.34050964949051,1.60645243498614,18.312392106246,0.000333190390969516,0.00441712738275577,"ER_Positive_higher"
"WASF2","Luminal_Epithelial","ER_Positive","Normal","ER_Positive vs Normal",-1.4750211304989,6.54532829815498,20.3611345211058,0.000334985176401701,0.00442936143955716,"Normal_higher"
"RP11-307C19.2","Luminal_Epithelial","ER_Positive","Normal","ER_Positive vs Normal",3.16900918302117,-0.21474093738757,17.7902791018871,0.000335322082432714,0.00442936143955716,"ER_Positive_higher"
"RTBDN","Luminal_Epithelial","ER_Positive","Normal","ER_Positive vs Normal",4.433478617089,-0.388492626112939,17.4318647463586,0.000335982929320495,0.00442936143955716,"ER_Positive_higher"
"OLFM4","Luminal_Epithelial","ER_Positive","Normal","ER_Positive vs Normal",-6.09273779925782,6.07581153110526,19.472868419467,0.00033634654237569,0.00442936143955716,"Normal_higher"
"KCND3","Luminal_Epithelial","ER_Positive","Normal","ER_Positive vs Normal",2.89761388928728,2.58631817200418,20.167793980816,0.000336634579787002,0.00442936143955716,"ER_Positive_higher"
"MYLK","Luminal_Epithelial","ER_Positive","Normal","ER_Positive vs Normal",-3.44329818608796,2.95104128096135,18.8603140970777,0.00033677453289587,0.00442936143955716,"Normal_higher"
"EBF4","Luminal_Epithelial","ER_Positive","Normal","ER_Positive vs Normal",2.45202716249171,2.95278354395738,20.2464354121706,0.00033683986910351,0.00442936143955716,"ER_Positive_higher"
"RALGAPB","Luminal_Epithelial","ER_Positive","Normal","ER_Positive vs Normal",1.38202955549326,4.19597129387015,20.3325175052183,0.000336988269519547,0.00442936143955716,"ER_Positive_higher"
"PITPNC1","Luminal_Epithelial","ER_Positive","Normal","ER_Positive vs Normal",-2.0321459492749,3.0373857470955,19.7424163849095,0.000337077753401112,0.00442936143955716,"Normal_higher"
"ANKRD30A","Luminal_Epithelial","ER_Positive","Normal","ER_Positive vs Normal",4.00412585486219,8.37869316530361,20.3225759985355,0.000337257653264197,0.00442936143955716,"ER_Positive_higher"
"ALOX15","Luminal_Epithelial","ER_Positive","Normal","ER_Positive vs Normal",6.78620637908943,0.75602424858997,18.6152457457748,0.000337359907070956,0.00442936143955716,"ER_Positive_higher"
"TNIP2","Luminal_Epithelial","ER_Positive","Normal","ER_Positive vs Normal",-1.57457701016232,5.07289302640899,20.3147808768269,0.000337823142729304,0.00443156634872261,"Normal_higher"
"PDCD5","Luminal_Epithelial","ER_Positive","Normal","ER_Positive vs Normal",-1.38163494237071,7.55369533796421,20.3151972699226,0.000338150255623368,0.00443198330667239,"Normal_higher"
"TPM4","Luminal_Epithelial","ER_Positive","Normal","ER_Positive vs Normal",-1.65692294346183,8.31616612995557,20.3044003031611,0.000338834621781297,0.00443707780896328,"Normal_higher"
"CERKL","Luminal_Epithelial","ER_Positive","Normal","ER_Positive vs Normal",5.42377835752184,-0.173998633961779,17.7555158041474,0.000340437012817728,0.0044541745870581,"ER_Positive_higher"
"KCTD3","Luminal_Epithelial","ER_Positive","Normal","ER_Positive vs Normal",1.93831849111865,5.14416981182036,20.2909178472338,0.000340764791034235,0.00445457945910346,"ER_Positive_higher"
"TANK","Luminal_Epithelial","ER_Positive","Normal","ER_Positive vs Normal",-1.67855274650844,5.47135902856628,20.2739653204389,0.000341788497264712,0.00446407308829551,"Normal_higher"
"COA7","Luminal_Epithelial","ER_Positive","Normal","ER_Positive vs Normal",-1.87922436301431,3.14478747670926,19.7901063458048,0.00034253227658956,0.00446989728241699,"Normal_higher"
"RASAL3","Luminal_Epithelial","ER_Positive","Normal","ER_Positive vs Normal",3.15865769352461,0.102010494623505,18.0067032068801,0.000343675478353072,0.00448091911698049,"ER_Positive_higher"
"LINC00342","Luminal_Epithelial","ER_Positive","Normal","ER_Positive vs Normal",-2.19931152927797,2.71643376646704,19.3411664438241,0.000343998009415132,0.00448123101327508,"Normal_higher"
"FZD4","Luminal_Epithelial","ER_Positive","Normal","ER_Positive vs Normal",4.25425917538146,2.48453810654423,19.895409205019,0.000344456517665826,0.00448331219480577,"ER_Positive_higher"
"FRGCA","Luminal_Epithelial","ER_Positive","Normal","ER_Positive vs Normal",-2.90610667498128,0.926987156506258,18.5420223602355,0.000345285908696516,0.00448943575659134,"Normal_higher"
"NRP2","Luminal_Epithelial","ER_Positive","Normal","ER_Positive vs Normal",-2.74926830384015,1.06701279832534,18.4359228213534,0.000345823222509316,0.00448943575659134,"Normal_higher"
"THSD4","Luminal_Epithelial","ER_Positive","Normal","ER_Positive vs Normal",1.67556916637737,4.9477260456522,20.2284709098612,0.000345824464224668,0.00448943575659134,"ER_Positive_higher"
"SGK3","Luminal_Epithelial","ER_Positive","Normal","ER_Positive vs Normal",3.12420092099913,4.67914142538988,20.2140040349911,0.000347556309429351,0.00450801861331571,"ER_Positive_higher"
"CELF2","Luminal_Epithelial","ER_Positive","Normal","ER_Positive vs Normal",-2.74998007597037,1.82633307921791,18.3349631423638,0.000348622784571234,0.00451458024806288,"Normal_higher"
"EPHA10","Luminal_Epithelial","ER_Positive","Normal","ER_Positive vs Normal",2.22703296058783,0.213415422130034,18.3194124853256,0.000348663857366887,0.00451458024806288,"ER_Positive_higher"
"RP11-41O4.1","Luminal_Epithelial","ER_Positive","Normal","ER_Positive vs Normal",-2.61296083775667,-0.202053876305051,18.783950088638,0.000349021889394652,0.00451532025357374,"Normal_higher"
"EEF1E1","Luminal_Epithelial","ER_Positive","Normal","ER_Positive vs Normal",-2.54574034877359,5.7162145725523,20.1475996596344,0.000351302635972907,0.00454091185016831,"Normal_higher"
"PSTPIP2","Luminal_Epithelial","ER_Positive","Normal","ER_Positive vs Normal",-1.9056017675759,4.11390924594991,20.0148019583934,0.000352167155537862,0.00454816910770799,"Normal_higher"
"KCNJ3","Luminal_Epithelial","ER_Positive","Normal","ER_Positive vs Normal",8.58363523885098,4.15102154413864,18.420114418457,0.000353079542254812,0.00455603154825277,"ER_Positive_higher"
"WASIR2","Luminal_Epithelial","ER_Positive","Normal","ER_Positive vs Normal",4.54084994386359,1.32462846090398,18.6673196115416,0.000354510622563705,0.00457051071269776,"ER_Positive_higher"
"SLC9A3R1","Luminal_Epithelial","ER_Positive","Normal","ER_Positive vs Normal",2.91387470945365,8.68160253074177,20.099750338481,0.000355209628770995,0.00457051071269776,"ER_Positive_higher"
"ACY1","Luminal_Epithelial","ER_Positive","Normal","ER_Positive vs Normal",4.11805203460638,3.82016703262408,20.0964673636455,0.000355418924008826,0.00457051071269776,"ER_Positive_higher"
"SLC3A2","Luminal_Epithelial","ER_Positive","Normal","ER_Positive vs Normal",-2.23016578597872,8.10451068100341,20.1015447169413,0.000355419870841493,0.00457051071269776,"Normal_higher"
"ITPR1","Luminal_Epithelial","ER_Positive","Normal","ER_Positive vs Normal",2.96271714067244,3.96508472953781,20.0880939516185,0.000357214023530549,0.00458964970130389,"ER_Positive_higher"
"ATP11A","Luminal_Epithelial","ER_Positive","Normal","ER_Positive vs Normal",-2.14150746636319,1.7013336364695,18.4000873505799,0.000358374164580427,0.00460061684162402,"Normal_higher"
"RHBDL1","Luminal_Epithelial","ER_Positive","Normal","ER_Positive vs Normal",3.47251248574333,3.57495247713141,20.0497383528976,0.000358788368017786,0.00460199746909651,"ER_Positive_higher"
"CDKL1","Luminal_Epithelial","ER_Positive","Normal","ER_Positive vs Normal",-2.91028099210563,-0.225606191120304,18.6729632695545,0.000359278512770007,0.00460434896766822,"Normal_higher"
"LINC00959","Luminal_Epithelial","ER_Positive","Normal","ER_Positive vs Normal",3.67658673655998,1.65928985028961,19.3112643853453,0.000361733468967457,0.00463185509282818,"ER_Positive_higher"
"PM20D2","Luminal_Epithelial","ER_Positive","Normal","ER_Positive vs Normal",-2.3752688174315,2.88470763808555,19.1833642733047,0.000362859869753964,0.00464231719130243,"Normal_higher"
"RRP7A","Luminal_Epithelial","ER_Positive","Normal","ER_Positive vs Normal",-1.50403338051178,5.85484547641118,20.0141497872774,0.000363457961321533,0.00464395717550915,"Normal_higher"
"ANKLE2","Luminal_Epithelial","ER_Positive","Normal","ER_Positive vs Normal",-1.57904292270993,5.02416925099186,19.9980271536737,0.000363606962165873,0.00464395717550915,"Normal_higher"
"PROSER2","Luminal_Epithelial","ER_Positive","Normal","ER_Positive vs Normal",-2.79199566916332,2.04887124138126,18.2608890828153,0.000364468477707606,0.00465100207904595,"Normal_higher"
"CATSPERG","Luminal_Epithelial","ER_Positive","Normal","ER_Positive vs Normal",1.74584879240439,1.77873103467168,19.458186938748,0.0003667823133166,0.00467655240097044,"ER_Positive_higher"
"SPECC1","Luminal_Epithelial","ER_Positive","Normal","ER_Positive vs Normal",-2.51516647205991,3.00228135126204,19.1407833328176,0.000369087383888052,0.00470194768251953,"Normal_higher"
"ATP7A","Luminal_Epithelial","ER_Positive","Normal","ER_Positive vs Normal",2.1862050647512,2.9772517240533,19.8533591912802,0.000369554619196919,0.00470390684502813,"ER_Positive_higher"
"FAM66B","Luminal_Epithelial","ER_Positive","Normal","ER_Positive vs Normal",4.12078178882136,-0.360914720689125,17.0735329007058,0.000370393398441859,0.00471058790713303,"ER_Positive_higher"
"PFDN2","Luminal_Epithelial","ER_Positive","Normal","ER_Positive vs Normal",-1.57671918516735,8.08293893593485,19.9125485967058,0.000371410225225456,0.004719520110041,"Normal_higher"
"CCNJL","Luminal_Epithelial","ER_Positive","Normal","ER_Positive vs Normal",-3.63579492709124,0.360337333853568,18.5511291521164,0.000372187598091378,0.00472422461794125,"Normal_higher"
"ACOT4","Luminal_Epithelial","ER_Positive","Normal","ER_Positive vs Normal",1.74191651797603,4.18666038053403,19.9072649032495,0.000372410056841774,0.00472422461794125,"ER_Positive_higher"
"ELOVL5","Luminal_Epithelial","ER_Positive","Normal","ER_Positive vs Normal",2.46031163664632,7.48805127049059,19.880725887506,0.000374046650021553,0.00474097810546744,"ER_Positive_higher"
"EIF6","Luminal_Epithelial","ER_Positive","Normal","ER_Positive vs Normal",-1.97038388883648,7.76136897616589,19.8798354058822,0.000374437049554523,0.00474192135245968,"Normal_higher"
"CNIH3","Luminal_Epithelial","ER_Positive","Normal","ER_Positive vs Normal",2.52718396930433,2.53915802555285,19.6984084571056,0.000375023058313498,0.00474533814174592,"ER_Positive_higher"
"TUBA1C","Luminal_Epithelial","ER_Positive","Normal","ER_Positive vs Normal",-2.25864498142382,7.41785473425334,19.8633379344232,0.000376168537295312,0.00475582244245219,"Normal_higher"
"PLEKHM2","Luminal_Epithelial","ER_Positive","Normal","ER_Positive vs Normal",-1.42782228306376,2.66266431172761,19.2721950130692,0.000377409617590201,0.00476749674341427,"Normal_higher"
"DCAF6","Luminal_Epithelial","ER_Positive","Normal","ER_Positive vs Normal",1.51064784140487,5.47012283514452,19.8437556710317,0.000378193388580022,0.0047733794637682,"ER_Positive_higher"
"FFAR2","Luminal_Epithelial","ER_Positive","Normal","ER_Positive vs Normal",4.22261655102875,1.17708818765644,18.4411864632305,0.000378826243837917,0.00477734911031565,"ER_Positive_higher"
"ULBP2","Luminal_Epithelial","ER_Positive","Normal","ER_Positive vs Normal",-3.60207632678287,0.765945379080774,18.424629178573,0.000379561565407065,0.00477991650107707,"Normal_higher"
"LGALS1","Luminal_Epithelial","ER_Positive","Normal","ER_Positive vs Normal",-2.85521365974246,9.09903222929255,19.8186615527772,0.000379666853420662,0.00477991650107707,"Normal_higher"
"CALCRL","Luminal_Epithelial","ER_Positive","Normal","ER_Positive vs Normal",4.71627715020573,-0.603115339252756,17.1877240109961,0.000381079439764914,0.00479367908847616,"ER_Positive_higher"
"ZMYND12","Luminal_Epithelial","ER_Positive","Normal","ER_Positive vs Normal",3.53116409375223,1.57235804029182,19.0600820505457,0.000382228097294919,0.00480410138702249,"ER_Positive_higher"
"CCDC171","Luminal_Epithelial","ER_Positive","Normal","ER_Positive vs Normal",2.46005741254192,1.42638015669885,19.0666767340499,0.00038273635127522,0.00480646395279266,"ER_Positive_higher"
"DNAJC27","Luminal_Epithelial","ER_Positive","Normal","ER_Positive vs Normal",1.83374843257496,2.52155365946326,19.5772049902801,0.000384626690254008,0.00482616449886446,"ER_Positive_higher"
"EXOSC1","Luminal_Epithelial","ER_Positive","Normal","ER_Positive vs Normal",-1.42819365485303,5.48645516368575,19.7652378954812,0.00038529545612185,0.00483051705097794,"Normal_higher"
"SUSD1","Luminal_Epithelial","ER_Positive","Normal","ER_Positive vs Normal",-1.80318556379528,1.32002866208621,18.0296778442052,0.000385820910695104,0.00483306711753041,"Normal_higher"
"TP53INP1","Luminal_Epithelial","ER_Positive","Normal","ER_Positive vs Normal",3.00886565876019,4.45020709105262,19.7534267540977,0.000387155280337504,0.00484492082081104,"ER_Positive_higher"
"CTSF","Luminal_Epithelial","ER_Positive","Normal","ER_Positive vs Normal",2.94630679532105,5.49055108845882,19.743065014654,0.000387412872990821,0.00484492082081104,"ER_Positive_higher"
"PRELID1","Luminal_Epithelial","ER_Positive","Normal","ER_Positive vs Normal",-1.60263723097126,8.9655591431586,19.7166153655245,0.000388775504630567,0.00485791340382258,"Normal_higher"
"RP11-455F5.3","Luminal_Epithelial","ER_Positive","Normal","ER_Positive vs Normal",1.79568204826466,2.41365241157248,19.48649831482,0.000389831680543281,0.00486431142007487,"ER_Positive_higher"
"RAB30","Luminal_Epithelial","ER_Positive","Normal","ER_Positive vs Normal",2.88022594145899,4.10173081540085,19.7177611127405,0.000389935805847276,0.00486431142007487,"ER_Positive_higher"
"LL22NC03-104C7.1","Luminal_Epithelial","ER_Positive","Normal","ER_Positive vs Normal",6.05988713000381,0.857686890626549,17.5767730490113,0.00039048708657769,0.00486714261484335,"ER_Positive_higher"
"RP11-1055B8.4","Luminal_Epithelial","ER_Positive","Normal","ER_Positive vs Normal",3.25699781049244,-0.114745519849232,17.3162855248502,0.000391066149109657,0.00487031510347603,"ER_Positive_higher"
"TTLL9","Luminal_Epithelial","ER_Positive","Normal","ER_Positive vs Normal",2.80753916731958,-0.0930049677996483,17.503436623064,0.000392024983371638,0.00487527073758007,"ER_Positive_higher"
"ZNF454","Luminal_Epithelial","ER_Positive","Normal","ER_Positive vs Normal",-3.27539545081464,-0.516470881400351,18.1232677014112,0.000392113798911118,0.00487527073758007,"Normal_higher"
"HDAC11-AS1","Luminal_Epithelial","ER_Positive","Normal","ER_Positive vs Normal",6.34552909999787,-0.351449617601868,18.0306155304802,0.000393042712460405,0.00488277482275935,"ER_Positive_higher"
"NOXA1","Luminal_Epithelial","ER_Positive","Normal","ER_Positive vs Normal",2.03395221535512,3.93666586002728,19.6604997811711,0.000394257270093773,0.0048898761840132,"ER_Positive_higher"
"KNSTRN","Luminal_Epithelial","ER_Positive","Normal","ER_Positive vs Normal",-1.70833728250145,2.65023084449595,18.9886590106657,0.000394266021367094,0.0048898761840132,"Normal_higher"
"YKT6","Luminal_Epithelial","ER_Positive","Normal","ER_Positive vs Normal",-1.60139677766262,4.90801208136332,19.6443143518564,0.00039468724960008,0.00489105826155938,"Normal_higher"
"ACTN1","Luminal_Epithelial","ER_Positive","Normal","ER_Positive vs Normal",-1.6638636837469,6.65504600162938,19.656853090881,0.000395141666005676,0.00489264932487391,"Normal_higher"
"TNFRSF11A","Luminal_Epithelial","ER_Positive","Normal","ER_Positive vs Normal",-2.82109113100901,1.54879895275701,17.8427977350682,0.000396088223148161,0.00490032643428232,"Normal_higher"
"ELN","Luminal_Epithelial","ER_Positive","Normal","ER_Positive vs Normal",4.3242594250756,-0.494833526770931,16.8840101671607,0.000396603833028634,0.00490266369214227,"ER_Positive_higher"
"GSN","Luminal_Epithelial","ER_Positive","Normal","ER_Positive vs Normal",-2.15400435914339,6.81842263005159,19.6243759473125,0.000398310112965367,0.00491970359281585,"Normal_higher"
"H1FX","Luminal_Epithelial","ER_Positive","Normal","ER_Positive vs Normal",-2.11971882872233,6.36642591554479,19.6133701188852,0.000399495540141391,0.00492137744716382,"Normal_higher"
"NME3","Luminal_Epithelial","ER_Positive","Normal","ER_Positive vs Normal",1.80104567649016,7.87557726514568,19.6000429003351,0.000399669375762388,0.00492137744716382,"ER_Positive_higher"
"SRSF4","Luminal_Epithelial","ER_Positive","Normal","ER_Positive vs Normal",-1.17400105959816,5.92123249317189,19.6106548691634,0.000399726968526815,0.00492137744716382,"Normal_higher"
"SARS","Luminal_Epithelial","ER_Positive","Normal","ER_Positive vs Normal",-1.74874042511472,6.58470460198134,19.6069685722356,0.000399885795402885,0.00492137744716382,"Normal_higher"
"GRAMD4","Luminal_Epithelial","ER_Positive","Normal","ER_Positive vs Normal",2.09423070924689,2.43359305021383,19.3930714781731,0.000400085325883911,0.00492137744716382,"ER_Positive_higher"
"ACOT9","Luminal_Epithelial","ER_Positive","Normal","ER_Positive vs Normal",-2.92578005265532,4.80330953678192,19.4656381680803,0.000400748089526861,0.00492267731671996,"Normal_higher"
"HS3ST1","Luminal_Epithelial","ER_Positive","Normal","ER_Positive vs Normal",-2.49105138922691,1.23653988360026,17.8040096275835,0.000400847050112067,0.00492267731671996,"Normal_higher"
"ANKRD31","Luminal_Epithelial","ER_Positive","Normal","ER_Positive vs Normal",2.71120859097915,0.112492662170132,17.6223037615926,0.000401206609550057,0.004923064259622,"ER_Positive_higher"
"COX4I1","Luminal_Epithelial","ER_Positive","Normal","ER_Positive vs Normal",-1.45595102570206,9.30891784767397,19.5718208247805,0.000402357015801146,0.00492898981312687,"Normal_higher"
"CSRNP1","Luminal_Epithelial","ER_Positive","Normal","ER_Positive vs Normal",2.45916965437592,6.25483659346851,19.5757981062183,0.000402527417496452,0.00492898981312687,"ER_Positive_higher"
"TP63","Luminal_Epithelial","ER_Positive","Normal","ER_Positive vs Normal",-3.41765944805463,-0.251910847932579,18.1228309120334,0.000402674852461754,0.00492898981312687,"Normal_higher"
"VAV3","Luminal_Epithelial","ER_Positive","Normal","ER_Positive vs Normal",2.55256594195998,5.78079953792213,19.5616050616213,0.000404182370282948,0.0049434106200784,"ER_Positive_higher"
"TMEM135","Luminal_Epithelial","ER_Positive","Normal","ER_Positive vs Normal",2.56231546711706,3.95392655785159,19.5532054668828,0.00040494134764965,0.00494493080521448,"ER_Positive_higher"
"AP000769.1","Luminal_Epithelial","ER_Positive","Normal","ER_Positive vs Normal",4.78061654299718,5.97947689198138,19.5590251612709,0.000404965679989911,0.00494493080521448,"ER_Positive_higher"
"SNRPB","Luminal_Epithelial","ER_Positive","Normal","ER_Positive vs Normal",-1.63002258724643,8.16130482300215,19.5235916682046,0.000407163213962492,0.00496772223734563,"Normal_higher"
"KLHL15","Luminal_Epithelial","ER_Positive","Normal","ER_Positive vs Normal",2.13184311958442,2.25337545587303,19.2563852762153,0.000407897836014868,0.00497264242491887,"ER_Positive_higher"
"NEK11","Luminal_Epithelial","ER_Positive","Normal","ER_Positive vs Normal",1.73074284218384,3.62327373319278,19.4930660044504,0.00040842664792711,0.00497358167271735,"ER_Positive_higher"
"TLDC1","Luminal_Epithelial","ER_Positive","Normal","ER_Positive vs Normal",-2.0334386711609,3.56487441364356,19.2075648102682,0.000408637715896614,0.00497358167271735,"Normal_higher"
"CTC-329D1.2","Luminal_Epithelial","ER_Positive","Normal","ER_Positive vs Normal",3.40083989028886,0.0832594909152696,17.2692760243391,0.00040932574264309,0.00497733452060448,"ER_Positive_higher"
"TNIP1","Luminal_Epithelial","ER_Positive","Normal","ER_Positive vs Normal",-2.03796189574618,5.97234303618336,19.5034973180413,0.000410020313028129,0.00497733452060448,"Normal_higher"
"CDC26","Luminal_Epithelial","ER_Positive","Normal","ER_Positive vs Normal",-1.26200607168391,6.17817452391292,19.4997443582616,0.000410315597232003,0.00497733452060448,"Normal_higher"
"DESI1","Luminal_Epithelial","ER_Positive","Normal","ER_Positive vs Normal",-1.47698028916498,5.36275137830956,19.4976899989921,0.000410321786434864,0.00497733452060448,"Normal_higher"
"FASN","Luminal_Epithelial","ER_Positive","Normal","ER_Positive vs Normal",2.9779994452443,7.41861236907076,19.4875182873005,0.000410604393716822,0.00497733452060448,"ER_Positive_higher"
"CD14","Luminal_Epithelial","ER_Positive","Normal","ER_Positive vs Normal",-2.84529775195325,4.03290150588287,19.1431847928507,0.000411262422258397,0.00497807949828757,"Normal_higher"
"NMT2","Luminal_Epithelial","ER_Positive","Normal","ER_Positive vs Normal",-2.35578015764773,2.41127974145374,18.322279333869,0.000412339553276977,0.00497807949828757,"Normal_higher"
"POLR3G","Luminal_Epithelial","ER_Positive","Normal","ER_Positive vs Normal",-2.63098272409197,1.96056520849767,17.849972149278,0.000412396547042612,0.00497807949828757,"Normal_higher"
"PCDH7","Luminal_Epithelial","ER_Positive","Normal","ER_Positive vs Normal",4.6194304491806,-0.880632258027014,17.1079306127387,0.000412485359396896,0.00497807949828757,"ER_Positive_higher"
"ADM","Luminal_Epithelial","ER_Positive","Normal","ER_Positive vs Normal",-3.67005514267039,6.32353700239768,19.4538976367306,0.000412526775773339,0.00497807949828757,"Normal_higher"
"CHMP1B","Luminal_Epithelial","ER_Positive","Normal","ER_Positive vs Normal",-1.45817021800036,5.93968884398953,19.4744376039319,0.000412908973324993,0.00497807949828757,"Normal_higher"
"CD93","Luminal_Epithelial","ER_Positive","Normal","ER_Positive vs Normal",7.11953952337268,-0.723986556147694,18.8994519514546,0.000412987870684882,0.00497807949828757,"ER_Positive_higher"
"HDAC11","Luminal_Epithelial","ER_Positive","Normal","ER_Positive vs Normal",1.66157813027983,3.97488566037228,19.4534121211804,0.000413975829540426,0.00497990019465985,"ER_Positive_higher"
"KRT7","Luminal_Epithelial","ER_Positive","Normal","ER_Positive vs Normal",-3.33054804175117,10.2598737631505,19.4502302161569,0.000414176823258191,0.00497990019465985,"Normal_higher"
"MRPS18B","Luminal_Epithelial","ER_Positive","Normal","ER_Positive vs Normal",-1.25746163862274,6.43606530113312,19.457401867867,0.000414322345885882,0.00497990019465985,"Normal_higher"
"FAM96B","Luminal_Epithelial","ER_Positive","Normal","ER_Positive vs Normal",-1.85337786441385,7.39518913259708,19.4526490508167,0.000414466271948435,0.00497990019465985,"Normal_higher"
"ARHGAP33","Luminal_Epithelial","ER_Positive","Normal","ER_Positive vs Normal",3.27776812478431,1.52718725675722,18.7459176105327,0.000414835704255877,0.00498035153101435,"ER_Positive_higher"
"SLC25A48","Luminal_Epithelial","ER_Positive","Normal","ER_Positive vs Normal",8.71991562590636,0.77532874110592,19.9844224229617,0.000416571629528863,0.00499616077690188,"ER_Positive_higher"
"DAB2IP","Luminal_Epithelial","ER_Positive","Normal","ER_Positive vs Normal",-2.28065855534092,2.45208777259214,18.3494412410642,0.000416818370938972,0.00499616077690188,"Normal_higher"
"PLCG2","Luminal_Epithelial","ER_Positive","Normal","ER_Positive vs Normal",-2.70203532538439,2.57171306113751,18.159307260131,0.000417369425828818,0.00499877332275584,"Normal_higher"
"EPHX2","Luminal_Epithelial","ER_Positive","Normal","ER_Positive vs Normal",2.51637900304631,4.54733213949237,19.4213857701448,0.000418650678384902,0.00500969541783468,"ER_Positive_higher"
"RHOG","Luminal_Epithelial","ER_Positive","Normal","ER_Positive vs Normal",-1.33327390945662,5.43043231024896,19.4124764021877,0.00041894900708886,0.00500969541783468,"Normal_higher"
"FAM57A","Luminal_Epithelial","ER_Positive","Normal","ER_Positive vs Normal",-2.76209416820602,2.12819176646936,17.8126361084541,0.000419861948040321,0.00501661485210279,"Normal_higher"
"RABEP2","Luminal_Epithelial","ER_Positive","Normal","ER_Positive vs Normal",1.70479640456227,4.32320367572964,19.3988285692559,0.00042035259132778,0.00501848157363246,"ER_Positive_higher"
"ADRB1","Luminal_Epithelial","ER_Positive","Normal","ER_Positive vs Normal",5.70942399298307,0.179587624945626,17.1113690092523,0.00042217498630228,0.00503623212991917,"ER_Positive_higher"
"KYNU","Luminal_Epithelial","ER_Positive","Normal","ER_Positive vs Normal",-4.58275358724092,6.28604769100106,19.2508449044051,0.000423511013252984,0.00504815708966444,"Normal_higher"
"CTC-497E21.3","Luminal_Epithelial","ER_Positive","Normal","ER_Positive vs Normal",7.20099701443465,-0.661852532696035,18.7755994228406,0.000424049390269816,0.00505056285696757,"ER_Positive_higher"
"MRTO4","Luminal_Epithelial","ER_Positive","Normal","ER_Positive vs Normal",-1.82930529418295,5.56608546852875,19.3531937882383,0.000424705443393727,0.0050543652569466,"Normal_higher"
"ZFAND2B","Luminal_Epithelial","ER_Positive","Normal","ER_Positive vs Normal",-1.19209886684924,4.81925195492549,19.308725807587,0.000428199121213135,0.00509183788828657,"Normal_higher"
"CH17-373J23.1","Luminal_Epithelial","ER_Positive","Normal","ER_Positive vs Normal",-2.74884728482855,2.04528488757538,17.6884550298886,0.000428850162780733,0.00509183788828657,"Normal_higher"
"HLA-DOB","Luminal_Epithelial","ER_Positive","Normal","ER_Positive vs Normal",-3.2694001795944,-0.267842963231983,17.9370873022745,0.000428872065755596,0.00509183788828657,"Normal_higher"
"COX19","Luminal_Epithelial","ER_Positive","Normal","ER_Positive vs Normal",-1.35939594216003,5.16547749033857,19.2997020952076,0.000429897208482371,0.00509997423533197,"Normal_higher"
"PLEKHG1","Luminal_Epithelial","ER_Positive","Normal","ER_Positive vs Normal",-3.48257018787424,0.183485736372467,17.9823249285681,0.000433182324882676,0.00513488716391337,"Normal_higher"
"KLC1","Luminal_Epithelial","ER_Positive","Normal","ER_Positive vs Normal",-1.5050246707976,4.41923555977927,19.210515280885,0.000434716894716989,0.00514581706038944,"Normal_higher"
"SNHG21","Luminal_Epithelial","ER_Positive","Normal","ER_Positive vs Normal",-1.67519460519017,3.64821362209092,19.0496004304723,0.000434790166760433,0.00514581706038944,"Normal_higher"
"BSCL2","Luminal_Epithelial","ER_Positive","Normal","ER_Positive vs Normal",4.0791662738185,4.42457794340925,19.2637267396708,0.000435260395725124,0.00514732289885495,"ER_Positive_higher"
"PCAT18","Luminal_Epithelial","ER_Positive","Normal","ER_Positive vs Normal",5.54101756769267,3.17206193289361,18.8417028440964,0.000437428636088626,0.00516889097778111,"ER_Positive_higher"
"CTSW","Luminal_Epithelial","ER_Positive","Normal","ER_Positive vs Normal",3.62359678398355,-1.27377639747148,16.8172534925907,0.000437972228760338,0.00517124251534728,"ER_Positive_higher"
"LINC01605","Luminal_Epithelial","ER_Positive","Normal","ER_Positive vs Normal",6.25190558464087,-0.609254286407168,17.7284948177669,0.000439203958575746,0.00518170896725332,"ER_Positive_higher"
"BMS1","Luminal_Epithelial","ER_Positive","Normal","ER_Positive vs Normal",-1.25714232770554,4.33888147140088,19.1447931552049,0.00044214891786412,0.0052101057494917,"Normal_higher"
"OSMR-AS1","Luminal_Epithelial","ER_Positive","Normal","ER_Positive vs Normal",-2.38113874256602,1.68949293346114,17.5389464532712,0.000442305239211863,0.0052101057494917,"Normal_higher"
"CASC2","Luminal_Epithelial","ER_Positive","Normal","ER_Positive vs Normal",2.08117317482188,1.16047732458342,18.283590980868,0.000443420383248957,0.00521914485601341,"ER_Positive_higher"
"TTC39A-AS1","Luminal_Epithelial","ER_Positive","Normal","ER_Positive vs Normal",2.62090114553933,1.73938627362633,18.6753576720712,0.000444389516707372,0.00522624813880781,"ER_Positive_higher"
"ISY1","Luminal_Epithelial","ER_Positive","Normal","ER_Positive vs Normal",-1.84662301677715,3.8552022051237,18.992707647562,0.000444720388702444,0.00522624813880781,"Normal_higher"
"SLFN5","Luminal_Epithelial","ER_Positive","Normal","ER_Positive vs Normal",-3.1538671277406,4.48507528048285,18.9025720702281,0.000445225499383618,0.00522809003853674,"Normal_higher"
"PTPN13","Luminal_Epithelial","ER_Positive","Normal","ER_Positive vs Normal",2.76381522756767,3.3954991048852,19.1184129575385,0.000446394710155966,0.0052377212003992,"ER_Positive_higher"
"HOXB-AS3","Luminal_Epithelial","ER_Positive","Normal","ER_Positive vs Normal",6.57009412325951,2.17946340831899,17.4216996862474,0.000448608307036231,0.00525958192475993,"ER_Positive_higher"
"NAPEPLD","Luminal_Epithelial","ER_Positive","Normal","ER_Positive vs Normal",1.74211165725211,2.78698807938702,18.9888123379456,0.000449953035652763,0.0052712296690406,"ER_Positive_higher"
"DEGS2","Luminal_Epithelial","ER_Positive","Normal","ER_Positive vs Normal",3.105307158626,7.20158309251991,19.1021285376477,0.000450430991561002,0.00527271286299217,"ER_Positive_higher"
"FOXC1","Luminal_Epithelial","ER_Positive","Normal","ER_Positive vs Normal",-3.10759501267847,2.24742130991533,17.4702033953526,0.000452708496239355,0.00529524271478099,"Normal_higher"
"STMND1","Luminal_Epithelial","ER_Positive","Normal","ER_Positive vs Normal",4.12403782423343,3.9012157060677,19.0674151435862,0.000454444553805614,0.00530800943059265,"ER_Positive_higher"
"BCL11A","Luminal_Epithelial","ER_Positive","Normal","ER_Positive vs Normal",-3.41006722678582,1.07300045284188,17.6223445675808,0.00045474854688163,0.00530800943059265,"Normal_higher"
"WBP1","Luminal_Epithelial","ER_Positive","Normal","ER_Positive vs Normal",5.07696789309897,5.36672637485223,19.0758019558252,0.000455126192315609,0.00530800943059265,"ER_Positive_higher"
"EIF3C","Luminal_Epithelial","ER_Positive","Normal","ER_Positive vs Normal",1.69196045434231,2.89066856867554,18.9570737618117,0.000455214775582911,0.00530800943059265,"ER_Positive_higher"
"CASP1","Luminal_Epithelial","ER_Positive","Normal","ER_Positive vs Normal",-2.37293008797804,2.61235069767442,18.0378891997502,0.000456412334599967,0.00531784154141437,"Normal_higher"
"PRPF18","Luminal_Epithelial","ER_Positive","Normal","ER_Positive vs Normal",-1.16874205523255,4.2982931505855,18.9963151714463,0.000458401172656069,0.00533687075100824,"Normal_higher"
"FAM168B","Luminal_Epithelial","ER_Positive","Normal","ER_Positive vs Normal",-1.54461585190845,4.04697486974877,18.924326330424,0.000460288741056626,0.00535469235429208,"Normal_higher"
"TCEAL1","Luminal_Epithelial","ER_Positive","Normal","ER_Positive vs Normal",1.5367391224169,5.18080073608535,19.0095943749761,0.000461625832847064,0.00536608743108899,"ER_Positive_higher"
"EFHC1","Luminal_Epithelial","ER_Positive","Normal","ER_Positive vs Normal",2.11406422706246,5.31125453843195,19.0046052266399,0.000462175781725793,0.00536657369154781,"ER_Positive_higher"
"SIAH2-AS1","Luminal_Epithelial","ER_Positive","Normal","ER_Positive vs Normal",5.32377998300954,-0.823401773446651,17.0576262386029,0.000462382873537104,0.00536657369154781,"ER_Positive_higher"
"RALGPS1","Luminal_Epithelial","ER_Positive","Normal","ER_Positive vs Normal",1.56318133920303,2.61573258111235,18.8197976092697,0.000463880288187,0.0053797924921347,"ER_Positive_higher"
"CTNNAL1","Luminal_Epithelial","ER_Positive","Normal","ER_Positive vs Normal",-2.26467095598581,4.1865216234771,18.8223251810886,0.000465017031724624,0.00538881127034087,"Normal_higher"
"ANKRD11","Luminal_Epithelial","ER_Positive","Normal","ER_Positive vs Normal",-1.70955461679365,4.92890478868218,18.946128197713,0.000466403381904746,0.00540070644463312,"Normal_higher"
"CD4","Luminal_Epithelial","ER_Positive","Normal","ER_Positive vs Normal",4.54387396803867,-0.441342190239403,16.4243289400949,0.000467329369033404,0.00540575933441113,"ER_Positive_higher"
"RP5-1021I20.1","Luminal_Epithelial","ER_Positive","Normal","ER_Positive vs Normal",2.24621776002463,0.440238055360338,17.450773534711,0.000467934662996704,0.00540575933441113,"ER_Positive_higher"
"HSD3B7","Luminal_Epithelial","ER_Positive","Normal","ER_Positive vs Normal",1.73047434225672,4.2907831001264,18.9497285840827,0.000468241419697031,0.00540575933441113,"ER_Positive_higher"
"SLC39A11","Luminal_Epithelial","ER_Positive","Normal","ER_Positive vs Normal",2.26131415911436,4.64519119776935,18.952501274256,0.000468441513893508,0.00540575933441113,"ER_Positive_higher"
"RPS27L","Luminal_Epithelial","ER_Positive","Normal","ER_Positive vs Normal",-1.84534845187285,8.86009369214443,18.9367676428034,0.000468640827218557,0.00540575933441113,"Normal_higher"
"PGAM5","Luminal_Epithelial","ER_Positive","Normal","ER_Positive vs Normal",-1.79128189662681,2.81033982780087,18.3541138173612,0.000469806408111738,0.00541504206338929,"Normal_higher"
"TDRD5","Luminal_Epithelial","ER_Positive","Normal","ER_Positive vs Normal",2.32029785548971,1.50722937461848,18.319574459336,0.0004701916975227,0.00541532371812982,"ER_Positive_higher"
"TP53INP2","Luminal_Epithelial","ER_Positive","Normal","ER_Positive vs Normal",2.25027072495643,3.42041081314279,18.8767657294175,0.000473056840034109,0.00544067949647165,"ER_Positive_higher"
"CEBPG","Luminal_Epithelial","ER_Positive","Normal","ER_Positive vs Normal",-1.47605291742018,5.44039097674827,18.904223739196,0.000473319728586051,0.00544067949647165,"Normal_higher"
"TPM2","Luminal_Epithelial","ER_Positive","Normal","ER_Positive vs Normal",-2.98973861762996,4.2098652486433,18.6059013811029,0.000473480870419935,0.00544067949647165,"Normal_higher"
"SLC9A7","Luminal_Epithelial","ER_Positive","Normal","ER_Positive vs Normal",-1.62402896941607,3.40036369697557,18.6309605402342,0.000475254075896353,0.00545300396695643,"Normal_higher"
"USB1","Luminal_Epithelial","ER_Positive","Normal","ER_Positive vs Normal",-1.71693245014461,3.73525940068313,18.7021078525431,0.000476298895984439,0.00545300396695643,"Normal_higher"
"S100A9","Luminal_Epithelial","ER_Positive","Normal","ER_Positive vs Normal",-5.86352129474333,10.0603269459671,18.8760273663513,0.00047651605382672,0.00545300396695643,"Normal_higher"
"EXOG","Luminal_Epithelial","ER_Positive","Normal","ER_Positive vs Normal",-1.73097428951146,1.93396532196893,17.703397222559,0.00047652090396771,0.00545300396695643,"Normal_higher"
"TRIP4","Luminal_Epithelial","ER_Positive","Normal","ER_Positive vs Normal",-1.74188444640259,3.73581814417347,18.6926630252098,0.000476678037880904,0.00545300396695643,"Normal_higher"
"DANT2","Luminal_Epithelial","ER_Positive","Normal","ER_Positive vs Normal",3.02849700061582,0.4089469041076,17.2263073411248,0.00047673360462763,0.00545300396695643,"ER_Positive_higher"
"SLC1A2","Luminal_Epithelial","ER_Positive","Normal","ER_Positive vs Normal",4.46871547860911,2.4913530308767,18.5039814028241,0.000478410118560447,0.00546801268030207,"ER_Positive_higher"
"PID1","Luminal_Epithelial","ER_Positive","Normal","ER_Positive vs Normal",-4.2794458721526,2.22151017033956,17.2746073243244,0.000478926167796518,0.00546825838332811,"Normal_higher"
"CACNA1F","Luminal_Epithelial","ER_Positive","Normal","ER_Positive vs Normal",3.53835503711687,-0.0140352794534019,16.5999966021108,0.000479160376762608,0.00546825838332811,"ER_Positive_higher"
"ADCY5","Luminal_Epithelial","ER_Positive","Normal","ER_Positive vs Normal",4.10988123298707,-0.367565807363409,16.2342303348248,0.000481053234386557,0.00548343899974888,"ER_Positive_higher"
"SLC44A1","Luminal_Epithelial","ER_Positive","Normal","ER_Positive vs Normal",1.65451775610049,5.67102612739309,18.8357590363899,0.000481221374203323,0.00548343899974888,"ER_Positive_higher"
"SHB","Luminal_Epithelial","ER_Positive","Normal","ER_Positive vs Normal",-2.13829986749315,3.24793035775949,18.3583901553745,0.000484656540009801,0.00551218933461877,"Normal_higher"
"RPL21","Luminal_Epithelial","ER_Positive","Normal","ER_Positive vs Normal",-2.36806423669041,11.4897392521071,18.7952743258941,0.000484844856273537,0.00551218933461877,"Normal_higher"
"PPIP5K2","Luminal_Epithelial","ER_Positive","Normal","ER_Positive vs Normal",1.68498380810854,4.25116164397089,18.8051452898712,0.000484846399793215,0.00551218933461877,"ER_Positive_higher"
"POGZ","Luminal_Epithelial","ER_Positive","Normal","ER_Positive vs Normal",1.83718533289542,5.38283004570832,18.7974794430843,0.000485954019934127,0.00552059952850223,"ER_Positive_higher"
"TPRG1","Luminal_Epithelial","ER_Positive","Normal","ER_Positive vs Normal",4.5518100986968,3.7913953026873,18.7513348452093,0.000487603242924495,0.00552778005642155,"ER_Positive_higher"
"ABAT","Luminal_Epithelial","ER_Positive","Normal","ER_Positive vs Normal",2.43805348336257,3.70129145492361,18.7695290044015,0.000487634685429165,0.00552778005642155,"ER_Positive_higher"
"SH3BGRL","Luminal_Epithelial","ER_Positive","Normal","ER_Positive vs Normal",3.15080660084845,8.46024679115345,18.7698909882002,0.000487909414018563,0.00552778005642155,"ER_Positive_higher"
"PHLDA3","Luminal_Epithelial","ER_Positive","Normal","ER_Positive vs Normal",-2.35096597840141,5.64634758908855,18.7707977805874,0.000488059477227864,0.00552778005642155,"Normal_higher"
"SLC16A6","Luminal_Epithelial","ER_Positive","Normal","ER_Positive vs Normal",3.65370858406743,3.61538435880127,18.7530053842739,0.000489213769792173,0.0055364609184587,"ER_Positive_higher"
"CYP4V2","Luminal_Epithelial","ER_Positive","Normal","ER_Positive vs Normal",1.7664996397194,2.7101412124525,18.6217067341531,0.000490353413219227,0.0055364609184587,"ER_Positive_higher"
"LAG3","Luminal_Epithelial","ER_Positive","Normal","ER_Positive vs Normal",3.75306374933627,0.38328020292436,16.8068797575654,0.000490584001197345,0.0055364609184587,"ER_Positive_higher"
"AC007405.6","Luminal_Epithelial","ER_Positive","Normal","ER_Positive vs Normal",3.33210919049848,3.243740613486,18.7066543285397,0.000491481589280803,0.0055364609184587,"ER_Positive_higher"
"GNL3","Luminal_Epithelial","ER_Positive","Normal","ER_Positive vs Normal",-1.65110518171001,6.54437408541816,18.746203661742,0.000491804993907528,0.0055364609184587,"Normal_higher"
"MZB1","Luminal_Epithelial","ER_Positive","Normal","ER_Positive vs Normal",2.85023188365663,2.79239507377948,18.6390789656099,0.000491910732871019,0.0055364609184587,"ER_Positive_higher"
"LINC01344","Luminal_Epithelial","ER_Positive","Normal","ER_Positive vs Normal",5.84195098877938,0.636247486420601,16.7003720238718,0.000491962457097376,0.0055364609184587,"ER_Positive_higher"
"RP11-379F12.4","Luminal_Epithelial","ER_Positive","Normal","ER_Positive vs Normal",3.58510330903656,2.06563480028458,18.3565108260599,0.000492517848695465,0.0055364609184587,"ER_Positive_higher"
"CTSK","Luminal_Epithelial","ER_Positive","Normal","ER_Positive vs Normal",2.12982889881431,0.632385439440654,17.4443988520238,0.000492557662967763,0.0055364609184587,"ER_Positive_higher"
"OPRL1","Luminal_Epithelial","ER_Positive","Normal","ER_Positive vs Normal",3.05810536798512,0.589538215797074,17.2719369050158,0.000493158801524354,0.0055364609184587,"ER_Positive_higher"
"GALNT7","Luminal_Epithelial","ER_Positive","Normal","ER_Positive vs Normal",2.23476636981463,5.638172256563,18.7352925879351,0.000493159964110471,0.0055364609184587,"ER_Positive_higher"
"TTC39A","Luminal_Epithelial","ER_Positive","Normal","ER_Positive vs Normal",2.26169487557011,6.18597650247957,18.7313617900819,0.000493253031783786,0.0055364609184587,"ER_Positive_higher"
"IGFBP2","Luminal_Epithelial","ER_Positive","Normal","ER_Positive vs Normal",2.70862761810481,4.83151595550087,18.7040124122507,0.000497671793473755,0.00558188385998553,"ER_Positive_higher"
"CH507-42P11.8","Luminal_Epithelial","ER_Positive","Normal","ER_Positive vs Normal",4.68643070994889,3.45992194251652,18.5890151707305,0.000500405788779329,0.00560835673802195,"ER_Positive_higher"
"SLC2A12","Luminal_Epithelial","ER_Positive","Normal","ER_Positive vs Normal",-3.4958026851584,0.527029494729268,17.4228667551569,0.00050102042432353,0.00561105485658449,"Normal_higher"
"PPP1R14B","Luminal_Epithelial","ER_Positive","Normal","ER_Positive vs Normal",-2.2120138603463,6.1154613971467,18.6641110413176,0.00050198543571011,0.0056139907310917,"Normal_higher"
"ZNF419","Luminal_Epithelial","ER_Positive","Normal","ER_Positive vs Normal",-2.35427446899922,3.08156590470094,18.0398482836387,0.00050203075638869,0.0056139907310917,"Normal_higher"
"STX3","Luminal_Epithelial","ER_Positive","Normal","ER_Positive vs Normal",-1.47438593071403,5.17988366639746,18.634086183648,0.000504891790323651,0.0056417804150313,"Normal_higher"
"PLCD4","Luminal_Epithelial","ER_Positive","Normal","ER_Positive vs Normal",4.13343774629066,0.764750757922829,16.9876463853288,0.000505536750658583,0.00564478423893851,"ER_Positive_higher"
"LRRC6","Luminal_Epithelial","ER_Positive","Normal","ER_Positive vs Normal",2.3247208789107,3.38287769142374,18.596992372201,0.000506125111497572,0.00564715208047885,"ER_Positive_higher"
"PGAM4","Luminal_Epithelial","ER_Positive","Normal","ER_Positive vs Normal",5.32210985756451,-0.840643706312311,16.7453114257717,0.000506711866832534,0.00564949850338472,"ER_Positive_higher"
"MRPS15","Luminal_Epithelial","ER_Positive","Normal","ER_Positive vs Normal",-1.34872522621289,7.09569827160562,18.6092293719938,0.000508104301885102,0.00566081756376371,"Normal_higher"
"SLC12A4","Luminal_Epithelial","ER_Positive","Normal","ER_Positive vs Normal",-1.69866778141674,2.10042546160654,17.6038375454753,0.000508775934933216,0.00566409529342935,"Normal_higher"
"PDK4","Luminal_Epithelial","ER_Positive","Normal","ER_Positive vs Normal",3.27769889304501,6.82558873756835,18.5931075122629,0.000509852196259519,0.00566921656111383,"ER_Positive_higher"
"CLIC1","Luminal_Epithelial","ER_Positive","Normal","ER_Positive vs Normal",-1.41983956959482,9.1652733929503,18.5877744882991,0.000510156840457988,0.00566921656111383,"Normal_higher"
"ATF4","Luminal_Epithelial","ER_Positive","Normal","ER_Positive vs Normal",-2.43873312501754,8.1723953943502,18.5872703582479,0.000510647395961148,0.00566921656111383,"Normal_higher"
"ZNF66","Luminal_Epithelial","ER_Positive","Normal","ER_Positive vs Normal",3.60755475009008,1.54172083172483,17.8915894065635,0.000510805601050405,0.00566921656111383,"ER_Positive_higher"
"GTSE1","Luminal_Epithelial","ER_Positive","Normal","ER_Positive vs Normal",-3.11048966263763,0.461385907130069,17.3163968597209,0.000511124808901647,0.00566921656111383,"Normal_higher"
"SYNM","Luminal_Epithelial","ER_Positive","Normal","ER_Positive vs Normal",-3.60162503620715,2.52428434930924,16.967509179027,0.000512119453691918,0.0056718051601108,"Normal_higher"
"IL6","Luminal_Epithelial","ER_Positive","Normal","ER_Positive vs Normal",-4.64303239033615,2.05017699118588,17.2221249315008,0.00051238075744816,0.0056718051601108,"Normal_higher"
"DDX21","Luminal_Epithelial","ER_Positive","Normal","ER_Positive vs Normal",-1.68728288741108,7.07535676804051,18.5754023311089,0.000512492023529703,0.0056718051601108,"Normal_higher"
"ZNF521","Luminal_Epithelial","ER_Positive","Normal","ER_Positive vs Normal",-3.1018926907089,1.21703946883173,17.0484182765159,0.000513962232949643,0.0056804071150828,"Normal_higher"
"AC097721.2","Luminal_Epithelial","ER_Positive","Normal","ER_Positive vs Normal",3.66674297521759,2.11786456507121,18.202581085518,0.000514026311873289,0.0056804071150828,"ER_Positive_higher"
"AC003088.1","Luminal_Epithelial","ER_Positive","Normal","ER_Positive vs Normal",6.35564267186059,1.07341485648818,16.7859836360836,0.000516037141788111,0.00569843221987799,"ER_Positive_higher"
"RBBP8NL","Luminal_Epithelial","ER_Positive","Normal","ER_Positive vs Normal",3.08852980960876,1.42861749688332,17.8569466995234,0.000516450272079092,0.00569880090668451,"ER_Positive_higher"
"ERC2","Luminal_Epithelial","ER_Positive","Normal","ER_Positive vs Normal",-2.41330910646263,-0.458969706655458,17.3250845621054,0.000518283796501608,0.00571309581623169,"Normal_higher"
"UXS1","Luminal_Epithelial","ER_Positive","Normal","ER_Positive vs Normal",-1.72142774813312,4.49768220238783,18.481452503136,0.000518507130119782,0.00571309581623169,"Normal_higher"
"LINC00993","Luminal_Epithelial","ER_Positive","Normal","ER_Positive vs Normal",4.0069354973251,4.75623940011796,18.5374834772873,0.000519010123316686,0.0057144423482124,"ER_Positive_higher"
"RP11-80H18.3","Luminal_Epithelial","ER_Positive","Normal","ER_Positive vs Normal",5.3393972468748,1.16714838373393,16.6719375765895,0.000520521219614355,0.00572545316631842,"ER_Positive_higher"
"RPP25","Luminal_Epithelial","ER_Positive","Normal","ER_Positive vs Normal",-2.78710766464798,3.68480431723547,18.0700052380283,0.000520773210636679,0.00572545316631842,"Normal_higher"
"ITPRIPL1","Luminal_Epithelial","ER_Positive","Normal","ER_Positive vs Normal",-3.36425405980748,0.0665404453070454,17.2946924947838,0.000521936958693579,0.00573404680755091,"Normal_higher"
"FJX1","Luminal_Epithelial","ER_Positive","Normal","ER_Positive vs Normal",-2.8706103269909,2.13495089847654,16.9785605284381,0.000524101384169964,0.0057502199707196,"Normal_higher"
"RNF43","Luminal_Epithelial","ER_Positive","Normal","ER_Positive vs Normal",2.54285293603046,3.89681653993122,18.4828511423943,0.000524175446121437,0.0057502199707196,"ER_Positive_higher"
"ADAMTS9","Luminal_Epithelial","ER_Positive","Normal","ER_Positive vs Normal",-3.41474885236107,1.75634800566873,16.8804789012658,0.000525150000508079,0.00575670274479528,"Normal_higher"
"C12orf29","Luminal_Epithelial","ER_Positive","Normal","ER_Positive vs Normal",-1.58678355609851,4.59291604830421,18.4342882950721,0.000526441270275962,0.00576414850699118,"Normal_higher"
"MCIDAS","Luminal_Epithelial","ER_Positive","Normal","ER_Positive vs Normal",4.15461183080884,0.0410905467695089,16.1214954432593,0.00052659742807256,0.00576414850699118,"ER_Positive_higher"
"GTF2F2","Luminal_Epithelial","ER_Positive","Normal","ER_Positive vs Normal",-1.56798444295983,5.13230589591679,18.4423175910529,0.00052889118771092,0.00578341425824486,"Normal_higher"
"RP11-114N19.3","Luminal_Epithelial","ER_Positive","Normal","ER_Positive vs Normal",5.06197266179284,-0.498046352458594,16.239828566819,0.000529128258584007,0.00578341425824486,"ER_Positive_higher"
"SF3B5","Luminal_Epithelial","ER_Positive","Normal","ER_Positive vs Normal",-1.71145260957578,7.70904531687423,18.4334326157128,0.000530290141278615,0.00578783253002114,"Normal_higher"
"AS3MT","Luminal_Epithelial","ER_Positive","Normal","ER_Positive vs Normal",6.62336547182348,-1.13215171086519,18.1241237920678,0.000530510722805295,0.00578783253002114,"ER_Positive_higher"
"NECAP2","Luminal_Epithelial","ER_Positive","Normal","ER_Positive vs Normal",-1.38280472670057,4.90998060072761,18.4242767860554,0.000530689515646637,0.00578783253002114,"Normal_higher"
"RP11-585P4.5","Luminal_Epithelial","ER_Positive","Normal","ER_Positive vs Normal",-3.24177496518049,-0.510015449597281,17.0576709627015,0.000531909919738711,0.00579632594809669,"Normal_higher"
"BMP1","Luminal_Epithelial","ER_Positive","Normal","ER_Positive vs Normal",-2.65655405154661,0.86863176952846,16.9476329350331,0.000532240764741603,0.00579632594809669,"Normal_higher"
"PQLC3","Luminal_Epithelial","ER_Positive","Normal","ER_Positive vs Normal",2.15034652051117,5.8761253257178,18.4190852542369,0.000532676057470541,0.00579685974942742,"ER_Positive_higher"
"TAF13","Luminal_Epithelial","ER_Positive","Normal","ER_Positive vs Normal",-1.84566799093859,3.64598103669672,18.199854213142,0.000533453007160138,0.00580110817279144,"Normal_higher"
"FBF1","Luminal_Epithelial","ER_Positive","Normal","ER_Positive vs Normal",2.20644597258414,2.46093422948141,18.2244131940606,0.000534672182311276,0.00580943986266508,"ER_Positive_higher"
"NAALADL1","Luminal_Epithelial","ER_Positive","Normal","ER_Positive vs Normal",-2.99227416242139,-0.553705215892716,17.0827869999356,0.000534993395762187,0.00580943986266508,"Normal_higher"
"HES2","Luminal_Epithelial","ER_Positive","Normal","ER_Positive vs Normal",-2.68815638630315,2.87090844409664,17.4941794786339,0.000536225915730582,0.0058186133892761,"Normal_higher"
"TRIB3","Luminal_Epithelial","ER_Positive","Normal","ER_Positive vs Normal",-1.6291182610642,4.94002337974877,18.3745202158885,0.000536686639422227,0.00581940491171197,"Normal_higher"
"TGFB2","Luminal_Epithelial","ER_Positive","Normal","ER_Positive vs Normal",-2.93248930719742,3.60697386623899,17.8401831294213,0.000538482200550338,0.00582258582746305,"Normal_higher"
"FBXL7","Luminal_Epithelial","ER_Positive","Normal","ER_Positive vs Normal",6.79137880191396,1.23359693098755,16.8649626123881,0.000538503696369832,0.00582258582746305,"ER_Positive_higher"
"CTB-131K11.1","Luminal_Epithelial","ER_Positive","Normal","ER_Positive vs Normal",3.39536210283784,-0.0246813168313231,16.266029965522,0.000538537853342673,0.00582258582746305,"ER_Positive_higher"
"RAB3A","Luminal_Epithelial","ER_Positive","Normal","ER_Positive vs Normal",2.88009121820868,3.55225170466718,18.3569377123977,0.000538881944612437,0.00582258582746305,"ER_Positive_higher"
"RP11-348N5.9","Luminal_Epithelial","ER_Positive","Normal","ER_Positive vs Normal",4.23049352023396,-1.28746086342994,16.3860871613771,0.000538919951645644,0.00582258582746305,"ER_Positive_higher"
"RP11-2B6.2","Luminal_Epithelial","ER_Positive","Normal","ER_Positive vs Normal",2.81576895196596,1.01548184115536,17.3838455834315,0.000540946481297114,0.00584027614735668,"ER_Positive_higher"
"CPQ","Luminal_Epithelial","ER_Positive","Normal","ER_Positive vs Normal",2.07404044724922,3.60038318487225,18.3243181779043,0.000542752471163642,0.00585432605402934,"ER_Positive_higher"
"NXNL2","Luminal_Epithelial","ER_Positive","Normal","ER_Positive vs Normal",4.55501909240483,3.00428864919996,18.1755984492867,0.000543028044726384,0.00585432605402934,"ER_Positive_higher"
"CDK6","Luminal_Epithelial","ER_Positive","Normal","ER_Positive vs Normal",-3.15108876752557,2.92953793824522,17.2524763897558,0.000543762198686578,0.00585803253100465,"Normal_higher"
"RP1-138B7.7","Luminal_Epithelial","ER_Positive","Normal","ER_Positive vs Normal",3.83834503410846,-1.2514534726848,16.1889035673384,0.00054456282541109,0.00585984860423511,"ER_Positive_higher"
"MED13L","Luminal_Epithelial","ER_Positive","Normal","ER_Positive vs Normal",1.54839387398684,4.94542207774797,18.3318796673104,0.000544810811113364,0.00585984860423511,"ER_Positive_higher"
"GLUL","Luminal_Epithelial","ER_Positive","Normal","ER_Positive vs Normal",2.40402072474049,9.2433778090107,18.3173483197061,0.000545102195742801,0.00585984860423511,"ER_Positive_higher"
"PDE9A","Luminal_Epithelial","ER_Positive","Normal","ER_Positive vs Normal",-3.08848754254293,1.44832258934339,16.781562608048,0.000546217465751551,0.00586763458019579,"Normal_higher"
"GPR183","Luminal_Epithelial","ER_Positive","Normal","ER_Positive vs Normal",4.45148586146574,0.00443989590731105,15.9101956923092,0.000547427538143207,0.00587642708506088,"ER_Positive_higher"
"CYP4Z1","Luminal_Epithelial","ER_Positive","Normal","ER_Positive vs Normal",7.78648190396417,5.42535753801312,17.9862795208937,0.000549202965500625,0.00588633399950141,"ER_Positive_higher"
"ABTB2","Luminal_Epithelial","ER_Positive","Normal","ER_Positive vs Normal",-3.04335286834202,0.296829232450333,17.0865780597237,0.000549530304591653,0.00588633399950141,"Normal_higher"
"C15orf39","Luminal_Epithelial","ER_Positive","Normal","ER_Positive vs Normal",-1.56670419064718,2.765766453566,17.7936791937127,0.000549769573850232,0.00588633399950141,"Normal_higher"
"SDHB","Luminal_Epithelial","ER_Positive","Normal","ER_Positive vs Normal",-1.43099325423171,6.41875911736419,18.2908159706475,0.000549919388771971,0.00588633399950141,"Normal_higher"
"CCDC71L","Luminal_Epithelial","ER_Positive","Normal","ER_Positive vs Normal",-1.75043358257584,3.10751951197828,17.9065425992603,0.000550971476040091,0.00589339197500616,"Normal_higher"
"GRAMD3","Luminal_Epithelial","ER_Positive","Normal","ER_Positive vs Normal",-1.64553413713042,3.93893124106948,18.1612844898359,0.000552016829457734,0.00590036791999446,"Normal_higher"
"FLYWCH2","Luminal_Epithelial","ER_Positive","Normal","ER_Positive vs Normal",1.81335195140048,6.39600214474478,18.2683438498086,0.00055243156453717,0.00590059821281802,"ER_Positive_higher"
"KIF22","Luminal_Epithelial","ER_Positive","Normal","ER_Positive vs Normal",2.02574419820117,6.19114262913554,18.2497107535829,0.000555175394210826,0.00592568786694301,"ER_Positive_higher"
"RRP1","Luminal_Epithelial","ER_Positive","Normal","ER_Positive vs Normal",-1.50714687961778,4.58421603035816,18.2098501201585,0.000556822109816351,0.00593904008671925,"Normal_higher"
"STK17A","Luminal_Epithelial","ER_Positive","Normal","ER_Positive vs Normal",-2.04526849102198,4.5100878391241,18.1666042018112,0.000557684235285254,0.00594401087991889,"Normal_higher"
"POTEF","Luminal_Epithelial","ER_Positive","Normal","ER_Positive vs Normal",5.0636955372054,0.166943526899806,15.9435407637017,0.000560091160001035,0.00596542799016007,"ER_Positive_higher"
"PEX1","Luminal_Epithelial","ER_Positive","Normal","ER_Positive vs Normal",1.37499239104999,3.57828617107029,18.1754903020797,0.000561802850570864,0.00597657236745194,"ER_Positive_higher"
"AP001372.2","Luminal_Epithelial","ER_Positive","Normal","ER_Positive vs Normal",2.27040923641929,1.86093795131228,17.815863378752,0.000561934004829392,0.00597657236745194,"ER_Positive_higher"
"SPICE1","Luminal_Epithelial","ER_Positive","Normal","ER_Positive vs Normal",1.79978278877709,3.78537351111839,18.1703272263467,0.000564735576150196,0.00599798206754925,"ER_Positive_higher"
"PTPRC","Luminal_Epithelial","ER_Positive","Normal","ER_Positive vs Normal",5.75946790949551,0.90249495150533,16.2356752193176,0.000565562766421054,0.00599798206754925,"ER_Positive_higher"
"C1R","Luminal_Epithelial","ER_Positive","Normal","ER_Positive vs Normal",-3.29587752688031,4.18461189789089,17.786710124832,0.000565580411395634,0.00599798206754925,"Normal_higher"
"ZFP36","Luminal_Epithelial","ER_Positive","Normal","ER_Positive vs Normal",3.46884005718193,10.2189461261719,18.1680960610343,0.000565613899467763,0.00599798206754925,"ER_Positive_higher"
"MNX1-AS1","Luminal_Epithelial","ER_Positive","Normal","ER_Positive vs Normal",5.30329420439724,1.59948822539041,16.7956711801411,0.000565945399323632,0.00599798206754925,"ER_Positive_higher"
"LIG3","Luminal_Epithelial","ER_Positive","Normal","ER_Positive vs Normal",1.23105950301675,3.8575225982632,18.1507659143756,0.000567210466088731,0.0060071471168621,"ER_Positive_higher"
"NPM3","Luminal_Epithelial","ER_Positive","Normal","ER_Positive vs Normal",-2.18475631177354,5.32005421126149,18.1389432297067,0.000569088505631198,0.00602278646262862,"Normal_higher"
"PCED1A","Luminal_Epithelial","ER_Positive","Normal","ER_Positive vs Normal",2.06563033691873,3.9044282120144,18.1347123508705,0.000570756518573595,0.00603467115779819,"ER_Positive_higher"
"GTF3C1","Luminal_Epithelial","ER_Positive","Normal","ER_Positive vs Normal",1.47616167834865,3.90768942019942,18.1241879767317,0.000571571310054069,0.00603467115779819,"ER_Positive_higher"
"TMPRSS6","Luminal_Epithelial","ER_Positive","Normal","ER_Positive vs Normal",4.03501197337875,0.666928842254551,16.4886233639404,0.000571923630288753,0.00603467115779819,"ER_Positive_higher"
"SPATA17","Luminal_Epithelial","ER_Positive","Normal","ER_Positive vs Normal",2.86022750914476,2.79313228605048,18.0306064480439,0.000571951720020052,0.00603467115779819,"ER_Positive_higher"
"ENPP1","Luminal_Epithelial","ER_Positive","Normal","ER_Positive vs Normal",2.51917922564659,3.93490479373046,18.1287310211581,0.0005722221001897,0.00603467115779819,"ER_Positive_higher"
"RTN1","Luminal_Epithelial","ER_Positive","Normal","ER_Positive vs Normal",6.39672528607076,3.54989677184565,17.5868099036589,0.000572795467625292,0.00603530081676742,"ER_Positive_higher"
"MCCC2","Luminal_Epithelial","ER_Positive","Normal","ER_Positive vs Normal",2.0751624935239,6.03753824398143,18.1221172819314,0.000573086137395454,0.00603530081676742,"ER_Positive_higher"
"DNAJC5B","Luminal_Epithelial","ER_Positive","Normal","ER_Positive vs Normal",4.93650617545595,-0.774863773875881,16.0774473512613,0.000573794971488144,0.00603852814664977,"ER_Positive_higher"
"DIO1","Luminal_Epithelial","ER_Positive","Normal","ER_Positive vs Normal",8.33250930214668,2.98305565494414,16.8656534901867,0.000576004979628054,0.00605538763592298,"ER_Positive_higher"
"MAP3K14","Luminal_Epithelial","ER_Positive","Normal","ER_Positive vs Normal",1.76072945117416,2.1984971759853,17.8386459320434,0.000576216777044812,0.00605538763592298,"ER_Positive_higher"
"PTPN2","Luminal_Epithelial","ER_Positive","Normal","ER_Positive vs Normal",-1.56927517365833,5.28520684578451,18.0964250181471,0.000576607511943355,0.00605538763592298,"Normal_higher"
"KSR2","Luminal_Epithelial","ER_Positive","Normal","ER_Positive vs Normal",2.10419957283171,0.765674556227299,16.9846095228304,0.000578125963738697,0.00606708834813051,"ER_Positive_higher"
"C14orf79","Luminal_Epithelial","ER_Positive","Normal","ER_Positive vs Normal",1.83054534141137,3.31790179072822,18.0362496140558,0.000579686691050131,0.00607921605352153,"ER_Positive_higher"
"MCMBP","Luminal_Epithelial","ER_Positive","Normal","ER_Positive vs Normal",-1.63514454583618,4.20302615897172,17.9831101954607,0.000582951009704993,0.00610918002977851,"Normal_higher"
"GARS","Luminal_Epithelial","ER_Positive","Normal","ER_Positive vs Normal",-1.35602060241424,5.43072455766136,18.0467033140259,0.000584365772834075,0.00611973283525538,"Normal_higher"
"WDR45B","Luminal_Epithelial","ER_Positive","Normal","ER_Positive vs Normal",-1.55270284901468,6.35024074640567,18.0174021610812,0.000588648004512854,0.00616027936103514,"Normal_higher"
"ITGBL1","Luminal_Epithelial","ER_Positive","Normal","ER_Positive vs Normal",-2.79322686306574,0.15228062816917,16.802155170723,0.000593426239845846,0.0062059565026945,"Normal_higher"
"TRAPPC3","Luminal_Epithelial","ER_Positive","Normal","ER_Positive vs Normal",-1.35965234029587,6.82847850997866,17.9767605024887,0.000594253184462321,0.00620833122332377,"Normal_higher"
"CCDC191","Luminal_Epithelial","ER_Positive","Normal","ER_Positive vs Normal",2.19044235492346,3.01288317967988,17.9052154739119,0.000594928355188291,0.00620833122332377,"ER_Positive_higher"
"PIGM","Luminal_Epithelial","ER_Positive","Normal","ER_Positive vs Normal",1.77358188328373,3.98998605041582,17.9676903979944,0.000595087755372732,0.00620833122332377,"ER_Positive_higher"
"STK10","Luminal_Epithelial","ER_Positive","Normal","ER_Positive vs Normal",-1.91073972826557,2.10163599517877,16.9487814335663,0.000595308098245013,0.00620833122332377,"Normal_higher"
"SLC25A25","Luminal_Epithelial","ER_Positive","Normal","ER_Positive vs Normal",2.4822150199018,5.31030445261365,17.9606499375255,0.000597371059263444,0.00622551908775452,"ER_Positive_higher"
"UBR1","Luminal_Epithelial","ER_Positive","Normal","ER_Positive vs Normal",1.37389120085378,3.72666941861536,17.9339626051657,0.000597922402406453,0.00622694066128635,"ER_Positive_higher"
"JCHAIN","Luminal_Epithelial","ER_Positive","Normal","ER_Positive vs Normal",9.72933721244234,4.1824436128419,16.8988760836088,0.000598674487521981,0.00623044939961329,"ER_Positive_higher"
"RNF139-AS1","Luminal_Epithelial","ER_Positive","Normal","ER_Positive vs Normal",2.35611040475429,3.27713956767924,17.9061987670665,0.000599257482072323,0.00623219475638209,"ER_Positive_higher"
"WDR4","Luminal_Epithelial","ER_Positive","Normal","ER_Positive vs Normal",-1.55549639261428,2.93558110525832,17.5243446719484,0.000602531850955814,0.00625579292271617,"Normal_higher"
"GLRX","Luminal_Epithelial","ER_Positive","Normal","ER_Positive vs Normal",-2.57104326296483,6.75471886007754,17.9246503151026,0.000602545796369894,0.00625579292271617,"Normal_higher"
"CENPA","Luminal_Epithelial","ER_Positive","Normal","ER_Positive vs Normal",-3.63801089246353,0.306223796975647,16.7798032538271,0.000602777141750355,0.00625579292271617,"Normal_higher"
"CTB-58E17.5","Luminal_Epithelial","ER_Positive","Normal","ER_Positive vs Normal",2.57707409619831,0.145095353036013,16.2728275020349,0.000604289058002606,0.00626714989180726,"ER_Positive_higher"
"INSIG2","Luminal_Epithelial","ER_Positive","Normal","ER_Positive vs Normal",-1.66357259719539,4.69252383582993,17.8726597338515,0.00060584227047475,0.00627891916644652,"Normal_higher"
"KRT37","Luminal_Epithelial","ER_Positive","Normal","ER_Positive vs Normal",5.45673105135066,-0.12374504409461,15.8203378733869,0.000606708337043506,0.0062835555652256,"ER_Positive_higher"
"RNF19A","Luminal_Epithelial","ER_Positive","Normal","ER_Positive vs Normal",1.83123298892066,5.65903511333096,17.8836264008308,0.000608497854646489,0.00629774296874473,"ER_Positive_higher"
"C6orf52","Luminal_Epithelial","ER_Positive","Normal","ER_Positive vs Normal",-2.12490438973589,2.74572706211942,17.1642708692356,0.00061215065925955,0.00632422558970617,"Normal_higher"
"HIST1H3H","Luminal_Epithelial","ER_Positive","Normal","ER_Positive vs Normal",2.34535540439383,2.84721454122846,17.7691564313519,0.0006121859253888,0.00632422558970617,"ER_Positive_higher"
"KIAA0196","Luminal_Epithelial","ER_Positive","Normal","ER_Positive vs Normal",1.62747662481177,4.2183715784148,17.8556348419132,0.000612662934666574,0.00632422558970617,"ER_Positive_higher"
"ROBO3","Luminal_Epithelial","ER_Positive","Normal","ER_Positive vs Normal",-3.08080631568824,2.62333283270715,16.6215464552098,0.000612742320745837,0.00632422558970617,"Normal_higher"
"LACTB","Luminal_Epithelial","ER_Positive","Normal","ER_Positive vs Normal",-1.63878312140862,4.15913838591827,17.7556253501769,0.000616185365384789,0.00635295472712809,"Normal_higher"
"SLC25A16","Luminal_Epithelial","ER_Positive","Normal","ER_Positive vs Normal",1.74830704623775,3.74807624351636,17.8173297636285,0.000616372498347338,0.00635295472712809,"ER_Positive_higher"
"MLF1","Luminal_Epithelial","ER_Positive","Normal","ER_Positive vs Normal",1.79611291164117,6.17938388366798,17.8219541192091,0.000617529883154434,0.00635375935768579,"ER_Positive_higher"
"MRPS18A","Luminal_Epithelial","ER_Positive","Normal","ER_Positive vs Normal",-1.68593851809178,5.95834574596547,17.8259268015202,0.00061763799476846,0.00635375935768579,"Normal_higher"
"FAM60A","Luminal_Epithelial","ER_Positive","Normal","ER_Positive vs Normal",-1.48877313472794,5.72888158742159,17.8255185593673,0.000617720723853106,0.00635375935768579,"Normal_higher"
"LYPD5","Luminal_Epithelial","ER_Positive","Normal","ER_Positive vs Normal",-2.10886755042812,1.03184943667531,16.2869265525094,0.000618515470489065,0.00635757648330781,"Normal_higher"
"CLDN5","Luminal_Epithelial","ER_Positive","Normal","ER_Positive vs Normal",8.27574210772223,0.349291070279826,17.8209598508306,0.000619137894263255,0.00635881959614704,"ER_Positive_higher"
"B3GALNT1","Luminal_Epithelial","ER_Positive","Normal","ER_Positive vs Normal",2.49563471124562,3.72366261837494,17.8025448749659,0.000619483857504296,0.00635881959614704,"ER_Positive_higher"
"ITGA4","Luminal_Epithelial","ER_Positive","Normal","ER_Positive vs Normal",3.88847780086558,-1.36657805874252,15.8519586933599,0.00062044583663639,0.00636345715725944,"ER_Positive_higher"
"CLIC4","Luminal_Epithelial","ER_Positive","Normal","ER_Positive vs Normal",-1.9788552617605,5.12952388314032,17.7860801439929,0.000621105327796172,0.00636345715725944,"Normal_higher"
"TMEM63C","Luminal_Epithelial","ER_Positive","Normal","ER_Positive vs Normal",4.08474825606916,1.90106847260146,17.2679817416925,0.000621373989923546,0.00636345715725944,"ER_Positive_higher"
"TSNAXIP1","Luminal_Epithelial","ER_Positive","Normal","ER_Positive vs Normal",3.09493098643035,0.393728893576331,16.2600158824037,0.000621631784669977,0.00636345715725944,"ER_Positive_higher"
"CALD1","Luminal_Epithelial","ER_Positive","Normal","ER_Positive vs Normal",-3.97505075338679,5.96557429540251,17.7153379146436,0.000624115637156417,0.00638452853906363,"Normal_higher"
"CAPN1","Luminal_Epithelial","ER_Positive","Normal","ER_Positive vs Normal",-1.26024295213521,5.73805402964703,17.7770702684479,0.000625254537579361,0.00639182210180754,"Normal_higher"
"NFKBIE","Luminal_Epithelial","ER_Positive","Normal","ER_Positive vs Normal",-2.0928578651898,4.09575434596374,17.6335543460652,0.000626798065168203,0.0064032393219736,"Normal_higher"
"CA12","Luminal_Epithelial","ER_Positive","Normal","ER_Positive vs Normal",1.93202679769345,6.95543937458435,17.7555479587238,0.000627422794546825,0.00640333257023631,"ER_Positive_higher"
"GALNT4","Luminal_Epithelial","ER_Positive","Normal","ER_Positive vs Normal",3.98558986773285,-0.796158581488744,15.4600660422063,0.000627660572454029,0.00640333257023631,"ER_Positive_higher"
"LINC01545","Luminal_Epithelial","ER_Positive","Normal","ER_Positive vs Normal",3.17436900252636,0.235394238868882,16.0670252297083,0.000628561968984415,0.0064073805381779,"ER_Positive_higher"
"FOXN2","Luminal_Epithelial","ER_Positive","Normal","ER_Positive vs Normal",-1.63514680458085,2.10085604615307,16.8476980919752,0.000629614830544576,0.0064073805381779,"Normal_higher"
"DCPS","Luminal_Epithelial","ER_Positive","Normal","ER_Positive vs Normal",-1.63711029628728,4.6759690069296,17.7170898420606,0.000629950481987417,0.0064073805381779,"Normal_higher"
"GSC","Luminal_Epithelial","ER_Positive","Normal","ER_Positive vs Normal",4.3832975115449,1.75410173777601,17.0227841280437,0.000630059324450652,0.0064073805381779,"ER_Positive_higher"
"KLF2","Luminal_Epithelial","ER_Positive","Normal","ER_Positive vs Normal",3.11516351154784,5.11748839424152,17.7488131763303,0.000630255753783008,0.0064073805381779,"ER_Positive_higher"
"TNRC18","Luminal_Epithelial","ER_Positive","Normal","ER_Positive vs Normal",2.27689614318248,3.3075961294595,17.7050747000368,0.000630619114739039,0.0064073805381779,"ER_Positive_higher"
"SLC39A6","Luminal_Epithelial","ER_Positive","Normal","ER_Positive vs Normal",3.64648638361983,9.57742565768203,17.7269453353416,0.000631505812845065,0.00641204853407705,"ER_Positive_higher"
"IRAK1","Luminal_Epithelial","ER_Positive","Normal","ER_Positive vs Normal",-1.52496580358242,3.96421981163106,17.6324420381378,0.000632776796055813,0.00642060945125732,"Normal_higher"
"WDR86","Luminal_Epithelial","ER_Positive","Normal","ER_Positive vs Normal",-3.95471962125795,0.705846036172567,16.6042160523464,0.000633804997596463,0.00642669702630414,"Normal_higher"
"LONP1","Luminal_Epithelial","ER_Positive","Normal","ER_Positive vs Normal",-1.34984466959057,4.04561478682851,17.6431729719692,0.000635120893942656,0.00643569159716235,"Normal_higher"
"ANAPC10","Luminal_Epithelial","ER_Positive","Normal","ER_Positive vs Normal",-1.39686599113975,4.47582054715026,17.6654875478346,0.000637472106569873,0.00645515782948319,"Normal_higher"
"HRASLS2","Luminal_Epithelial","ER_Positive","Normal","ER_Positive vs Normal",3.89242784098338,3.5310773224893,17.6681749219704,0.000638455931220956,0.00646076072814085,"ER_Positive_higher"
"ZC3H18","Luminal_Epithelial","ER_Positive","Normal","ER_Positive vs Normal",-1.26032888948208,3.6152598875416,17.5554721948933,0.000639523140684337,0.00646616070744804,"Normal_higher"
"JUNB","Luminal_Epithelial","ER_Positive","Normal","ER_Positive vs Normal",2.42447097982807,10.0758442915181,17.6747917406704,0.000639851312758069,0.00646616070744804,"ER_Positive_higher"
"LINC00152","Luminal_Epithelial","ER_Positive","Normal","ER_Positive vs Normal",-2.84713145631547,6.68096880781931,17.6686465501909,0.000642571416749252,0.00648927944223151,"Normal_higher"
"CXCL17","Luminal_Epithelial","ER_Positive","Normal","ER_Positive vs Normal",-3.80290908481389,5.78692729025524,17.5925815059302,0.00064314220693239,0.00649067592430018,"Normal_higher"
"AP006621.8","Luminal_Epithelial","ER_Positive","Normal","ER_Positive vs Normal",5.45909738616595,0.747992568545439,15.6966471958336,0.000646707335915878,0.00651855217061354,"ER_Positive_higher"
"CROCC","Luminal_Epithelial","ER_Positive","Normal","ER_Positive vs Normal",1.58601945124344,2.15068587686222,17.3669544620869,0.000646773118014498,0.00651855217061354,"ER_Positive_higher"
"FCGR2A","Luminal_Epithelial","ER_Positive","Normal","ER_Positive vs Normal",3.99574686055178,1.17206225382474,16.576737078692,0.000647896020844429,0.00652548696967272,"ER_Positive_higher"
"VPS4A","Luminal_Epithelial","ER_Positive","Normal","ER_Positive vs Normal",-1.48639307340007,4.84386945640007,17.5933180866132,0.000652108164136174,0.00656350584788166,"Normal_higher"
"RP11-372K14.2","Luminal_Epithelial","ER_Positive","Normal","ER_Positive vs Normal",-3.02070751783568,0.40748530884313,16.4277502442273,0.000653649074494967,0.00657206761269915,"Normal_higher"
"CD63","Luminal_Epithelial","ER_Positive","Normal","ER_Positive vs Normal",-1.7386377810928,9.92676184999041,17.5895466363752,0.000653834673536338,0.00657206761269915,"Normal_higher"
"RAB11FIP4","Luminal_Epithelial","ER_Positive","Normal","ER_Positive vs Normal",1.57118859164791,3.55231535109778,17.5670867175945,0.000654483566705757,0.00657412225805885,"ER_Positive_higher"
"ATP6V0C","Luminal_Epithelial","ER_Positive","Normal","ER_Positive vs Normal",8.31945971543644,7.59739275581263,17.5705407398967,0.000654915224615045,0.00657412225805885,"ER_Positive_higher"
"CCDC24","Luminal_Epithelial","ER_Positive","Normal","ER_Positive vs Normal",2.02878915352252,4.56234630404218,17.5756634162791,0.000658257831208606,0.00660325887229114,"ER_Positive_higher"
"NANOS3","Luminal_Epithelial","ER_Positive","Normal","ER_Positive vs Normal",-1.98759963224838,0.422398402085806,16.1883593644015,0.000661037419376532,0.0066267124599757,"Normal_higher"
"SNX8","Luminal_Epithelial","ER_Positive","Normal","ER_Positive vs Normal",-1.45202348589655,4.10304576495097,17.4741739577174,0.000663022247636289,0.00664217281059933,"Normal_higher"
"IQCK","Luminal_Epithelial","ER_Positive","Normal","ER_Positive vs Normal",2.34564785762591,4.97551429216721,17.5298063236914,0.000665802782235277,0.00666557862108393,"ER_Positive_higher"
"SPAG17","Luminal_Epithelial","ER_Positive","Normal","ER_Positive vs Normal",5.46266420536205,1.88515487864403,16.3828491937195,0.000666614830887809,0.00666623104858706,"ER_Positive_higher"
"NTRK3","Luminal_Epithelial","ER_Positive","Normal","ER_Positive vs Normal",5.41780275002413,0.138050398007177,15.5041277504514,0.000666756367290543,0.00666623104858706,"ER_Positive_higher"
"AC016745.3","Luminal_Epithelial","ER_Positive","Normal","ER_Positive vs Normal",5.48881731264678,-0.609965111306711,15.7219030323877,0.000669621491983442,0.00669041926111553,"ER_Positive_higher"
"GAMT","Luminal_Epithelial","ER_Positive","Normal","ER_Positive vs Normal",2.90889630282907,6.16614554002615,17.4889789084267,0.000671665472165558,0.00670637640771026,"ER_Positive_higher"
"LINC01106","Luminal_Epithelial","ER_Positive","Normal","ER_Positive vs Normal",-2.50441789099271,0.854309577147209,16.0834419598729,0.000673729081287932,0.00671808558941606,"Normal_higher"
"MAP4K4","Luminal_Epithelial","ER_Positive","Normal","ER_Positive vs Normal",-2.05910741754139,3.3955917364546,17.167363066313,0.000673733511832556,0.00671808558941606,"Normal_higher"
"SLC4A8","Luminal_Epithelial","ER_Positive","Normal","ER_Positive vs Normal",4.2634669927857,3.00010083525397,17.350991097845,0.000675327313366838,0.00672950663459239,"ER_Positive_higher"
"MMP14","Luminal_Epithelial","ER_Positive","Normal","ER_Positive vs Normal",-2.90924232096606,3.70997231898414,16.9981199175649,0.000682296901320215,0.00679266303568736,"Normal_higher"
"NXPE3","Luminal_Epithelial","ER_Positive","Normal","ER_Positive vs Normal",2.43020506307327,3.22864618813333,17.385466883731,0.000683027643310264,0.00679266303568736,"ER_Positive_higher"
"FNDC4","Luminal_Epithelial","ER_Positive","Normal","ER_Positive vs Normal",-3.50244446328513,2.45730760147663,16.002370442993,0.000683414121811786,0.00679266303568736,"Normal_higher"
"DNTTIP1","Luminal_Epithelial","ER_Positive","Normal","ER_Positive vs Normal",-1.77256562310852,5.67576729678984,17.4234351196402,0.000683475790223757,0.00679266303568736,"Normal_higher"
"C7orf49","Luminal_Epithelial","ER_Positive","Normal","ER_Positive vs Normal",-1.23426157213029,4.43057714963239,17.3892376316433,0.000684169134374603,0.00679505373895411,"Normal_higher"
"RP11-475O6.1","Luminal_Epithelial","ER_Positive","Normal","ER_Positive vs Normal",2.5491875096036,0.887440216717691,16.4486615826382,0.000685108642644845,0.00679703166034742,"ER_Positive_higher"
"PRRT3-AS1","Luminal_Epithelial","ER_Positive","Normal","ER_Positive vs Normal",-1.94901418328824,2.14825438372673,16.4378807010936,0.000685912060159394,0.00679703166034742,"Normal_higher"
"MAN2B2","Luminal_Epithelial","ER_Positive","Normal","ER_Positive vs Normal",1.79689718404576,3.15444818369118,17.3513644088353,0.000686178253231396,0.00679703166034742,"ER_Positive_higher"
"PPP1R26-AS1","Luminal_Epithelial","ER_Positive","Normal","ER_Positive vs Normal",2.36528625460199,0.458885804165295,16.1236594449136,0.000686179980370916,0.00679703166034742,"ER_Positive_higher"
"NCKAP5","Luminal_Epithelial","ER_Positive","Normal","ER_Positive vs Normal",2.79060882293776,2.30167767034648,17.1861000907794,0.000689217413391284,0.00682084765243818,"ER_Positive_higher"
"CERS2","Luminal_Epithelial","ER_Positive","Normal","ER_Positive vs Normal",1.51570518119824,6.6172391634363,17.3835166109001,0.000689493295711916,0.00682084765243818,"ER_Positive_higher"
"CYP4F35P","Luminal_Epithelial","ER_Positive","Normal","ER_Positive vs Normal",4.19151389889864,0.369686780128802,15.4910006887606,0.000690770266000983,0.00682763269742294,"ER_Positive_higher"
"NGFR","Luminal_Epithelial","ER_Positive","Normal","ER_Positive vs Normal",-3.43699253711529,0.700176894500329,16.2475043857249,0.000691089096247447,0.00682763269742294,"Normal_higher"
"RPL7L1","Luminal_Epithelial","ER_Positive","Normal","ER_Positive vs Normal",-1.60932858924456,6.36913858599678,17.3588421651743,0.000694775522404057,0.00685953701626163,"Normal_higher"
"PRR36","Luminal_Epithelial","ER_Positive","Normal","ER_Positive vs Normal",2.09228523040085,2.50587506301624,17.1947599294543,0.000696387074039435,0.00686850648260837,"ER_Positive_higher"
"HLA-B","Luminal_Epithelial","ER_Positive","Normal","ER_Positive vs Normal",-2.29049683245732,9.50068729575639,17.3384402736243,0.000696909759757987,0.00686850648260837,"Normal_higher"
"ZMAT5","Luminal_Epithelial","ER_Positive","Normal","ER_Positive vs Normal",-1.29075861051845,5.07573684145612,17.3408895749027,0.000697057064903882,0.00686850648260837,"Normal_higher"
"SOX5","Luminal_Epithelial","ER_Positive","Normal","ER_Positive vs Normal",4.79910997986676,-0.822545473303245,15.4094473190521,0.0006986037435049,0.00687818115189564,"ER_Positive_higher"
"RP11-439L18.2","Luminal_Epithelial","ER_Positive","Normal","ER_Positive vs Normal",6.43185117230952,-0.253636422135012,16.0189663601704,0.000699286214862149,0.00687818115189564,"ER_Positive_higher"
"RUSC2","Luminal_Epithelial","ER_Positive","Normal","ER_Positive vs Normal",-1.95276732595465,0.804251050312261,15.8898972095139,0.000699413902698257,0.00687818115189564,"Normal_higher"
"MED10","Luminal_Epithelial","ER_Positive","Normal","ER_Positive vs Normal",-1.75595995326388,6.3191680599778,17.3273373484373,0.000700416543027156,0.00688353049195058,"Normal_higher"
"NCALD","Luminal_Epithelial","ER_Positive","Normal","ER_Positive vs Normal",-2.68998134525148,3.33237730977593,16.75824424874,0.000705951410794781,0.00693338535457937,"Normal_higher"
"RP11-166B2.1","Luminal_Epithelial","ER_Positive","Normal","ER_Positive vs Normal",3.98267968207066,0.754342711167911,15.8720851233012,0.00070786381111953,0.00694762080671732,"ER_Positive_higher"
"MED8","Luminal_Epithelial","ER_Positive","Normal","ER_Positive vs Normal",-1.37017892751314,5.40319507603249,17.2796968583407,0.000708851957974651,0.0069527721132847,"Normal_higher"
"ARPC5L","Luminal_Epithelial","ER_Positive","Normal","ER_Positive vs Normal",-1.30980183537539,6.84347478912842,17.2740054244569,0.00070947022444717,0.00695429108966602,"Normal_higher"
"CD8A","Luminal_Epithelial","ER_Positive","Normal","ER_Positive vs Normal",3.02376694541272,-1.1349915575676,15.1375952657373,0.000710284306909071,0.00695772623615172,"ER_Positive_higher"
"LUM","Luminal_Epithelial","ER_Positive","Normal","ER_Positive vs Normal",7.40095207849421,2.54318568539698,15.8808788618788,0.000712943672690956,0.00697922093677311,"ER_Positive_higher"
"GRINA","Luminal_Epithelial","ER_Positive","Normal","ER_Positive vs Normal",1.62804995583707,7.18600910755098,17.2363650080656,0.000715540469300919,0.00700007550378024,"ER_Positive_higher"
"MBP","Luminal_Epithelial","ER_Positive","Normal","ER_Positive vs Normal",-2.56157785432981,4.16801001308276,17.0624619778578,0.000716231623276419,0.00700227229349134,"Normal_higher"
"AJUBA","Luminal_Epithelial","ER_Positive","Normal","ER_Positive vs Normal",-2.22373253704839,2.51079681367417,16.4024024278797,0.000719721086988806,0.00703180621903712,"Normal_higher"
"MTRNR2L12","Luminal_Epithelial","ER_Positive","Normal","ER_Positive vs Normal",5.84697748669646,9.76185166611822,17.208561492965,0.000720368566255804,0.00703355307339027,"ER_Positive_higher"
"RP11-29H23.4","Luminal_Epithelial","ER_Positive","Normal","ER_Positive vs Normal",5.52296978104226,-0.246101150969909,15.3259774887937,0.000722119218368995,0.00704606184009331,"ER_Positive_higher"
"CXXC5","Luminal_Epithelial","ER_Positive","Normal","ER_Positive vs Normal",2.06384411891482,6.15956473732346,17.2003274025395,0.000722841658047425,0.00704852811066777,"ER_Positive_higher"
"KIAA0556","Luminal_Epithelial","ER_Positive","Normal","ER_Positive vs Normal",1.53248039549539,3.00181011173371,17.1184547824235,0.000724208200011077,0.00705726782958847,"ER_Positive_higher"
"CCNJ","Luminal_Epithelial","ER_Positive","Normal","ER_Positive vs Normal",-1.46134375320467,1.2628547001872,15.8741914535004,0.00072663219160672,0.00707297185691399,"Normal_higher"
"LEKR1","Luminal_Epithelial","ER_Positive","Normal","ER_Positive vs Normal",3.19630822559788,2.40154111510204,16.998585505079,0.000726882913698923,0.00707297185691399,"ER_Positive_higher"
"LY6G6C","Luminal_Epithelial","ER_Positive","Normal","ER_Positive vs Normal",4.69195123138808,3.1015664365499,17.0337415240065,0.000727233662638654,0.00707297185691399,"ER_Positive_higher"
"WFDC2","Luminal_Epithelial","ER_Positive","Normal","ER_Positive vs Normal",-3.94602669755537,11.0384325981837,17.159733081551,0.000729451612755207,0.00708994841490764,"Normal_higher"
"EBNA1BP2","Luminal_Epithelial","ER_Positive","Normal","ER_Positive vs Normal",-1.46911302894814,6.54231361198555,17.1617532132713,0.000730380042270467,0.00709437753679799,"Normal_higher"
"RP3-416H24.1","Luminal_Epithelial","ER_Positive","Normal","ER_Positive vs Normal",-2.55910657173355,-0.380899795529785,16.0879101194296,0.000733709554300172,0.00712210820270548,"Normal_higher"
"TALDO1","Luminal_Epithelial","ER_Positive","Normal","ER_Positive vs Normal",-1.7007508227281,8.23536720014501,17.1125534311793,0.000738581061898594,0.00716476147117789,"Normal_higher"
"EFCAB6","Luminal_Epithelial","ER_Positive","Normal","ER_Positive vs Normal",2.28751901109249,0.86622701253889,16.1690082098763,0.000740755448501334,0.00718121254241571,"ER_Positive_higher"
"AQP4-AS1","Luminal_Epithelial","ER_Positive","Normal","ER_Positive vs Normal",4.19424278738296,-1.17619899928349,15.2244718634995,0.000742782121784864,0.00719621129866072,"ER_Positive_higher"
"XBP1","Luminal_Epithelial","ER_Positive","Normal","ER_Positive vs Normal",2.29635867371721,10.5381889718818,17.0853074165347,0.000743344395442131,0.00719647437331494,"ER_Positive_higher"
"SACS","Luminal_Epithelial","ER_Positive","Normal","ER_Positive vs Normal",-3.07682079667626,2.39466252234676,15.7998188743249,0.000743768358300225,0.00719647437331494,"Normal_higher"
"MRPS2","Luminal_Epithelial","ER_Positive","Normal","ER_Positive vs Normal",-1.32878151108664,5.66011725564012,17.0746672457588,0.000747294856939812,0.00722593680289675,"Normal_higher"
"RP11-804H8.6","Luminal_Epithelial","ER_Positive","Normal","ER_Positive vs Normal",-2.84050741724051,0.52798790237013,15.9015153449895,0.000749006668019677,0.00723775469917929,"Normal_higher"
"PLA2G2A","Luminal_Epithelial","ER_Positive","Normal","ER_Positive vs Normal",6.50597845001896,2.32241496824663,15.7381851921425,0.000749481628741562,0.00723775469917929,"ER_Positive_higher"
"TRMT12","Luminal_Epithelial","ER_Positive","Normal","ER_Positive vs Normal",1.98639292298307,3.71010106621596,17.045317011159,0.00075006510645787,0.0072387312235455,"ER_Positive_higher"
"RP11-700H6.1","Luminal_Epithelial","ER_Positive","Normal","ER_Positive vs Normal",4.45857364716352,1.5113709199112,16.1474001572166,0.000752125201013155,0.00725394787378176,"ER_Positive_higher"
"EBP","Luminal_Epithelial","ER_Positive","Normal","ER_Positive vs Normal",-1.90049961952289,6.02646983476266,17.040088596115,0.000753981859348655,0.00726718417677924,"Normal_higher"
"YTHDC2","Luminal_Epithelial","ER_Positive","Normal","ER_Positive vs Normal",1.50406695649536,4.20394167389394,17.0285646804833,0.000755455895532417,0.00727671798732669,"ER_Positive_higher"
"MLKL","Luminal_Epithelial","ER_Positive","Normal","ER_Positive vs Normal",-2.31902720514594,1.26921080413823,15.6020392453407,0.000757223195302925,0.00728069446712424,"Normal_higher"
"ITGA5","Luminal_Epithelial","ER_Positive","Normal","ER_Positive vs Normal",-1.97850623827635,2.82808914869119,16.4900777569664,0.000757263540158409,0.00728069446712424,"Normal_higher"
"INHBA","Luminal_Epithelial","ER_Positive","Normal","ER_Positive vs Normal",-3.44229539171578,2.43462260140738,15.6428438390031,0.000757418425638019,0.00728069446712424,"Normal_higher"
"LCLAT1","Luminal_Epithelial","ER_Positive","Normal","ER_Positive vs Normal",1.56927796887825,2.62315529093334,16.8815129273018,0.000757809339484777,0.00728069446712424,"ER_Positive_higher"
"PARD6B","Luminal_Epithelial","ER_Positive","Normal","ER_Positive vs Normal",2.93634435682373,6.44964370747428,17.0053844851331,0.000759664592945245,0.00729384935785623,"ER_Positive_higher"
"RP11-137H2.4","Luminal_Epithelial","ER_Positive","Normal","ER_Positive vs Normal",4.28443887941218,-0.589704467652468,14.8630131957518,0.000760752692267455,0.00729962637650748,"ER_Positive_higher"
"RP11-480C16.1","Luminal_Epithelial","ER_Positive","Normal","ER_Positive vs Normal",3.32761419840716,1.67070057833121,16.5100400192613,0.000762959107017456,0.00731611969265876,"ER_Positive_higher"
"LHFPL2","Luminal_Epithelial","ER_Positive","Normal","ER_Positive vs Normal",-2.31673442286024,3.20414812908213,16.5445771648129,0.000763478245298763,0.00731642275044607,"Normal_higher"
"IGDCC3","Luminal_Epithelial","ER_Positive","Normal","ER_Positive vs Normal",5.38748663566692,0.960762737889482,15.257526882444,0.000764304655423646,0.00731966813270112,"ER_Positive_higher"
"LAMC2","Luminal_Epithelial","ER_Positive","Normal","ER_Positive vs Normal",-3.53812851428541,4.16323149391891,16.5330843011627,0.000767019517883855,0.007340983357706,"Normal_higher"
"PGF","Luminal_Epithelial","ER_Positive","Normal","ER_Positive vs Normal",-2.43572619365989,1.86584174578181,15.6489598275444,0.000772264343197591,0.00738646972489882,"Normal_higher"
"KAZALD1","Luminal_Epithelial","ER_Positive","Normal","ER_Positive vs Normal",3.0691663254604,3.15036733874821,16.8969578880892,0.00077336264502836,0.0073910888675582,"ER_Positive_higher"
"FMO5","Luminal_Epithelial","ER_Positive","Normal","ER_Positive vs Normal",3.9053630484127,3.97040368014051,16.9386982103466,0.0007737322989894,0.0073910888675582,"ER_Positive_higher"
"TJP2","Luminal_Epithelial","ER_Positive","Normal","ER_Positive vs Normal",-1.33435562916001,4.19344424647287,16.873964835272,0.000776938657342561,0.00741699645721363,"Normal_higher"
"ATP6V1B2","Luminal_Epithelial","ER_Positive","Normal","ER_Positive vs Normal",-2.1655183646277,5.49720814548901,16.9068370031198,0.000778651572059262,0.00742862310355584,"Normal_higher"
"RASSF4","Luminal_Epithelial","ER_Positive","Normal","ER_Positive vs Normal",-2.60865246729152,2.60129291773927,15.995902131512,0.00077931453603303,0.00743022442328315,"Normal_higher"
"THAP3","Luminal_Epithelial","ER_Positive","Normal","ER_Positive vs Normal",-1.45294608485221,4.03783783231825,16.8283191555396,0.000781208250063756,0.00744355060870273,"Normal_higher"
"AFF3","Luminal_Epithelial","ER_Positive","Normal","ER_Positive vs Normal",3.37420865113112,5.2464002529636,16.8945836658752,0.000783375392151238,0.00745946352158225,"ER_Positive_higher"
"L3MBTL4","Luminal_Epithelial","ER_Positive","Normal","ER_Positive vs Normal",-3.29073196571077,0.706455300574856,15.7839209651234,0.00078435039108049,0.00745992639481472,"Normal_higher"
"CYP46A1","Luminal_Epithelial","ER_Positive","Normal","ER_Positive vs Normal",2.72260398343549,0.15349964656052,15.3810982346536,0.00078475811479838,0.00745992639481472,"ER_Positive_higher"
"ICA1L","Luminal_Epithelial","ER_Positive","Normal","ER_Positive vs Normal",2.99188718788465,2.40683046669391,16.7110955865662,0.000784915291358195,0.00745992639481472,"ER_Positive_higher"
"RP11-319G6.1","Luminal_Epithelial","ER_Positive","Normal","ER_Positive vs Normal",2.62107673720699,2.6177206494868,16.7329290536564,0.000791091493344667,0.00751386711431862,"ER_Positive_higher"
"ITGB1BP1","Luminal_Epithelial","ER_Positive","Normal","ER_Positive vs Normal",-1.45304644576813,5.58879988085585,16.8452525107111,0.000792742066854169,0.00752235197868333,"Normal_higher"
"PER2","Luminal_Epithelial","ER_Positive","Normal","ER_Positive vs Normal",1.79278576776042,3.84198709086541,16.833142520812,0.0007929873279321,0.00752235197868333,"ER_Positive_higher"
"NUDC","Luminal_Epithelial","ER_Positive","Normal","ER_Positive vs Normal",-1.31362594133701,7.38981181620765,16.8357212612638,0.000793536845852877,0.00752280950455725,"Normal_higher"
"ENPP3","Luminal_Epithelial","ER_Positive","Normal","ER_Positive vs Normal",3.00649215937375,-0.548800295227159,14.8730809832064,0.000794789455814842,0.00752992762841751,"ER_Positive_higher"
"NPM2","Luminal_Epithelial","ER_Positive","Normal","ER_Positive vs Normal",-4.1481000531706,1.12641604765381,15.7779168805757,0.000795589686163263,0.0075302008877163,"Normal_higher"
"RADIL","Luminal_Epithelial","ER_Positive","Normal","ER_Positive vs Normal",4.160742179442,0.780613855789425,15.41926233779,0.000795821856994605,0.0075302008877163,"ER_Positive_higher"
"CDCP1","Luminal_Epithelial","ER_Positive","Normal","ER_Positive vs Normal",-3.39074589319387,5.42502548471212,16.7573533350072,0.00079689795218669,0.00753563173816361,"Normal_higher"
"SSTR2","Luminal_Epithelial","ER_Positive","Normal","ER_Positive vs Normal",5.06764108139975,2.80463126071851,16.4941040900456,0.000800549365941768,0.00756539315786405,"ER_Positive_higher"
"PGAM1","Luminal_Epithelial","ER_Positive","Normal","ER_Positive vs Normal",-1.38301607138258,7.2854514425554,16.7881574881917,0.000803497187779548,0.00758495091340685,"Normal_higher"
"ZCCHC17","Luminal_Epithelial","ER_Positive","Normal","ER_Positive vs Normal",-1.28868900258602,5.64418481244075,16.7928077129595,0.000803629769595315,0.00758495091340685,"Normal_higher"
"D2HGDH","Luminal_Epithelial","ER_Positive","Normal","ER_Positive vs Normal",1.69681085522322,3.94537714720147,16.7745632045491,0.000805658464971434,0.00759931903446028,"ER_Positive_higher"
"LPXN","Luminal_Epithelial","ER_Positive","Normal","ER_Positive vs Normal",-2.10652666069421,2.38710637289972,15.9599630798795,0.000806840495098233,0.00760568800875577,"Normal_higher"
"RAD54B","Luminal_Epithelial","ER_Positive","Normal","ER_Positive vs Normal",2.46738999805039,1.10140219326893,16.00407539607,0.000810314586087346,0.00763364155267596,"ER_Positive_higher"
"UBE2E1","Luminal_Epithelial","ER_Positive","Normal","ER_Positive vs Normal",-1.26567079110964,5.55778053633827,16.7473586298861,0.000813094476860656,0.00765502435021824,"Normal_higher"
"TREM1","Luminal_Epithelial","ER_Positive","Normal","ER_Positive vs Normal",-4.28483102096696,0.505362825085522,15.6269408197153,0.000813961600449999,0.00765838353476686,"Normal_higher"
"DNAH7","Luminal_Epithelial","ER_Positive","Normal","ER_Positive vs Normal",3.04486746646462,1.63779201611894,16.2706827690559,0.000814865784003089,0.00766208698028468,"ER_Positive_higher"
"TARS","Luminal_Epithelial","ER_Positive","Normal","ER_Positive vs Normal",-1.51531710338683,5.29300533928091,16.7310503483934,0.000815754088492043,0.00766563657232316,"Normal_higher"
"ADCY1","Luminal_Epithelial","ER_Positive","Normal","ER_Positive vs Normal",4.66873341784304,3.01627003401741,16.5727082092686,0.000817149621155303,0.00767077748345318,"ER_Positive_higher"
"FGF11","Luminal_Epithelial","ER_Positive","Normal","ER_Positive vs Normal",-2.99417103798233,0.684171442614778,15.5956335281308,0.000817323462120453,0.00767077748345318,"Normal_higher"
"PFDN6","Luminal_Epithelial","ER_Positive","Normal","ER_Positive vs Normal",-1.68579697162862,6.33693446789268,16.7211279911914,0.000818526838691533,0.00767322188092363,"Normal_higher"
"EDN1","Luminal_Epithelial","ER_Positive","Normal","ER_Positive vs Normal",-3.01182434732348,6.23502306765437,16.7163102000599,0.000818606532375474,0.00767322188092363,"Normal_higher"
"C10orf2","Luminal_Epithelial","ER_Positive","Normal","ER_Positive vs Normal",-2.10660335357856,2.4534322574966,15.9395942689352,0.000821225438678903,0.00769084766556479,"Normal_higher"
"PSMC3","Luminal_Epithelial","ER_Positive","Normal","ER_Positive vs Normal",-1.66007506339714,6.67859443871838,16.7057139334862,0.000821511881648588,0.00769084766556479,"Normal_higher"
"CYP4F12","Luminal_Epithelial","ER_Positive","Normal","ER_Positive vs Normal",4.04781552533681,-0.555194484686431,14.571729676435,0.000822977138765642,0.00769181882591975,"ER_Positive_higher"
"LAMA2","Luminal_Epithelial","ER_Positive","Normal","ER_Positive vs Normal",-3.61923693923292,-0.133998902542461,15.5455394208748,0.000823113523856107,0.00769181882591975,"Normal_higher"
"STX19","Luminal_Epithelial","ER_Positive","Normal","ER_Positive vs Normal",-2.59959690655917,0.00799697044374515,15.6536291148438,0.000823153264105226,0.00769181882591975,"Normal_higher"
"ST6GALNAC2","Luminal_Epithelial","ER_Positive","Normal","ER_Positive vs Normal",2.57483079077266,4.82919038113027,16.6908334863431,0.000825815438961847,0.00771189315028029,"ER_Positive_higher"
"NUP210","Luminal_Epithelial","ER_Positive","Normal","ER_Positive vs Normal",1.55201771854061,2.88849160212788,16.5885151496078,0.00082777629730765,0.00772347221534165,"ER_Positive_higher"
"ALDH6A1","Luminal_Epithelial","ER_Positive","Normal","ER_Positive vs Normal",1.90122016991203,4.4544149231985,16.6788230171876,0.000828084680114927,0.00772347221534165,"ER_Positive_higher"
"BAK1","Luminal_Epithelial","ER_Positive","Normal","ER_Positive vs Normal",-1.64952201810894,3.58126915106547,16.5021884328578,0.0008291088043517,0.0077282210105006,"Normal_higher"
"NDUFAF2","Luminal_Epithelial","ER_Positive","Normal","ER_Positive vs Normal",-1.80535636566453,6.00904994136888,16.6631020756194,0.000831101786569782,0.00774198914404266,"Normal_higher"
"PHLDA1","Luminal_Epithelial","ER_Positive","Normal","ER_Positive vs Normal",-3.44908270990244,7.29370227003146,16.6546900841692,0.000832940360292881,0.00775430272141145,"Normal_higher"
"TLE3","Luminal_Epithelial","ER_Positive","Normal","ER_Positive vs Normal",1.36299499007854,4.77962667127242,16.652278427529,0.000833694938972124,0.00775651577752924,"ER_Positive_higher"
"TMEM45A","Luminal_Epithelial","ER_Positive","Normal","ER_Positive vs Normal",-3.38244794263844,5.125115647112,16.5356780197575,0.000835534220114696,0.00776695338246894,"Normal_higher"
"RNF114","Luminal_Epithelial","ER_Positive","Normal","ER_Positive vs Normal",-1.459337168092,6.98836645142738,16.63730179407,0.000835851916618067,0.00776695338246894,"Normal_higher"
"SORD","Luminal_Epithelial","ER_Positive","Normal","ER_Positive vs Normal",2.53624162668985,5.67587722179836,16.6307541858676,0.000837860924943664,0.00777321601371193,"ER_Positive_higher"
"INO80C","Luminal_Epithelial","ER_Positive","Normal","ER_Positive vs Normal",-1.54527016114244,4.0276551254355,16.5522708784559,0.000838073235678452,0.00777321601371193,"Normal_higher"
"ATAD3B","Luminal_Epithelial","ER_Positive","Normal","ER_Positive vs Normal",-2.25866127227865,3.86967083477033,16.4401675198136,0.000838079796773899,0.00777321601371193,"Normal_higher"
"PHF5A","Luminal_Epithelial","ER_Positive","Normal","ER_Positive vs Normal",-1.30287368725944,5.88018954250491,16.6258797076354,0.000839215879055242,0.00777837969369664,"Normal_higher"
"CBFA2T3","Luminal_Epithelial","ER_Positive","Normal","ER_Positive vs Normal",3.24307303358048,0.930282036823061,15.6762221211432,0.000840178711307431,0.00777837969369664,"ER_Positive_higher"
"NDE1","Luminal_Epithelial","ER_Positive","Normal","ER_Positive vs Normal",1.92437072561727,3.94093378242499,16.614620671056,0.000840191476209919,0.00777837969369664,"ER_Positive_higher"
"SMS","Luminal_Epithelial","ER_Positive","Normal","ER_Positive vs Normal",-1.54540735080523,7.63816405832226,16.6103887172364,0.000841320611452177,0.00778176727337012,"Normal_higher"
"HOXB5","Luminal_Epithelial","ER_Positive","Normal","ER_Positive vs Normal",5.45806984454236,2.43324995825771,15.969197739662,0.000841594474890365,0.00778176727337012,"ER_Positive_higher"
"CTB-51J22.1","Luminal_Epithelial","ER_Positive","Normal","ER_Positive vs Normal",4.53952849439217,0.935862047378275,15.1931105191497,0.000843485228767987,0.00779444755426181,"ER_Positive_higher"
"GGT1","Luminal_Epithelial","ER_Positive","Normal","ER_Positive vs Normal",3.22834466345761,2.37905671651839,16.4183968107051,0.000845075007177366,0.00780433269705276,"ER_Positive_higher"
"RP11-161M6.2","Luminal_Epithelial","ER_Positive","Normal","ER_Positive vs Normal",-3.46149269171246,-0.393862569809972,15.4032420146201,0.000847818538367152,0.00782485412378589,"Normal_higher"
"RP11-10C24.1","Luminal_Epithelial","ER_Positive","Normal","ER_Positive vs Normal",-2.70842589237847,-0.0847423710186619,15.5645340640762,0.000850170991311244,0.00784174312637236,"Normal_higher"
"EIF4A1","Luminal_Epithelial","ER_Positive","Normal","ER_Positive vs Normal",-2.12040101271674,7.59088861716923,16.5677122087473,0.000851012138370326,0.00784468007403163,"Normal_higher"
"PIWIL2","Luminal_Epithelial","ER_Positive","Normal","ER_Positive vs Normal",-2.17654015939215,-0.753775701376932,15.545474015133,0.000853449584290201,0.0078623191598791,"Normal_higher"
"CERS6","Luminal_Epithelial","ER_Positive","Normal","ER_Positive vs Normal",2.27430244749479,5.36332179894009,16.5442364200092,0.000857316072197872,0.00788611993104573,"ER_Positive_higher"
"RP11-736K20.6","Luminal_Epithelial","ER_Positive","Normal","ER_Positive vs Normal",2.66472530982293,0.553265067510502,15.3850529937841,0.000857436464481664,0.00788611993104573,"ER_Positive_higher"
"PTGIS","Luminal_Epithelial","ER_Positive","Normal","ER_Positive vs Normal",4.52888386389764,0.866857366828957,15.0978703621721,0.000857609630670129,0.00788611993104573,"ER_Positive_higher"
"RP11-524F11.2","Luminal_Epithelial","ER_Positive","Normal","ER_Positive vs Normal",2.96989180359342,-0.457599331064382,14.6731133552905,0.000860403158306222,0.0079069627658919,"ER_Positive_higher"
"C10orf54","Luminal_Epithelial","ER_Positive","Normal","ER_Positive vs Normal",-2.37149151593843,2.33742914257795,15.5919042411034,0.000860989984764667,0.00790751328112813,"Normal_higher"
"ITGA3","Luminal_Epithelial","ER_Positive","Normal","ER_Positive vs Normal",-1.66118574647971,4.28376737799073,16.4577286801005,0.000863967130775738,0.00793000289391529,"Normal_higher"
"ARHGAP5-AS1","Luminal_Epithelial","ER_Positive","Normal","ER_Positive vs Normal",-1.93710071522102,2.15754565177678,15.5981420635606,0.00087091824019518,0.00798891811161923,"Normal_higher"
"VSTM2L","Luminal_Epithelial","ER_Positive","Normal","ER_Positive vs Normal",5.36996507857502,1.88309007256094,15.5044169318017,0.000871671419982025,0.00799094257768494,"ER_Positive_higher"
"TRIAP1","Luminal_Epithelial","ER_Positive","Normal","ER_Positive vs Normal",-1.24496020660253,5.57638475445532,16.4722922171113,0.000873545419938989,0.0079916462243374,"Normal_higher"
"LMLN","Luminal_Epithelial","ER_Positive","Normal","ER_Positive vs Normal",1.78177053271102,2.68515487927706,16.3580760591108,0.000873624795708788,0.0079916462243374,"ER_Positive_higher"
"EHBP1","Luminal_Epithelial","ER_Positive","Normal","ER_Positive vs Normal",-1.09493753502767,3.30166271135817,16.3084257893392,0.000874073137392809,0.0079916462243374,"Normal_higher"
"NAE1","Luminal_Epithelial","ER_Positive","Normal","ER_Positive vs Normal",-1.30787523999433,4.96244197772851,16.4602398908944,0.000874511431420967,0.0079916462243374,"Normal_higher"
"OAZ1","Luminal_Epithelial","ER_Positive","Normal","ER_Positive vs Normal",-1.51630989537607,9.98411490519722,16.4566491563611,0.000875007977894336,0.0079916462243374,"Normal_higher"
"PPP2R5B","Luminal_Epithelial","ER_Positive","Normal","ER_Positive vs Normal",-1.76919502888745,3.04031326348693,16.1175849797256,0.000875336399721531,0.0079916462243374,"Normal_higher"
"VLDLR-AS1","Luminal_Epithelial","ER_Positive","Normal","ER_Positive vs Normal",-2.48886785178586,-0.14168653633983,15.4545436773978,0.000875475870781014,0.0079916462243374,"Normal_higher"
"GET4","Luminal_Epithelial","ER_Positive","Normal","ER_Positive vs Normal",4.76909826384055,4.14324133878486,16.4483363862855,0.000876369893939051,0.00799494407194124,"ER_Positive_higher"
"TTC8","Luminal_Epithelial","ER_Positive","Normal","ER_Positive vs Normal",1.54075013505479,4.08518997091371,16.4481999396057,0.000877935621601792,0.00800436201298791,"ER_Positive_higher"
"FAM66C","Luminal_Epithelial","ER_Positive","Normal","ER_Positive vs Normal",2.344383490288,0.353658010150341,15.1992317652072,0.000879879675517947,0.00801721571979225,"ER_Positive_higher"
"FAM53C","Luminal_Epithelial","ER_Positive","Normal","ER_Positive vs Normal",1.8625890314882,5.41433541712871,16.4401486933401,0.000880786040904937,0.00802060443923567,"ER_Positive_higher"
"TRMT11","Luminal_Epithelial","ER_Positive","Normal","ER_Positive vs Normal",-1.3708828040614,3.69127017590326,16.3208775476248,0.000882365751859891,0.00802946139130516,"Normal_higher"
"EMC6","Luminal_Epithelial","ER_Positive","Normal","ER_Positive vs Normal",-1.38820407126611,6.8406955569007,16.4288385295121,0.000882828766285967,0.00802946139130516,"Normal_higher"
"POLR2C","Luminal_Epithelial","ER_Positive","Normal","ER_Positive vs Normal",-1.2828171072396,5.50067323177821,16.4264841972818,0.000884071763446577,0.00803589639857224,"Normal_higher"
"LIME1","Luminal_Epithelial","ER_Positive","Normal","ER_Positive vs Normal",6.57279367314187,-1.16644406458222,16.1816250554767,0.000885985597774458,0.00804262121987885,"ER_Positive_higher"
"RP11-265N7.1","Luminal_Epithelial","ER_Positive","Normal","ER_Positive vs Normal",5.29997271306631,0.328364016895872,14.5855773221614,0.000886080216727236,0.00804262121987885,"ER_Positive_higher"
"CTC-479C5.10","Luminal_Epithelial","ER_Positive","Normal","ER_Positive vs Normal",4.34849744744067,-1.1930625037337,14.7473860477898,0.000886419370805599,0.00804262121987885,"ER_Positive_higher"
"CCDC7","Luminal_Epithelial","ER_Positive","Normal","ER_Positive vs Normal",1.91861252567961,1.6592594866897,15.9886568142839,0.000888668849934258,0.00805815917278756,"ER_Positive_higher"
"C16orf71","Luminal_Epithelial","ER_Positive","Normal","ER_Positive vs Normal",3.35522706053843,1.05092518948315,15.5259179268,0.000892481414081181,0.00808784334608472,"ER_Positive_higher"
"TBCK","Luminal_Epithelial","ER_Positive","Normal","ER_Positive vs Normal",1.5961634375781,3.18616172068808,16.3344193729831,0.000893524217256058,0.00809172068792364,"ER_Positive_higher"
"ROBO2","Luminal_Epithelial","ER_Positive","Normal","ER_Positive vs Normal",6.69102443812032,1.12528893453737,15.1018454861033,0.000893987665794455,0.00809172068792364,"ER_Positive_higher"
"FKBP11","Luminal_Epithelial","ER_Positive","Normal","ER_Positive vs Normal",-1.65584667951302,5.4447952285389,16.3779854950433,0.000894809561617937,0.008094277933213,"Normal_higher"
"NBPF9","Luminal_Epithelial","ER_Positive","Normal","ER_Positive vs Normal",2.38287487145157,2.9846331111338,16.30622490344,0.000897894420403488,0.00811729010059948,"ER_Positive_higher"
"PELO","Luminal_Epithelial","ER_Positive","Normal","ER_Positive vs Normal",-2.05550587767051,4.7328839880408,16.3219694025778,0.000899251244422398,0.00812466190550688,"Normal_higher"
"ATP6V0E2","Luminal_Epithelial","ER_Positive","Normal","ER_Positive vs Normal",2.47943909458401,5.57625780193211,16.357690272452,0.000899980010098584,0.00812635379756284,"ER_Positive_higher"
"MACROD2","Luminal_Epithelial","ER_Positive","Normal","ER_Positive vs Normal",1.58509377892175,1.99679836480652,16.0568938909248,0.000901988818379929,0.00813959482707612,"ER_Positive_higher"
"GPANK1","Luminal_Epithelial","ER_Positive","Normal","ER_Positive vs Normal",-1.36809876006931,4.67223039369072,16.3244400122729,0.000903686670997696,0.00815001554787405,"Normal_higher"
"GJB1","Luminal_Epithelial","ER_Positive","Normal","ER_Positive vs Normal",5.89343660138414,0.807475006005904,14.7372695587815,0.000904634623417393,0.0081536647409158,"ER_Positive_higher"
"USP21","Luminal_Epithelial","ER_Positive","Normal","ER_Positive vs Normal",2.25314023644084,3.04497860739331,16.2722162519213,0.00090709527357199,0.00817093563655153,"ER_Positive_higher"
"CDKN3","Luminal_Epithelial","ER_Positive","Normal","ER_Positive vs Normal",-2.8760191400337,2.62613321533332,15.3385600163489,0.000908292448857841,0.00817681150570463,"Normal_higher"
"LEF1","Luminal_Epithelial","ER_Positive","Normal","ER_Positive vs Normal",4.53908986728955,2.83474254803578,16.1215489460628,0.000914018876986057,0.00822343002813535,"ER_Positive_higher"
"KIFC2","Luminal_Epithelial","ER_Positive","Normal","ER_Positive vs Normal",2.11692427121653,3.43408081269864,16.2695069318164,0.000915106174755821,0.00822428753307513,"ER_Positive_higher"
"RP11-473L15.3","Luminal_Epithelial","ER_Positive","Normal","ER_Positive vs Normal",9.43750455731166,3.41451567213316,15.6568385895512,0.000915210247233655,0.00822428753307513,"ER_Positive_higher"
"MYLIP","Luminal_Epithelial","ER_Positive","Normal","ER_Positive vs Normal",2.21608790251249,5.01145230798392,16.2933913502047,0.000916006130201096,0.00822651346255407,"ER_Positive_higher"
"FAM126A","Luminal_Epithelial","ER_Positive","Normal","ER_Positive vs Normal",-2.72380957486747,0.876811600338954,15.1092948294004,0.000916631954019696,0.00822721036720908,"Normal_higher"
"ACKR3","Luminal_Epithelial","ER_Positive","Normal","ER_Positive vs Normal",6.47436355854691,1.18835731296489,14.905496300881,0.00091820655446506,0.00823641707283751,"ER_Positive_higher"
"MARS","Luminal_Epithelial","ER_Positive","Normal","ER_Positive vs Normal",-1.47950811418171,4.51266848425715,16.2473162913818,0.000919541010526455,0.00824318031785324,"Normal_higher"
"RBBP9","Luminal_Epithelial","ER_Positive","Normal","ER_Positive vs Normal",1.35449266845154,2.80822054954633,16.1696713187814,0.000920374958849943,0.00824318031785324,"ER_Positive_higher"
"RP11-21L23.3","Luminal_Epithelial","ER_Positive","Normal","ER_Positive vs Normal",3.65128072350972,-0.289172049806451,14.3240264984401,0.000920608396929568,0.00824318031785324,"ER_Positive_higher"
"DNMT3B","Luminal_Epithelial","ER_Positive","Normal","ER_Positive vs Normal",2.72208310369556,-0.0419415137462492,14.7399282556774,0.000923384022711803,0.00826310317760049,"ER_Positive_higher"
"RP11-545I5.3","Luminal_Epithelial","ER_Positive","Normal","ER_Positive vs Normal",2.77432086363244,2.06595154922674,16.0031272692366,0.00092522448325144,0.00827463874860212,"ER_Positive_higher"
"AK8","Luminal_Epithelial","ER_Positive","Normal","ER_Positive vs Normal",2.53838749542899,1.31265499298745,15.6623905591657,0.000927623149694189,0.00828368067546476,"ER_Positive_higher"
"CTA-384D8.35","Luminal_Epithelial","ER_Positive","Normal","ER_Positive vs Normal",-2.50052854481149,2.51127353901118,15.3689167669454,0.000927858568004481,0.00828368067546476,"Normal_higher"
"KITLG","Luminal_Epithelial","ER_Positive","Normal","ER_Positive vs Normal",2.12348966280248,3.89869210627933,16.2364154770762,0.000927891465013411,0.00828368067546476,"ER_Positive_higher"
"ACP5","Luminal_Epithelial","ER_Positive","Normal","ER_Positive vs Normal",2.16892780509223,4.85983630983593,16.228313556857,0.000931901950975028,0.00830959933961695,"ER_Positive_higher"
"RPL15","Luminal_Epithelial","ER_Positive","Normal","ER_Positive vs Normal",-1.75239772312007,11.6789182040233,16.2172421650694,0.00093190215823118,0.00830959933961695,"Normal_higher"
"ECE2","Luminal_Epithelial","ER_Positive","Normal","ER_Positive vs Normal",-1.62924707513896,4.43783600929491,16.1814653014059,0.000932897923519874,0.00830978891540749,"Normal_higher"
"DNAJC25-GNG10","Luminal_Epithelial","ER_Positive","Normal","ER_Positive vs Normal",6.10786791359017,3.3459249059188,15.7989583660113,0.000933030873756355,0.00830978891540749,"ER_Positive_higher"
"S100A11","Luminal_Epithelial","ER_Positive","Normal","ER_Positive vs Normal",-1.9785609388431,11.3166163172235,16.2063869869194,0.000934579044085196,0.00831864040011064,"Normal_higher"
"NCK1","Luminal_Epithelial","ER_Positive","Normal","ER_Positive vs Normal",-1.58418364728318,5.10833943256651,16.2053172491206,0.000935167131817232,0.00831894081042158,"Normal_higher"
"SESTD1","Luminal_Epithelial","ER_Positive","Normal","ER_Positive vs Normal",-1.71187873134503,5.39454836289141,16.2059872126744,0.000935983016659566,0.00832126607287328,"Normal_higher"
"PIGZ","Luminal_Epithelial","ER_Positive","Normal","ER_Positive vs Normal",2.55221142929458,3.34891362015178,16.1760946984103,0.000937667084164982,0.00833130250566245,"ER_Positive_higher"
"SSBP1","Luminal_Epithelial","ER_Positive","Normal","ER_Positive vs Normal",-1.31564348037475,7.97373984505632,16.1935379567158,0.000938254589330834,0.00833158971721173,"Normal_higher"
"KTI12","Luminal_Epithelial","ER_Positive","Normal","ER_Positive vs Normal",-2.12720666242351,2.79624440702616,15.6552437312939,0.000939444347555515,0.00833346081664064,"Normal_higher"
"RHOB","Luminal_Epithelial","ER_Positive","Normal","ER_Positive vs Normal",2.99429248485711,9.54374391093989,16.1834988907157,0.000940251666410818,0.00833346081664064,"ER_Positive_higher"
"ZNF678","Luminal_Epithelial","ER_Positive","Normal","ER_Positive vs Normal",2.09287056001134,2.65375524671216,16.0809576198241,0.00094045889842963,0.00833346081664064,"ER_Positive_higher"
"GTPBP4","Luminal_Epithelial","ER_Positive","Normal","ER_Positive vs Normal",-1.79884345863722,5.74986321306636,16.1903566554205,0.000940686521182731,0.00833346081664064,"Normal_higher"
"AC004540.5","Luminal_Epithelial","ER_Positive","Normal","ER_Positive vs Normal",4.42711270994483,2.66890367455458,15.9801347065965,0.000941815173044542,0.00833853705125631,"ER_Positive_higher"
"AKAP5","Luminal_Epithelial","ER_Positive","Normal","ER_Positive vs Normal",2.98936716912994,0.392715973060588,14.9041637653744,0.000945010205366965,0.00835675943026305,"ER_Positive_higher"
"TP53I11","Luminal_Epithelial","ER_Positive","Normal","ER_Positive vs Normal",1.73968439250785,5.27561506806667,16.1719542721139,0.000945423358812956,0.00835675943026305,"ER_Positive_higher"
"ICAM4","Luminal_Epithelial","ER_Positive","Normal","ER_Positive vs Normal",4.51757645362157,0.262439678396075,14.3302240791702,0.000945804049892117,0.00835675943026305,"ER_Positive_higher"
"TCEB3","Luminal_Epithelial","ER_Positive","Normal","ER_Positive vs Normal",-1.49584275204219,4.51505853219188,16.1395272108207,0.000946100771107945,0.00835675943026305,"Normal_higher"
"RAB43","Luminal_Epithelial","ER_Positive","Normal","ER_Positive vs Normal",4.8689584080088,1.12227250307948,14.8419240114969,0.00094840334467667,0.0083721699962134,"ER_Positive_higher"
"NUP62CL","Luminal_Epithelial","ER_Positive","Normal","ER_Positive vs Normal",2.1914971581673,1.59246244205293,15.7165204044185,0.000953098238230776,0.00840866858385023,"ER_Positive_higher"
"SOWAHA","Luminal_Epithelial","ER_Positive","Normal","ER_Positive vs Normal",3.91590505064854,0.587370216270431,14.7526438521246,0.000955843520989332,0.00842539164635195,"ER_Positive_higher"
"SPATA6","Luminal_Epithelial","ER_Positive","Normal","ER_Positive vs Normal",2.06804334960407,3.4472972237082,16.1050258993399,0.000956116610497593,0.00842539164635195,"ER_Positive_higher"
"JMJD7-PLA2G4B","Luminal_Epithelial","ER_Positive","Normal","ER_Positive vs Normal",3.63317035882976,-0.274675916205093,14.2041065567824,0.000959356231530517,0.0084489782667714,"ER_Positive_higher"
"MAP2K6","Luminal_Epithelial","ER_Positive","Normal","ER_Positive vs Normal",3.32249593834512,0.693303770820476,15.0014376349057,0.000960958679819108,0.00845812721879493,"ER_Positive_higher"
"CLK3","Luminal_Epithelial","ER_Positive","Normal","ER_Positive vs Normal",-1.41893768308851,4.78312769745585,16.0879280967522,0.000962707852804581,0.00846476826877549,"Normal_higher"
"DZIP3","Luminal_Epithelial","ER_Positive","Normal","ER_Positive vs Normal",2.18496467379643,3.31317404578161,16.0707107644185,0.000962841303045229,0.00846476826877549,"ER_Positive_higher"
"CCDC8","Luminal_Epithelial","ER_Positive","Normal","ER_Positive vs Normal",-3.51754539683624,0.235802470556752,15.1433042602723,0.000965304492152591,0.00847609156922375,"Normal_higher"
"PGK1","Luminal_Epithelial","ER_Positive","Normal","ER_Positive vs Normal",-1.68523493989207,7.95431752551682,16.085900443882,0.000965486495152157,0.00847609156922375,"Normal_higher"
"AZU1","Luminal_Epithelial","ER_Positive","Normal","ER_Positive vs Normal",3.75344178655703,1.18722988429955,15.2724296337698,0.000965823721154969,0.00847609156922375,"ER_Positive_higher"
"GABPB1","Luminal_Epithelial","ER_Positive","Normal","ER_Positive vs Normal",-1.27653589282565,5.23257191453588,16.0580585989648,0.000973691342839833,0.00854014376504814,"Normal_higher"
"RAB3IL1","Luminal_Epithelial","ER_Positive","Normal","ER_Positive vs Normal",-1.84533086949631,0.517758528868568,14.8240501805766,0.000975912702381077,0.00855462729242571,"Normal_higher"
"RP11-631N16.2","Luminal_Epithelial","ER_Positive","Normal","ER_Positive vs Normal",-2.34722298310134,1.18869582797136,14.7596316933426,0.000978238149833971,0.00857000578783328,"Normal_higher"
"PARD6G-AS1","Luminal_Epithelial","ER_Positive","Normal","ER_Positive vs Normal",4.21025225227257,4.62357614883313,16.0234087525578,0.000985417886686172,0.00862166791081676,"ER_Positive_higher"
"ERICH6-AS1","Luminal_Epithelial","ER_Positive","Normal","ER_Positive vs Normal",1.9473276062698,0.810834982307796,15.1378216358825,0.000986226844543347,0.00862166791081676,"ER_Positive_higher"
"RP11-54C4.3","Luminal_Epithelial","ER_Positive","Normal","ER_Positive vs Normal",4.32503753623806,1.7818068653936,15.4340072624808,0.000986355430577241,0.00862166791081676,"ER_Positive_higher"
"ACTR3","Luminal_Epithelial","ER_Positive","Normal","ER_Positive vs Normal",-1.47910128412139,6.872327886573,16.0086898988715,0.000986433251340866,0.00862166791081676,"Normal_higher"
"ACOT2","Luminal_Epithelial","ER_Positive","Normal","ER_Positive vs Normal",2.73838318674564,4.22285135584264,16.0074988325106,0.000988198229920486,0.00862893889301902,"ER_Positive_higher"
"DPY19L3","Luminal_Epithelial","ER_Positive","Normal","ER_Positive vs Normal",1.76996021739769,2.76496275204226,15.9070159667307,0.000988508466611056,0.00862893889301902,"ER_Positive_higher"
"RBM24","Luminal_Epithelial","ER_Positive","Normal","ER_Positive vs Normal",4.16365155142572,2.17107902949659,15.6710515005485,0.000988990131005045,0.00862893889301902,"ER_Positive_higher"
"EIF5","Luminal_Epithelial","ER_Positive","Normal","ER_Positive vs Normal",-1.59961351836948,8.0214563048275,15.9860098261159,0.000991456483243405,0.00864543140269249,"Normal_higher"
"FBXO25","Luminal_Epithelial","ER_Positive","Normal","ER_Positive vs Normal",-1.20547081576763,4.5227896061937,15.9611068257447,0.000994223664487857,0.00866247482161761,"Normal_higher"
"MTHFSD","Luminal_Epithelial","ER_Positive","Normal","ER_Positive vs Normal",-1.32563707515469,2.08726167291222,15.3250129527482,0.000994565477287076,0.00866247482161761,"Normal_higher"
"TINAGL1","Luminal_Epithelial","ER_Positive","Normal","ER_Positive vs Normal",-3.84833799353864,5.51073462145653,15.8715435035928,0.000996094271041756,0.00867075796144062,"Normal_higher"
"PLVAP","Luminal_Epithelial","ER_Positive","Normal","ER_Positive vs Normal",9.98368867094042,2.04929023627795,17.1675705690592,0.00100793113147978,0.00876762991543132,"ER_Positive_higher"
"TTC30A","Luminal_Epithelial","ER_Positive","Normal","ER_Positive vs Normal",1.708825425645,2.12220688858292,15.6924287631937,0.00100839136629802,0.00876762991543132,"ER_Positive_higher"
"C5orf66-AS1","Luminal_Epithelial","ER_Positive","Normal","ER_Positive vs Normal",5.58420591718065,1.47503172406852,14.5874865939707,0.00101365908407013,0.00880288375377954,"ER_Positive_higher"
"DFFA","Luminal_Epithelial","ER_Positive","Normal","ER_Positive vs Normal",-1.17046147657052,4.8162650362438,15.8980885470335,0.00101415562172432,0.00880288375377954,"Normal_higher"
"INPP4B","Luminal_Epithelial","ER_Positive","Normal","ER_Positive vs Normal",2.26821965893401,5.0425347890538,15.9091201396703,0.0010142057713257,0.00880288375377954,"ER_Positive_higher"
"TIMP3","Luminal_Epithelial","ER_Positive","Normal","ER_Positive vs Normal",6.48598038635266,6.40285427104312,15.9030748536774,0.00101510794668058,0.00880562136175459,"ER_Positive_higher"
"RP1-27K12.4","Luminal_Epithelial","ER_Positive","Normal","ER_Positive vs Normal",5.92631681942997,0.0599034718585322,14.3575021807286,0.00101570527867316,0.00880571295034554,"ER_Positive_higher"
"CCDC107","Luminal_Epithelial","ER_Positive","Normal","ER_Positive vs Normal",-1.3067558621248,5.70365026345434,15.8876517168954,0.00101951717802069,0.00883365721163774,"Normal_higher"
"C14orf119","Luminal_Epithelial","ER_Positive","Normal","ER_Positive vs Normal",-1.18139983552682,6.10291956671627,15.8748868667737,0.00102283079790968,0.00885725434750752,"Normal_higher"
"RP11-191L9.4","Luminal_Epithelial","ER_Positive","Normal","ER_Positive vs Normal",4.53109941650505,-0.540794655181951,13.9954621326091,0.00102538420375071,0.00887424495137656,"ER_Positive_higher"
"PAGR1","Luminal_Epithelial","ER_Positive","Normal","ER_Positive vs Normal",3.13506728454305,4.86657995784393,15.8672770817611,0.00102633693619672,0.00887737083660182,"ER_Positive_higher"
"ATG9A","Luminal_Epithelial","ER_Positive","Normal","ER_Positive vs Normal",-1.13473666007186,3.25021656944586,15.6824492333378,0.00103074451228178,0.00891035881095196,"Normal_higher"
"CHADL","Luminal_Epithelial","ER_Positive","Normal","ER_Positive vs Normal",4.07572355809952,2.54779895530591,15.6561961860866,0.00103209648185583,0.0089136365947119,"ER_Positive_higher"
"ITGA2","Luminal_Epithelial","ER_Positive","Normal","ER_Positive vs Normal",-2.70534499157528,5.19961026019845,15.8052641556919,0.0010323116146871,0.0089136365947119,"Normal_higher"
"SBF2-AS1","Luminal_Epithelial","ER_Positive","Normal","ER_Positive vs Normal",-2.02023697065799,2.64678987962943,15.2587285978878,0.00103477900999102,0.00892979140513493,"Normal_higher"
"POLR2F","Luminal_Epithelial","ER_Positive","Normal","ER_Positive vs Normal",-1.61174007574792,7.11001355457691,15.8256989361042,0.00103552235203537,0.00892979140513493,"Normal_higher"
"CFAP126","Luminal_Epithelial","ER_Positive","Normal","ER_Positive vs Normal",6.5107661759624,1.53493618794029,14.5031958174521,0.00103596767084293,0.00892979140513493,"ER_Positive_higher"
"NUP88","Luminal_Epithelial","ER_Positive","Normal","ER_Positive vs Normal",-1.47555336657793,3.91370482316463,15.7414414329789,0.00103719262749203,0.0089352180027399,"Normal_higher"
"ZBTB41","Luminal_Epithelial","ER_Positive","Normal","ER_Positive vs Normal",2.65215143384642,4.3803321720273,15.8125751791348,0.00104114521720142,0.00896193139472965,"ER_Positive_higher"
"ST3GAL5","Luminal_Epithelial","ER_Positive","Normal","ER_Positive vs Normal",3.29981848539089,0.610747411174679,14.6893456807729,0.0010414878624914,0.00896193139472965,"ER_Positive_higher"
"IGSF21","Luminal_Epithelial","ER_Positive","Normal","ER_Positive vs Normal",6.12407528985406,3.07201772119489,15.2638968412884,0.00104372539639893,0.00897603840903078,"ER_Positive_higher"
"RP3-461F17.3","Luminal_Epithelial","ER_Positive","Normal","ER_Positive vs Normal",-2.54348969196562,-0.154113339822811,14.8510269967927,0.00104696067780432,0.00899870497812683,"Normal_higher"
"ZFYVE16","Luminal_Epithelial","ER_Positive","Normal","ER_Positive vs Normal",1.32039727157938,4.04216856114469,15.7769393713687,0.00104816044675319,0.00900386023149693,"ER_Positive_higher"
"HIP1","Luminal_Epithelial","ER_Positive","Normal","ER_Positive vs Normal",1.77407045706008,3.73076477236325,15.7642144508107,0.0010499096656664,0.00901372674637048,"ER_Positive_higher"
"TNS2","Luminal_Epithelial","ER_Positive","Normal","ER_Positive vs Normal",1.79891671335368,2.27579801286306,15.5817999412486,0.00105188463375703,0.00902551898158473,"ER_Positive_higher"
"LPGAT1","Luminal_Epithelial","ER_Positive","Normal","ER_Positive vs Normal",1.37419936794743,4.86179059162347,15.7611673855481,0.00105487196330833,0.00904289772683126,"ER_Positive_higher"
"CARS","Luminal_Epithelial","ER_Positive","Normal","ER_Positive vs Normal",-1.63200909568489,4.5531973322435,15.7271805130227,0.00105558386866308,0.00904289772683126,"Normal_higher"
"DUS2","Luminal_Epithelial","ER_Positive","Normal","ER_Positive vs Normal",-2.10936820130995,2.04132228168039,14.8160462804559,0.00105571778619367,0.00904289772683126,"Normal_higher"
"DRC3","Luminal_Epithelial","ER_Positive","Normal","ER_Positive vs Normal",2.10300635679731,3.35845306819422,15.7216891478157,0.00105774144330737,0.00905506322858741,"ER_Positive_higher"
"AXIN2","Luminal_Epithelial","ER_Positive","Normal","ER_Positive vs Normal",2.76530116732571,1.05235698955197,15.0290399665747,0.00105914950561068,0.00906194790803844,"ER_Positive_higher"
"RP11-444D3.1","Luminal_Epithelial","ER_Positive","Normal","ER_Positive vs Normal",6.28169541737674,-0.469233303075763,14.6246383866793,0.00106085844476219,0.00907139753877272,"ER_Positive_higher"
"FAM161B","Luminal_Epithelial","ER_Positive","Normal","ER_Positive vs Normal",2.13840663033477,2.55511577590687,15.6102323562736,0.00106333826146087,0.00908742442468297,"ER_Positive_higher"
"OVOL1","Luminal_Epithelial","ER_Positive","Normal","ER_Positive vs Normal",1.87463076401505,5.02294728487536,15.724387603482,0.00106538143625291,0.00909614356867159,"ER_Positive_higher"
"SPTBN4","Luminal_Epithelial","ER_Positive","Normal","ER_Positive vs Normal",2.57334801484604,0.434716295116885,14.6119272195027,0.00106602563683187,0.00909614356867159,"ER_Positive_higher"
"CTU1","Luminal_Epithelial","ER_Positive","Normal","ER_Positive vs Normal",-2.52608675477712,2.34376662152192,14.8072991105216,0.00106617688660581,0.00909614356867159,"Normal_higher"
"UCK2","Luminal_Epithelial","ER_Positive","Normal","ER_Positive vs Normal",-1.35896633804535,4.50411183298799,15.6892172913931,0.00106780213259585,0.00910483329765106,"Normal_higher"
"SRRD","Luminal_Epithelial","ER_Positive","Normal","ER_Positive vs Normal",-1.78082853370947,3.16282733325007,15.4204231410408,0.00107167158425452,0.00913089680004912,"Normal_higher"
"TMX4","Luminal_Epithelial","ER_Positive","Normal","ER_Positive vs Normal",1.58907939537136,5.0513970160907,15.7007643593283,0.00107207570878167,0.00913089680004912,"ER_Positive_higher"
"TTLL1","Luminal_Epithelial","ER_Positive","Normal","ER_Positive vs Normal",1.66277279965225,3.24885222759429,15.6526345631525,0.00107362366918857,0.00913725521015694,"ER_Positive_higher"
"TPPP3","Luminal_Epithelial","ER_Positive","Normal","ER_Positive vs Normal",3.26026308007008,3.77240404520561,15.6886245222312,0.00107403999405057,0.00913725521015694,"ER_Positive_higher"
"TXLNB","Luminal_Epithelial","ER_Positive","Normal","ER_Positive vs Normal",2.92894892737147,0.930931216962477,14.8808407300753,0.00107491010471986,0.00913947645412514,"ER_Positive_higher"
"NUP133","Luminal_Epithelial","ER_Positive","Normal","ER_Positive vs Normal",1.60075051644621,3.70784466978458,15.656459992314,0.00108011349607372,0.00917385054188956,"ER_Positive_higher"
"TRIM47","Luminal_Epithelial","ER_Positive","Normal","ER_Positive vs Normal",-1.79260944829594,5.42845117206346,15.6682566080437,0.00108017551192902,0.00917385054188956,"Normal_higher"
"PPOX","Luminal_Epithelial","ER_Positive","Normal","ER_Positive vs Normal",1.43911357856431,4.00101480042701,15.6608561858347,0.00108133643105341,0.00917851573575712,"ER_Positive_higher"
"CAPNS1","Luminal_Epithelial","ER_Positive","Normal","ER_Positive vs Normal",-1.44755637010235,6.05839641870927,15.6644709853024,0.00108233118300611,0.00918176600529834,"Normal_higher"
"CTPS1","Luminal_Epithelial","ER_Positive","Normal","ER_Positive vs Normal",-1.94767277723214,3.12515098385018,15.3068291238158,0.00108685930536944,0.00921497039303906,"Normal_higher"
"FOXA1","Luminal_Epithelial","ER_Positive","Normal","ER_Positive vs Normal",2.73483588434368,5.9378089344966,15.6345677615446,0.00109032963065183,0.00923917378158778,"ER_Positive_higher"
"TNFAIP2","Luminal_Epithelial","ER_Positive","Normal","ER_Positive vs Normal",-3.16338847005484,5.97669969343117,15.6208985254895,0.00109104047905384,0.00923997994873643,"Normal_higher"
"EP300-AS1","Luminal_Epithelial","ER_Positive","Normal","ER_Positive vs Normal",3.96078929986108,-1.14310164628726,13.9401092648366,0.00109375372219942,0.00925773384604999,"ER_Positive_higher"
"PSMB7","Luminal_Epithelial","ER_Positive","Normal","ER_Positive vs Normal",-2.04645743120537,7.7293462420717,15.601016827875,0.00109957504736698,0.00930176027950186,"Normal_higher"
"PLOD2","Luminal_Epithelial","ER_Positive","Normal","ER_Positive vs Normal",-2.79390275036286,4.80475749394486,15.519844710424,0.00110102208550673,0.00930875404912644,"Normal_higher"
"CAP1","Luminal_Epithelial","ER_Positive","Normal","ER_Positive vs Normal",-1.35490295668387,6.9622779966789,15.5940955288517,0.00110200369228124,0.00931180710026156,"Normal_higher"
"PARP9","Luminal_Epithelial","ER_Positive","Normal","ER_Positive vs Normal",1.94869783383724,4.69756542376028,15.5884723179645,0.00110533535996199,0.00933081774956891,"ER_Positive_higher"
"CHAC2","Luminal_Epithelial","ER_Positive","Normal","ER_Positive vs Normal",-2.06116931898993,1.81175833577505,14.5542257042462,0.00110549703196732,0.00933081774956891,"Normal_higher"
"SLC18B1","Luminal_Epithelial","ER_Positive","Normal","ER_Positive vs Normal",-2.79870376383155,3.37188519745034,15.0984037103037,0.00110672234324837,0.00933590905291075,"Normal_higher"
"ANXA5","Luminal_Epithelial","ER_Positive","Normal","ER_Positive vs Normal",-2.70635608016201,7.9887139361424,15.5729236209397,0.00110818021744033,0.00934295535007134,"Normal_higher"
"PTK6","Luminal_Epithelial","ER_Positive","Normal","ER_Positive vs Normal",3.07067465613532,3.6718270727567,15.5564775678618,0.00111185904429601,0.00936522290759064,"ER_Positive_higher"
"SERBP1","Luminal_Epithelial","ER_Positive","Normal","ER_Positive vs Normal",-1.2854693683367,7.74277232013193,15.557482744395,0.00111218461422955,0.00936522290759064,"Normal_higher"
"CCDC106","Luminal_Epithelial","ER_Positive","Normal","ER_Positive vs Normal",1.48394570560945,4.51291521171986,15.5606802779142,0.00111324749642414,0.00936522290759064,"ER_Positive_higher"
"LRBA","Luminal_Epithelial","ER_Positive","Normal","ER_Positive vs Normal",1.35626452781311,5.01819602066461,15.5605196923616,0.00111331762958231,0.00936522290759064,"ER_Positive_higher"
"RPF2","Luminal_Epithelial","ER_Positive","Normal","ER_Positive vs Normal",-1.70045334868619,5.64496257557637,15.5528870796217,0.00111522375640346,0.00937600163156679,"Normal_higher"
"CCDC151","Luminal_Epithelial","ER_Positive","Normal","ER_Positive vs Normal",4.21453330887939,2.44591745460827,15.3135293154258,0.00111686783277349,0.00938456638657991,"ER_Positive_higher"
"SLC26A5","Luminal_Epithelial","ER_Positive","Normal","ER_Positive vs Normal",3.8832948591482,-0.176932803292274,13.7397447399091,0.00111844687589587,0.00938987644784357,"ER_Positive_higher"
"RHBDF2","Luminal_Epithelial","ER_Positive","Normal","ER_Positive vs Normal",-1.59975649784551,3.48597430851149,15.3794403127501,0.0011187511886949,0.00938987644784357,"Normal_higher"
"ARPP19","Luminal_Epithelial","ER_Positive","Normal","ER_Positive vs Normal",-1.27595274780172,6.53590451558688,15.5098619641809,0.00112783504583989,0.00945933653904517,"Normal_higher"
"RAB1A","Luminal_Epithelial","ER_Positive","Normal","ER_Positive vs Normal",-1.49988646070597,7.21014860642685,15.5063534137275,0.00112828762610054,0.00945933653904517,"Normal_higher"
"ASB13","Luminal_Epithelial","ER_Positive","Normal","ER_Positive vs Normal",1.65411658069246,3.77852853824291,15.491812782369,0.00113008381396756,0.00946910541385328,"ER_Positive_higher"
"RP11-53O19.3","Luminal_Epithelial","ER_Positive","Normal","ER_Positive vs Normal",3.67175093569267,2.67839378041648,15.3830810041332,0.00113174986445124,0.0094777735579351,"ER_Positive_higher"
"ISG20","Luminal_Epithelial","ER_Positive","Normal","ER_Positive vs Normal",-1.9485195805073,6.77714357360197,15.4889347364012,0.00113436411284134,0.00949375952163051,"Normal_higher"
"AAK1","Luminal_Epithelial","ER_Positive","Normal","ER_Positive vs Normal",-1.408411743153,4.27357143028589,15.4486846252685,0.00113492400758347,0.00949375952163051,"Normal_higher"
"PHC2","Luminal_Epithelial","ER_Positive","Normal","ER_Positive vs Normal",-1.31394140924876,3.42226414376002,15.3370033175899,0.00113697514560424,0.00950561894712133,"Normal_higher"
"RP11-458F8.4","Luminal_Epithelial","ER_Positive","Normal","ER_Positive vs Normal",1.82064895333433,1.51359278153486,15.0384130457869,0.00113792409469908,0.00950825550620775,"ER_Positive_higher"
"ANKFN1","Luminal_Epithelial","ER_Positive","Normal","ER_Positive vs Normal",3.75777367428587,-0.649360351105116,13.5985500074152,0.00114235292885615,0.00953995014098178,"ER_Positive_higher"
"AMACR","Luminal_Epithelial","ER_Positive","Normal","ER_Positive vs Normal",3.18278450973599,1.32570950414288,14.8743011761061,0.0011456272218251,0.00955731268820389,"ER_Positive_higher"
"HNRNPD","Luminal_Epithelial","ER_Positive","Normal","ER_Positive vs Normal",-1.22854205571231,6.2733514371301,15.4528551568958,0.00114570570574257,0.00955731268820389,"Normal_higher"
"STOX1","Luminal_Epithelial","ER_Positive","Normal","ER_Positive vs Normal",2.7429170305747,1.49094777212829,14.997954856653,0.00114703225013752,0.00956289914102692,"ER_Positive_higher"
"NRARP","Luminal_Epithelial","ER_Positive","Normal","ER_Positive vs Normal",3.40845390836396,1.92189591244359,15.1331092368263,0.00114764985360095,0.00956289914102692,"ER_Positive_higher"
"RPL36AL","Luminal_Epithelial","ER_Positive","Normal","ER_Positive vs Normal",-1.3191410966859,9.32679306468054,15.4241470145063,0.00115259597969627,0.00959878350016753,"Normal_higher"
"GPR162","Luminal_Epithelial","ER_Positive","Normal","ER_Positive vs Normal",4.45387583086173,1.1404256359086,14.3877067989443,0.00115393786919249,0.0096046287315428,"ER_Positive_higher"
"VIM-AS1","Luminal_Epithelial","ER_Positive","Normal","ER_Positive vs Normal",-2.69357168963546,1.4162529640365,14.223417499637,0.00115601214377772,0.00961309500501232,"Normal_higher"
"CD47","Luminal_Epithelial","ER_Positive","Normal","ER_Positive vs Normal",-1.57003396989638,7.38308902170621,15.4156731699903,0.00115623618871508,0.00961309500501232,"Normal_higher"
"RP11-216L13.17","Luminal_Epithelial","ER_Positive","Normal","ER_Positive vs Normal",6.37576692412624,-0.384663120137383,14.3246858584642,0.00116542556224712,0.00968294513510704,"ER_Positive_higher"
"STARD10","Luminal_Epithelial","ER_Positive","Normal","ER_Positive vs Normal",2.67260177198582,7.85975256242701,15.3818066936402,0.00116592802419794,0.00968294513510704,"ER_Positive_higher"
"LINC00235","Luminal_Epithelial","ER_Positive","Normal","ER_Positive vs Normal",2.48829489854645,-0.922599226629619,13.7833916561511,0.00116746084645845,0.00969031245730195,"ER_Positive_higher"
"GCNT3","Luminal_Epithelial","ER_Positive","Normal","ER_Positive vs Normal",-3.4671384152316,-0.254245176523688,14.4057746876686,0.00116982303030089,0.00970455180526556,"Normal_higher"
"DHX38","Luminal_Epithelial","ER_Positive","Normal","ER_Positive vs Normal",-1.31574453398082,2.94199316729981,15.1061806336688,0.00117427087843843,0.00973606799598096,"Normal_higher"
"PLEK2","Luminal_Epithelial","ER_Positive","Normal","ER_Positive vs Normal",-1.85736717384565,2.85804391603816,14.9645935109057,0.00117526937808736,0.009738966072312,"Normal_higher"
"SLC35A3","Luminal_Epithelial","ER_Positive","Normal","ER_Positive vs Normal",1.47407771920405,5.25136819573167,15.356369342461,0.00117641847253848,0.00974310817736481,"ER_Positive_higher"
"RRAGB","Luminal_Epithelial","ER_Positive","Normal","ER_Positive vs Normal",1.13549311825908,3.38119448227643,15.3133424762828,0.00117809465421614,0.00974936694990067,"ER_Positive_higher"
"SYS1-DBNDD2","Luminal_Epithelial","ER_Positive","Normal","ER_Positive vs Normal",5.20325367007149,-0.540410842239671,13.7811795573999,0.00117862991504859,0.00974936694990067,"ER_Positive_higher"
"MAP4K2","Luminal_Epithelial","ER_Positive","Normal","ER_Positive vs Normal",1.54454723227128,2.37893055775607,15.1833559967797,0.00117912314347103,0.00974936694990067,"ER_Positive_higher"
"UBE2D3","Luminal_Epithelial","ER_Positive","Normal","ER_Positive vs Normal",-1.3643565511903,8.43252421307257,15.3364215318032,0.00118051527942382,0.00975202640046121,"Normal_higher"
"KCNC4","Luminal_Epithelial","ER_Positive","Normal","ER_Positive vs Normal",-2.4351666045926,1.95423569909089,14.2995089763616,0.00118114504598266,0.00975202640046121,"Normal_higher"
"CTD-2033D15.1","Luminal_Epithelial","ER_Positive","Normal","ER_Positive vs Normal",6.28274420467176,0.946602974383856,14.0216386335255,0.0011818016467811,0.00975202640046121,"ER_Positive_higher"
"ATG2B","Luminal_Epithelial","ER_Positive","Normal","ER_Positive vs Normal",1.6262999983338,2.68813051445695,15.2338979272375,0.00118204411424262,0.00975202640046121,"ER_Positive_higher"
"CYHR1","Luminal_Epithelial","ER_Positive","Normal","ER_Positive vs Normal",1.4135038326555,6.35871641394592,15.3266547387312,0.00118458125834834,0.00976746354270678,"ER_Positive_higher"
"PDZK1IP1","Luminal_Epithelial","ER_Positive","Normal","ER_Positive vs Normal",-3.40653374953358,7.76907874326563,15.3275268480364,0.00118521697283061,0.00976746354270678,"Normal_higher"
"GJA4","Luminal_Epithelial","ER_Positive","Normal","ER_Positive vs Normal",4.38948335984647,-0.233164321430468,13.4829413029331,0.00119290857233749,0.00982545496436261,"ER_Positive_higher"
"UBE2J2","Luminal_Epithelial","ER_Positive","Normal","ER_Positive vs Normal",-1.23894602927579,5.61246403395912,15.2931560105349,0.00119686434280285,0.00985262928822946,"Normal_higher"
"ATP6V1E1","Luminal_Epithelial","ER_Positive","Normal","ER_Positive vs Normal",-1.7340529209826,6.26703744170055,15.2886990335064,0.00119823811416324,0.00985853036142965,"Normal_higher"
"RP11-47I22.2","Luminal_Epithelial","ER_Positive","Normal","ER_Positive vs Normal",-3.28466782682314,0.744323965010278,14.3582947711068,0.00120005609262714,0.00986807768879755,"Normal_higher"
"CYB5R2","Luminal_Epithelial","ER_Positive","Normal","ER_Positive vs Normal",-2.64797440656744,4.21273321052951,15.1259943551785,0.00120214227979069,0.00987313289084597,"Normal_higher"
"FBXO4","Luminal_Epithelial","ER_Positive","Normal","ER_Positive vs Normal",1.50709187487181,4.01082285722177,15.2704661617803,0.00120216511237785,0.00987313289084597,"ER_Positive_higher"
"PART1","Luminal_Epithelial","ER_Positive","Normal","ER_Positive vs Normal",-3.04562104392919,2.29478711826921,14.1895337548269,0.00120264456083604,0.00987313289084597,"Normal_higher"
"LCP1","Luminal_Epithelial","ER_Positive","Normal","ER_Positive vs Normal",2.00017352477715,2.55278181146136,15.1470406612881,0.00120620539061724,0.00989637686380664,"ER_Positive_higher"
"LUZP1","Luminal_Epithelial","ER_Positive","Normal","ER_Positive vs Normal",-1.53183994225355,3.9710634222168,15.1899183104147,0.00120679480647472,0.00989637686380664,"Normal_higher"
"MON2","Luminal_Epithelial","ER_Positive","Normal","ER_Positive vs Normal",1.64330928812904,4.26373241241355,15.2546154494939,0.00120900962352347,0.00990912475162025,"ER_Positive_higher"
"DCXR","Luminal_Epithelial","ER_Positive","Normal","ER_Positive vs Normal",2.06242148874208,8.70645779256992,15.2459462610458,0.00120976962577874,0.00990994147055761,"ER_Positive_higher"
"TEAD4","Luminal_Epithelial","ER_Positive","Normal","ER_Positive vs Normal",-2.42029000514714,3.7901705536172,15.0161642770833,0.00121843166941058,0.0099754522983331,"Normal_higher"
"MRPL1","Luminal_Epithelial","ER_Positive","Normal","ER_Positive vs Normal",-1.72333483065979,4.9073444789106,15.207926414981,0.0012196650500713,0.00998010545606324,"Normal_higher"
"RP11-123B3.2","Luminal_Epithelial","ER_Positive","Normal","ER_Positive vs Normal",4.02301335881136,-0.959551467252526,13.501183326529,0.00123254009354797,0.0100745985470131,"ER_Positive_higher"
"NOS1AP","Luminal_Epithelial","ER_Positive","Normal","ER_Positive vs Normal",2.39594034342612,3.98582142581467,15.1834221691789,0.00123255566950863,0.0100745985470131,"ER_Positive_higher"
"ABCG1","Luminal_Epithelial","ER_Positive","Normal","ER_Positive vs Normal",3.30965485363539,3.45304438679829,15.1620957835107,0.00123435966349222,0.0100838516439999,"ER_Positive_higher"
"TNFAIP1","Luminal_Epithelial","ER_Positive","Normal","ER_Positive vs Normal",-1.19174342505355,4.53116119863763,15.155380541614,0.00123650475924345,0.0100929537116181,"Normal_higher"
"USP12","Luminal_Epithelial","ER_Positive","Normal","ER_Positive vs Normal",-1.48837052174641,3.6800617704242,15.0625691324774,0.00123709655710531,0.0100929537116181,"Normal_higher"
"ATAD3A","Luminal_Epithelial","ER_Positive","Normal","ER_Positive vs Normal",-2.17670460750886,3.97091284341465,15.0388138669408,0.00123749149259528,0.0100929537116181,"Normal_higher"
"DDHD1","Luminal_Epithelial","ER_Positive","Normal","ER_Positive vs Normal",1.24577205222178,2.60295752715115,15.0397529569196,0.00123863407426644,0.0100967851996287,"ER_Positive_higher"
"PTOV1-AS1","Luminal_Epithelial","ER_Positive","Normal","ER_Positive vs Normal",1.80798563107004,0.881095111626361,14.405305801609,0.00123934964737713,0.0100971336363673,"ER_Positive_higher"
"PPP1R8","Luminal_Epithelial","ER_Positive","Normal","ER_Positive vs Normal",-1.5099663387794,4.23829846132667,15.1110643998626,0.00124203409815656,0.0101078803452519,"Normal_higher"
"DBNDD2","Luminal_Epithelial","ER_Positive","Normal","ER_Positive vs Normal",7.01699592080892,5.61040628490209,15.099027740254,0.00124218629202162,0.0101078803452519,"ER_Positive_higher"
"NMNAT3","Luminal_Epithelial","ER_Positive","Normal","ER_Positive vs Normal",2.22783978035087,2.97416356890283,15.098513453641,0.00124288746425786,0.0101078803452519,"ER_Positive_higher"
"CTC-236F12.4","Luminal_Epithelial","ER_Positive","Normal","ER_Positive vs Normal",3.92145491916802,-0.461531267824764,13.342698349646,0.00124350329130323,0.0101078803452519,"ER_Positive_higher"
"ADGRE5","Luminal_Epithelial","ER_Positive","Normal","ER_Positive vs Normal",-1.79957718253267,2.37261071057813,14.552252679901,0.00124408491397704,0.0101078803452519,"Normal_higher"
"RPS29","Luminal_Epithelial","ER_Positive","Normal","ER_Positive vs Normal",-2.54175506499276,10.6961273752068,15.1415190790142,0.00124470999387123,0.0101078803452519,"Normal_higher"
"CMTM7","Luminal_Epithelial","ER_Positive","Normal","ER_Positive vs Normal",-3.24541909317956,5.86623555767997,15.1260135421539,0.00124600225309839,0.0101129020077056,"Normal_higher"
"STOML1","Luminal_Epithelial","ER_Positive","Normal","ER_Positive vs Normal",-1.55594068036584,3.14803729525545,14.8987896921115,0.00125129255392332,0.01014766066229,"Normal_higher"
"PHLDB1","Luminal_Epithelial","ER_Positive","Normal","ER_Positive vs Normal",1.68943673059203,2.43860643370046,14.9845975147281,0.00125163722835335,0.01014766066229,"ER_Positive_higher"
"MUL1","Luminal_Epithelial","ER_Positive","Normal","ER_Positive vs Normal",-1.42785523008393,3.86704389985237,15.0479554746649,0.00125264048356343,0.0101503108730218,"Normal_higher"
"BPIFB2","Luminal_Epithelial","ER_Positive","Normal","ER_Positive vs Normal",6.38882353420738,2.99250468249664,14.4612008555352,0.00125397247587682,0.0101556205857978,"ER_Positive_higher"
"SAMD10","Luminal_Epithelial","ER_Positive","Normal","ER_Positive vs Normal",1.44526605687511,2.65337440193023,15.0045743882635,0.00125607513705871,0.0101671626655016,"ER_Positive_higher"
"UBALD2","Luminal_Epithelial","ER_Positive","Normal","ER_Positive vs Normal",-1.74954530191776,4.26210297403361,15.0373139480778,0.00126426743834797,0.0102259837624941,"Normal_higher"
"RALGAPA1","Luminal_Epithelial","ER_Positive","Normal","ER_Positive vs Normal",1.26235656083414,4.6675234606735,15.0894517065293,0.00126562408147731,0.0102259837624941,"ER_Positive_higher"
"RARA","Luminal_Epithelial","ER_Positive","Normal","ER_Positive vs Normal",1.91254104510081,5.45825833944807,15.0876795885393,0.00126576177158404,0.0102259837624941,"ER_Positive_higher"
"BZRAP1-AS1","Luminal_Epithelial","ER_Positive","Normal","ER_Positive vs Normal",1.88651251959505,0.0983983574081814,13.919773608452,0.00126606769045873,0.0102259837624941,"ER_Positive_higher"
"FBXL16","Luminal_Epithelial","ER_Positive","Normal","ER_Positive vs Normal",2.45843635477846,3.01739662587431,15.0331828787627,0.00126778319440716,0.0102343315752922,"ER_Positive_higher"
"CA3","Luminal_Epithelial","ER_Positive","Normal","ER_Positive vs Normal",-3.4625921918161,0.991962739118792,14.1227627687559,0.00127155747312964,0.010259281182396,"Normal_higher"
"SLC11A2","Luminal_Epithelial","ER_Positive","Normal","ER_Positive vs Normal",-1.70462714057591,4.89015931069089,15.0381682112772,0.00127784449922854,0.0103005549936014,"Normal_higher"
"GUSB","Luminal_Epithelial","ER_Positive","Normal","ER_Positive vs Normal",1.76219540242614,5.41729257955557,15.0528062585763,0.00127804580516331,0.0103005549936014,"ER_Positive_higher"
"DCAF8","Luminal_Epithelial","ER_Positive","Normal","ER_Positive vs Normal",1.25260746148066,5.13270144637083,15.0428547845611,0.00128182147737096,0.0103254401024723,"ER_Positive_higher"
"DPH1","Luminal_Epithelial","ER_Positive","Normal","ER_Positive vs Normal",3.84521924222097,3.33631620500342,15.0031750345334,0.00128464014170371,0.0103425936730406,"ER_Positive_higher"
"C1orf101","Luminal_Epithelial","ER_Positive","Normal","ER_Positive vs Normal",2.5573814959354,0.308609238343065,13.9106778408466,0.00128901029729564,0.0103680684038605,"ER_Positive_higher"
"HACE1","Luminal_Epithelial","ER_Positive","Normal","ER_Positive vs Normal",1.73550913026288,1.54851968537498,14.6091141080139,0.00128918608926526,0.0103680684038605,"ER_Positive_higher"
"RP11-6F2.5","Luminal_Epithelial","ER_Positive","Normal","ER_Positive vs Normal",-3.12967579505372,-0.389912596129857,14.1128623906818,0.0012923912284172,0.0103882780743744,"Normal_higher"
"FCER1G","Luminal_Epithelial","ER_Positive","Normal","ER_Positive vs Normal",4.1652452609531,0.910222054236932,13.9524391796645,0.00129465560036385,0.0103960245385646,"ER_Positive_higher"
"TRAF3","Luminal_Epithelial","ER_Positive","Normal","ER_Positive vs Normal",-1.45617149366552,3.16577955815748,14.7967451778836,0.00129474044529734,0.0103960245385646,"Normal_higher"
"ADGRF4","Luminal_Epithelial","ER_Positive","Normal","ER_Positive vs Normal",-3.38931808488172,0.159792644758715,14.1561787964243,0.00129815428309064,0.0104178616718403,"Normal_higher"
"APBB3","Luminal_Epithelial","ER_Positive","Normal","ER_Positive vs Normal",1.55707201700125,2.83559524742226,14.9056184132483,0.0013012861156398,0.0104325648459627,"ER_Positive_higher"
"OAZ2","Luminal_Epithelial","ER_Positive","Normal","ER_Positive vs Normal",-1.24907627254027,5.59022602652271,14.9874219538798,0.00130137678361046,0.0104325648459627,"Normal_higher"
"GAA","Luminal_Epithelial","ER_Positive","Normal","ER_Positive vs Normal",1.45925445782607,5.16275365047315,14.982880861584,0.00130315390399837,0.0104412336557947,"ER_Positive_higher"
"BMPR1B-AS1","Luminal_Epithelial","ER_Positive","Normal","ER_Positive vs Normal",8.8116793340532,1.97467130351444,14.9582463651639,0.00130831573314831,0.0104769979761776,"ER_Positive_higher"
"PINK1","Luminal_Epithelial","ER_Positive","Normal","ER_Positive vs Normal",-1.60070292558653,3.89294657623291,14.871040057877,0.00131253274449841,0.010504560970027,"Normal_higher"
"COPZ1","Luminal_Epithelial","ER_Positive","Normal","ER_Positive vs Normal",-1.18226536426315,7.45393003212985,14.9481893162054,0.00131374523844552,0.010504560970027,"Normal_higher"
"ZGPAT","Luminal_Epithelial","ER_Positive","Normal","ER_Positive vs Normal",5.39949111335018,3.2558542129521,14.7588063273173,0.00131385759583798,0.010504560970027,"ER_Positive_higher"
"MSI2","Luminal_Epithelial","ER_Positive","Normal","ER_Positive vs Normal",1.81341590517572,5.84351634952686,14.9451919110941,0.00131591732450697,0.0105153437013502,"ER_Positive_higher"
"TMEM50B","Luminal_Epithelial","ER_Positive","Normal","ER_Positive vs Normal",1.55121756290767,6.13715094758037,14.9418739781847,0.001316607637425,0.0105153437013502,"ER_Positive_higher"
"ABHD1","Luminal_Epithelial","ER_Positive","Normal","ER_Positive vs Normal",2.58874151538953,0.995210267863955,14.2460551735183,0.00132284396102994,0.0105549023800295,"ER_Positive_higher"
"GJB5","Luminal_Epithelial","ER_Positive","Normal","ER_Positive vs Normal",-3.61546429017509,0.991321309599485,14.0247664791887,0.00132296737368132,0.0105549023800295,"Normal_higher"
"PPM1F","Luminal_Epithelial","ER_Positive","Normal","ER_Positive vs Normal",-1.44791604206877,2.09092143220456,14.2989283674045,0.00132705106484553,0.0105789134530306,"Normal_higher"
"PDLIM4","Luminal_Epithelial","ER_Positive","Normal","ER_Positive vs Normal",-2.88529379277717,6.24186986445965,14.913043333351,0.00132738682162035,0.0105789134530306,"Normal_higher"
"GID4","Luminal_Epithelial","ER_Positive","Normal","ER_Positive vs Normal",-1.44381199696939,2.83947124967827,14.6121756155248,0.00133001164838651,0.0105942063733208,"Normal_higher"
"DNAJC5","Luminal_Epithelial","ER_Positive","Normal","ER_Positive vs Normal",-1.27785259296412,4.17182776500667,14.8614421213091,0.0013327810648093,0.0106106341854605,"Normal_higher"
"ADHFE1","Luminal_Epithelial","ER_Positive","Normal","ER_Positive vs Normal",2.1592826104688,1.62029456469245,14.5331974471078,0.00133543559001785,0.0106197934390937,"ER_Positive_higher"
"LPCAT2","Luminal_Epithelial","ER_Positive","Normal","ER_Positive vs Normal",-2.53205457781386,1.85130023674259,13.8495020983669,0.0013356572034442,0.0106197934390937,"Normal_higher"
"MVB12B","Luminal_Epithelial","ER_Positive","Normal","ER_Positive vs Normal",2.31591739190124,0.73495134652188,14.0756204162099,0.00133608430878686,0.0106197934390937,"ER_Positive_higher"
"KDM4B","Luminal_Epithelial","ER_Positive","Normal","ER_Positive vs Normal",1.82507391757709,5.0792730551584,14.8908291581167,0.00133676216475299,0.0106197934390937,"ER_Positive_higher"
"FUZ","Luminal_Epithelial","ER_Positive","Normal","ER_Positive vs Normal",1.7286118171299,4.47415978323303,14.8845938555063,0.00133909286086723,0.0106209867836084,"ER_Positive_higher"
"UGP2","Luminal_Epithelial","ER_Positive","Normal","ER_Positive vs Normal",-1.50718945345858,6.26288194377753,14.8789880279923,0.00134066611984903,0.0106209867836084,"Normal_higher"
"SRCIN1","Luminal_Epithelial","ER_Positive","Normal","ER_Positive vs Normal",2.51572773429337,2.18535766017448,14.6960878107912,0.00134115520216867,0.0106209867836084,"ER_Positive_higher"
"CTC-367J11.1","Luminal_Epithelial","ER_Positive","Normal","ER_Positive vs Normal",4.16417147745519,1.4169156047667,14.1999887714212,0.00134189770845917,0.0106209867836084,"ER_Positive_higher"
"GNG10","Luminal_Epithelial","ER_Positive","Normal","ER_Positive vs Normal",4.20447533530867,5.02875520693374,14.8816479426706,0.00134211062730215,0.0106209867836084,"ER_Positive_higher"
"AK2","Luminal_Epithelial","ER_Positive","Normal","ER_Positive vs Normal",-1.19398791498155,6.99443917793809,14.8712145725021,0.00134240889336261,0.0106209867836084,"Normal_higher"
"DAPK3","Luminal_Epithelial","ER_Positive","Normal","ER_Positive vs Normal",-1.37094929281912,5.44540835245232,14.8712863477012,0.00134348499291658,0.0106209867836084,"Normal_higher"
"LINC01136","Luminal_Epithelial","ER_Positive","Normal","ER_Positive vs Normal",3.28080049518911,0.460601068291337,13.7560232334107,0.00134405223350255,0.0106209867836084,"ER_Positive_higher"
"SNRPD1","Luminal_Epithelial","ER_Positive","Normal","ER_Positive vs Normal",-1.47839996284643,7.59121932540966,14.8653605603188,0.00134416133345249,0.0106209867836084,"Normal_higher"
"RAB17","Luminal_Epithelial","ER_Positive","Normal","ER_Positive vs Normal",1.13085864736975,4.85197820148325,14.8703329670598,0.00134436290959091,0.0106209867836084,"ER_Positive_higher"
"ANKRD42","Luminal_Epithelial","ER_Positive","Normal","ER_Positive vs Normal",1.62015515464226,3.70277438639712,14.854181393213,0.00134469746710575,0.0106209867836084,"ER_Positive_higher"
"RMI1","Luminal_Epithelial","ER_Positive","Normal","ER_Positive vs Normal",1.60317260009127,2.65635315625792,14.7582798498113,0.00134696976083301,0.0106272665298715,"ER_Positive_higher"
"RP11-396C23.2","Luminal_Epithelial","ER_Positive","Normal","ER_Positive vs Normal",3.25287608173339,1.96341568734248,14.5923138057578,0.00134799866820109,0.0106272665298715,"ER_Positive_higher"
"EGFL7","Luminal_Epithelial","ER_Positive","Normal","ER_Positive vs Normal",3.57764675337648,4.87364774447256,14.8649907942047,0.00134807069174827,0.0106272665298715,"ER_Positive_higher"
"CACNG4","Luminal_Epithelial","ER_Positive","Normal","ER_Positive vs Normal",2.53857190288879,2.95175420410007,14.803888636324,0.00134865407828644,0.0106272665298715,"ER_Positive_higher"
"GUCY1B3","Luminal_Epithelial","ER_Positive","Normal","ER_Positive vs Normal",-2.98611855042633,1.42906358860732,13.7518276936035,0.00134919815688925,0.0106272665298715,"Normal_higher"
"SLC34A2","Luminal_Epithelial","ER_Positive","Normal","ER_Positive vs Normal",-4.67453287207962,4.33276384581268,14.135373166055,0.00134974145438363,0.0106272665298715,"Normal_higher"
"DCAKD","Luminal_Epithelial","ER_Positive","Normal","ER_Positive vs Normal",1.63384547933361,3.993937869587,14.8456564669758,0.00135112441905788,0.0106325769044581,"ER_Positive_higher"
"ZNF704","Luminal_Epithelial","ER_Positive","Normal","ER_Positive vs Normal",2.10998822820909,3.36696658192097,14.8239407567504,0.00135206677731539,0.0106344162092097,"ER_Positive_higher"
"EDDM3B","Luminal_Epithelial","ER_Positive","Normal","ER_Positive vs Normal",4.08305690665081,-0.931438014679314,13.2078785119066,0.00135431853359436,0.0106436416015649,"ER_Positive_higher"
"STMN3","Luminal_Epithelial","ER_Positive","Normal","ER_Positive vs Normal",2.23737737743553,3.8912679156002,14.8370471466971,0.00135465819011055,0.0106436416015649,"ER_Positive_higher"
"A1BG","Luminal_Epithelial","ER_Positive","Normal","ER_Positive vs Normal",2.20951613092965,6.25932257750863,14.8263407539087,0.00135925606693427,0.0106741788573954,"ER_Positive_higher"
"CRTAC1","Luminal_Epithelial","ER_Positive","Normal","ER_Positive vs Normal",-3.8259798439482,-0.335597955854952,13.7142202737644,0.00136675890633041,0.010727484784153,"Normal_higher"
"RNF113A","Luminal_Epithelial","ER_Positive","Normal","ER_Positive vs Normal",-1.18333048511506,4.33642529882968,14.7767948936476,0.00136962607948147,0.0107443693543013,"Normal_higher"
"ABCA2","Luminal_Epithelial","ER_Positive","Normal","ER_Positive vs Normal",2.53985543570783,2.30125622903427,14.6429367237186,0.0013709441516837,0.0107490903261845,"ER_Positive_higher"
"ECHDC3","Luminal_Epithelial","ER_Positive","Normal","ER_Positive vs Normal",-1.50808297169366,3.63934601145945,14.6699609338339,0.00137755606001657,0.0107952917977382,"Normal_higher"
"EEF2K","Luminal_Epithelial","ER_Positive","Normal","ER_Positive vs Normal",1.71509639798544,3.59563206256227,14.7574495618629,0.00137988043929531,0.0108078631276121,"ER_Positive_higher"
"CEACAM19","Luminal_Epithelial","ER_Positive","Normal","ER_Positive vs Normal",-2.47604713628688,1.20423286606752,13.6609005023375,0.00138160057137931,0.0108116553424557,"Normal_higher"
"CTD-2562J15.6","Luminal_Epithelial","ER_Positive","Normal","ER_Positive vs Normal",3.32237801886453,0.392519252879709,13.5928957989315,0.00138180548722796,0.0108116553424557,"ER_Positive_higher"
"RPS6KA6","Luminal_Epithelial","ER_Positive","Normal","ER_Positive vs Normal",1.93255287726133,1.29702409336633,14.260057484847,0.00138647631698366,0.0108425482485533,"ER_Positive_higher"
"SPTLC3","Luminal_Epithelial","ER_Positive","Normal","ER_Positive vs Normal",2.29237478720548,1.74468307153998,14.4447276756689,0.00138802855143843,0.0108471508698136,"ER_Positive_higher"
"NPAS2","Luminal_Epithelial","ER_Positive","Normal","ER_Positive vs Normal",-2.29808644962634,2.56223255968972,14.1282721775537,0.00138851048316865,0.0108471508698136,"Normal_higher"
"VSTM4","Luminal_Epithelial","ER_Positive","Normal","ER_Positive vs Normal",3.92782647529218,-0.204303970897474,13.0711054653543,0.00138986141930588,0.010850338186842,"ER_Positive_higher"
"AGBL2","Luminal_Epithelial","ER_Positive","Normal","ER_Positive vs Normal",2.89998237735208,0.376588572998846,13.6573181193636,0.00139036451877771,0.010850338186842,"ER_Positive_higher"
"NGRN","Luminal_Epithelial","ER_Positive","Normal","ER_Positive vs Normal",3.16732493460001,5.79112598419465,14.7438611726571,0.00139171195283525,0.0108552085635128,"ER_Positive_higher"
"SEMA3C","Luminal_Epithelial","ER_Positive","Normal","ER_Positive vs Normal",2.59278876516256,6.12255840458468,14.7328004069294,0.0013951027156316,0.0108760033524589,"ER_Positive_higher"
"CHRD","Luminal_Epithelial","ER_Positive","Normal","ER_Positive vs Normal",4.92880737820291,2.21595151433211,14.275817112851,0.00139631960382751,0.0108798381592105,"ER_Positive_higher"
"RAMP1","Luminal_Epithelial","ER_Positive","Normal","ER_Positive vs Normal",5.50943993857627,6.23606226136177,14.7318767335446,0.00139743485674797,0.0108828774754628,"ER_Positive_higher"
"RGS16","Luminal_Epithelial","ER_Positive","Normal","ER_Positive vs Normal",3.15645916998873,4.80378424482382,14.7233973869703,0.00140158563643379,0.0108991995732576,"ER_Positive_higher"
"NDUFAF4","Luminal_Epithelial","ER_Positive","Normal","ER_Positive vs Normal",-1.39020590527684,5.11991953247209,14.7125834922014,0.00140237796680866,0.0108991995732576,"Normal_higher"
"CD3D","Luminal_Epithelial","ER_Positive","Normal","ER_Positive vs Normal",7.06593441417101,0.913013719238175,13.8322273200404,0.00140282954333753,0.0108991995732576,"ER_Positive_higher"
"C9orf47","Luminal_Epithelial","ER_Positive","Normal","ER_Positive vs Normal",3.62237684695348,1.08514475146223,13.9759810891396,0.00140291473620498,0.0108991995732576,"ER_Positive_higher"
"TMEM210","Luminal_Epithelial","ER_Positive","Normal","ER_Positive vs Normal",3.6518800002923,-0.391998984438033,13.0345624666292,0.00140316209605741,0.0108991995732576,"ER_Positive_higher"
"AKR1D1","Luminal_Epithelial","ER_Positive","Normal","ER_Positive vs Normal",4.44642972740895,-1.35638651672364,13.433957093234,0.00140409603528366,0.0109008117959141,"ER_Positive_higher"
"FAM69B","Luminal_Epithelial","ER_Positive","Normal","ER_Positive vs Normal",3.49555926811982,-0.225209169634587,13.1270056728807,0.00140518534751292,0.0109036279783487,"ER_Positive_higher"
"CLP1","Luminal_Epithelial","ER_Positive","Normal","ER_Positive vs Normal",-1.61435513732104,2.97237525940679,14.4249768998247,0.00140769658198212,0.010917469046928,"Normal_higher"
"MATR3.1","Luminal_Epithelial","ER_Positive","Normal","ER_Positive vs Normal",3.61543880430099,3.73099891034977,14.6747418465055,0.00141664446353343,0.0109811898059123,"ER_Positive_higher"
"KIF16B","Luminal_Epithelial","ER_Positive","Normal","ER_Positive vs Normal",1.75615859568259,4.90624465124339,14.675959231927,0.00141899857821484,0.0109937592479453,"ER_Positive_higher"
"ABCA1","Luminal_Epithelial","ER_Positive","Normal","ER_Positive vs Normal",3.09844110068901,2.1727613345706,14.4823585072284,0.00141982006486335,0.0109944477365347,"ER_Positive_higher"
"KIAA1211","Luminal_Epithelial","ER_Positive","Normal","ER_Positive vs Normal",5.8168309023238,-0.783696607606131,13.6747307626115,0.00142427873859477,0.0110232857298049,"ER_Positive_higher"
"ATP8A2","Luminal_Epithelial","ER_Positive","Normal","ER_Positive vs Normal",4.43347130114424,1.50355502963428,13.9679635443065,0.00142587809816845,0.0110299755769144,"ER_Positive_higher"
"IMPA2","Luminal_Epithelial","ER_Positive","Normal","ER_Positive vs Normal",-2.16085604641705,3.53541525960481,14.4342015820953,0.00143024038038884,0.0110529622190516,"Normal_higher"
"KIF24","Luminal_Epithelial","ER_Positive","Normal","ER_Positive vs Normal",3.2730671047111,-0.217097140542135,13.136272397296,0.00143032269137058,0.0110529622190516,"ER_Positive_higher"
"MGLL","Luminal_Epithelial","ER_Positive","Normal","ER_Positive vs Normal",-2.21976011620934,6.08368468770161,14.6330475312987,0.00143552634713408,0.0110874646893675,"Normal_higher"
"TRIM37","Luminal_Epithelial","ER_Positive","Normal","ER_Positive vs Normal",1.79209766665637,3.94431383653785,14.6222575449885,0.00143755822348457,0.0110974466357165,"ER_Positive_higher"
"ZNF552","Luminal_Epithelial","ER_Positive","Normal","ER_Positive vs Normal",2.5850777333147,5.5394875475182,14.6242194688581,0.00143889685488825,0.0111020694608268,"ER_Positive_higher"
"ITGB1","Luminal_Epithelial","ER_Positive","Normal","ER_Positive vs Normal",-1.14981862599182,6.67990268642544,14.6118221639199,0.0014431914697029,0.0111247306718577,"Normal_higher"
"MTRNR2L1","Luminal_Epithelial","ER_Positive","Normal","ER_Positive vs Normal",3.8862583182162,3.06201818280465,14.5552646017819,0.00144331649351016,0.0111247306718577,"ER_Positive_higher"
"SSPO","Luminal_Epithelial","ER_Positive","Normal","ER_Positive vs Normal",3.38573937270461,-0.431874855135694,12.9949521838663,0.0014451045240189,0.0111327944517206,"ER_Positive_higher"
"SYNGAP1","Luminal_Epithelial","ER_Positive","Normal","ER_Positive vs Normal",1.73017416300528,2.22696295309359,14.4239162840779,0.00144733790693617,0.0111442791017912,"ER_Positive_higher"
"KIAA1143","Luminal_Epithelial","ER_Positive","Normal","ER_Positive vs Normal",-1.21792229135766,4.73882574498976,14.5835955937416,0.00145118773904011,0.0111643049154605,"Normal_higher"
"C1S","Luminal_Epithelial","ER_Positive","Normal","ER_Positive vs Normal",-4.34632871267199,3.93071960840127,13.8220880339307,0.00145210635504778,0.0111643049154605,"Normal_higher"
"RP11-423H2.3","Luminal_Epithelial","ER_Positive","Normal","ER_Positive vs Normal",3.33079408048492,2.43079127775606,14.4539513554411,0.00145217053341633,0.0111643049154605,"ER_Positive_higher"
"PTPRS","Luminal_Epithelial","ER_Positive","Normal","ER_Positive vs Normal",1.98462630267749,2.71897955383851,14.5015150371806,0.00145442332946344,0.0111758990810332,"ER_Positive_higher"
"CCDC30","Luminal_Epithelial","ER_Positive","Normal","ER_Positive vs Normal",1.64053492729103,2.63090877112516,14.4785997021353,0.00145600339278706,0.0111794338373116,"ER_Positive_higher"
"CYP21A2","Luminal_Epithelial","ER_Positive","Normal","ER_Positive vs Normal",3.27111436086238,0.294588981172805,13.3910732242718,0.00145637323595284,0.0111794338373116,"ER_Positive_higher"
"PPIE","Luminal_Epithelial","ER_Positive","Normal","ER_Positive vs Normal",-1.31612387143557,5.50851121270654,14.5793137133734,0.00145726246153965,0.0111805407772626,"Normal_higher"
"TRIM34","Luminal_Epithelial","ER_Positive","Normal","ER_Positive vs Normal",4.25627661296132,-0.702631088317206,12.9623450722187,0.00145843317226545,0.0111818100116324,"ER_Positive_higher"
"ZCCHC9","Luminal_Epithelial","ER_Positive","Normal","ER_Positive vs Normal",-1.36963370039746,4.24234262637071,14.5387260981819,0.00145891810506939,0.0111818100116324,"Normal_higher"
"NIPAL3","Luminal_Epithelial","ER_Positive","Normal","ER_Positive vs Normal",-1.32945488777553,3.58271362726111,14.4451954513104,0.00147022480800116,0.0112627175567501,"Normal_higher"
"TMEM217","Luminal_Epithelial","ER_Positive","Normal","ER_Positive vs Normal",-1.96538457628407,0.818589737006903,13.4740818867555,0.00147106435198617,0.0112633993521716,"Normal_higher"
"SCP2","Luminal_Epithelial","ER_Positive","Normal","ER_Positive vs Normal",1.51662382040746,7.2752116648856,14.5324304537463,0.00147415684057257,0.0112778953501229,"ER_Positive_higher"
"PECAM1","Luminal_Epithelial","ER_Positive","Normal","ER_Positive vs Normal",3.46093557916823,0.624000811252829,13.5243584186501,0.00147469700341563,0.0112778953501229,"ER_Positive_higher"
"SHMT2","Luminal_Epithelial","ER_Positive","Normal","ER_Positive vs Normal",-1.39389122210858,5.28498650961836,14.5334345244764,0.00147521213915448,0.0112778953501229,"Normal_higher"
"CMIP","Luminal_Epithelial","ER_Positive","Normal","ER_Positive vs Normal",-1.41887943390254,3.80885683976865,14.4523356475275,0.0014769761822303,0.0112814540996509,"Normal_higher"
"MYOM2","Luminal_Epithelial","ER_Positive","Normal","ER_Positive vs Normal",-2.72005305201769,0.78353402663813,13.5650403186315,0.00147718113585753,0.0112814540996509,"Normal_higher"
"RP4-594I10.3","Luminal_Epithelial","ER_Positive","Normal","ER_Positive vs Normal",-2.62333742319296,1.00344664136478,13.4901301439933,0.00148122428550913,0.011302879535649,"Normal_higher"
"TYRO3","Luminal_Epithelial","ER_Positive","Normal","ER_Positive vs Normal",-2.0348259941468,0.834634430396858,13.4575880558606,0.00148149290641844,0.011302879535649,"Normal_higher"
"PRODH","Luminal_Epithelial","ER_Positive","Normal","ER_Positive vs Normal",5.18778445735395,0.00114825812369198,12.9875191793078,0.00148472274522883,0.0113217653646591,"ER_Positive_higher"
"PAWR","Luminal_Epithelial","ER_Positive","Normal","ER_Positive vs Normal",-1.83530856059721,5.80748316097714,14.5080957990695,0.0014866087223082,0.0113303895864292,"Normal_higher"
"TAP2","Luminal_Epithelial","ER_Positive","Normal","ER_Positive vs Normal",-2.56061839009227,3.73068343729525,14.2620958573088,0.00149026855835889,0.011351274213959,"Normal_higher"
"HS6ST3","Luminal_Epithelial","ER_Positive","Normal","ER_Positive vs Normal",2.77878740198601,0.53602886784867,13.5679744842289,0.00149086169625596,0.011351274213959,"ER_Positive_higher"
"GSTM2","Luminal_Epithelial","ER_Positive","Normal","ER_Positive vs Normal",4.85626002968517,2.46172433661202,14.1790069729498,0.00149337729386672,0.0113646617895831,"ER_Positive_higher"
"RP11-61J19.5","Luminal_Epithelial","ER_Positive","Normal","ER_Positive vs Normal",1.56330397248307,3.73872273384905,14.4768098117281,0.00149427569457834,0.0113657350980929,"ER_Positive_higher"
"CDHR3","Luminal_Epithelial","ER_Positive","Normal","ER_Positive vs Normal",3.3878748293306,2.2019665187079,14.2853289945321,0.00149905979428194,0.0113947171814743,"ER_Positive_higher"
"TREX1","Luminal_Epithelial","ER_Positive","Normal","ER_Positive vs Normal",6.22139243471176,-0.441719948199576,13.4871025669591,0.00149960461340785,0.0113947171814743,"ER_Positive_higher"
"DST","Luminal_Epithelial","ER_Positive","Normal","ER_Positive vs Normal",-2.37832584828444,5.31710768378727,14.452467999796,0.00150379418592264,0.0114207689008811,"Normal_higher"
"TPSB2","Luminal_Epithelial","ER_Positive","Normal","ER_Positive vs Normal",6.33245601977341,1.67636220564588,13.307545451348,0.00150613194795501,0.011428043903048,"ER_Positive_higher"
"ZNF318","Luminal_Epithelial","ER_Positive","Normal","ER_Positive vs Normal",1.54908625334918,2.04843550396246,14.2357313151534,0.00150639247953355,0.011428043903048,"ER_Positive_higher"
"DNAJB1","Luminal_Epithelial","ER_Positive","Normal","ER_Positive vs Normal",3.07799717672307,9.53353345351421,14.4521179257995,0.00150703664184261,0.011428043903048,"ER_Positive_higher"
"CDYL","Luminal_Epithelial","ER_Positive","Normal","ER_Positive vs Normal",-1.28318979896897,3.30237159203866,14.3020220842466,0.00151206128453129,0.0114603554025056,"Normal_higher"
"FLNA","Luminal_Epithelial","ER_Positive","Normal","ER_Positive vs Normal",-1.97597872484695,5.47401413066753,14.4361472894502,0.00151506548360731,0.0114773284767768,"Normal_higher"
"CTC-308K20.1","Luminal_Epithelial","ER_Positive","Normal","ER_Positive vs Normal",-1.80012879939333,0.441062851749695,13.4319311166867,0.00151670182215093,0.0114799659827906,"Normal_higher"
"ZNF410","Luminal_Epithelial","ER_Positive","Normal","ER_Positive vs Normal",2.910790532752,2.68366822117549,14.3522311847633,0.00151713595654849,0.0114799659827906,"ER_Positive_higher"
"HAGHL","Luminal_Epithelial","ER_Positive","Normal","ER_Positive vs Normal",2.00133515155937,5.25006694356283,14.4329976250284,0.00151836784088002,0.0114799659827906,"ER_Positive_higher"
"ITGB8","Luminal_Epithelial","ER_Positive","Normal","ER_Positive vs Normal",-2.7771026599602,4.32279863140611,14.3000350921717,0.00151847354406872,0.0114799659827906,"Normal_higher"
"IGFBP4","Luminal_Epithelial","ER_Positive","Normal","ER_Positive vs Normal",2.83846984284371,7.24418579211299,14.4247773600666,0.00151929525344648,0.0114803946971155,"ER_Positive_higher"
"RP1-269M15.3","Luminal_Epithelial","ER_Positive","Normal","ER_Positive vs Normal",6.9858690084413,0.905239370615238,13.5353395966218,0.0015247199756472,0.0115155876570395,"ER_Positive_higher"
"LLPH","Luminal_Epithelial","ER_Positive","Normal","ER_Positive vs Normal",-1.93054195387478,5.51710480929726,14.4062020202614,0.00152832254247609,0.0115369901382991,"Normal_higher"
"DDX18","Luminal_Epithelial","ER_Positive","Normal","ER_Positive vs Normal",-1.40063749979857,6.60785255603137,14.4046739984228,0.00152963772628063,0.0115373293329351,"Normal_higher"
"UFD1L","Luminal_Epithelial","ER_Positive","Normal","ER_Positive vs Normal",-1.45487320477016,6.16212978873382,14.4025201192796,0.00153113998162046,0.0115373293329351,"Normal_higher"
"RILP","Luminal_Epithelial","ER_Positive","Normal","ER_Positive vs Normal",-1.83001674456351,2.53773151081067,13.9242080907097,0.00153141837769346,0.0115373293329351,"Normal_higher"
"B4GALT2","Luminal_Epithelial","ER_Positive","Normal","ER_Positive vs Normal",-1.63628610394014,2.98749210351966,14.1320150759424,0.00153201838284911,0.0115373293329351,"Normal_higher"
"FAM167B","Luminal_Epithelial","ER_Positive","Normal","ER_Positive vs Normal",-2.81347852388161,0.872881539699776,13.4411834674818,0.00153221145868859,0.0115373293329351,"Normal_higher"
"REM2","Luminal_Epithelial","ER_Positive","Normal","ER_Positive vs Normal",2.4162051573204,2.25369535594488,14.2399824508365,0.00153306418561377,0.0115379609997522,"ER_Positive_higher"
"RP11-193H5.1","Luminal_Epithelial","ER_Positive","Normal","ER_Positive vs Normal",5.3928912749843,-1.32190515598701,13.650128393801,0.00153627687662575,0.0115563444047733,"ER_Positive_higher"
"NEDD8-MDP1","Luminal_Epithelial","ER_Positive","Normal","ER_Positive vs Normal",4.7392980345799,-1.09431046262498,13.1052422685304,0.00153808570488732,0.0115590060040815,"ER_Positive_higher"
"MBD1","Luminal_Epithelial","ER_Positive","Normal","ER_Positive vs Normal",-1.12767307919147,4.13809471542875,14.3523166668025,0.00153817118612319,0.0115590060040815,"Normal_higher"
"TPST2","Luminal_Epithelial","ER_Positive","Normal","ER_Positive vs Normal",1.7565234962094,4.46934910265937,14.3805344141336,0.00154116083650976,0.0115711265187189,"ER_Positive_higher"
"LMNTD2","Luminal_Epithelial","ER_Positive","Normal","ER_Positive vs Normal",2.04753105941414,1.75180357975563,14.08603296189,0.00154132617517952,0.0115711265187189,"ER_Positive_higher"
"WBP4","Luminal_Epithelial","ER_Positive","Normal","ER_Positive vs Normal",-1.84803703087783,5.23274719310653,14.3524500884061,0.00154996473069921,0.0116301603568015,"Normal_higher"
"RP11-499E18.1","Luminal_Epithelial","ER_Positive","Normal","ER_Positive vs Normal",-2.35745353173666,2.10910728900292,13.4984336350723,0.00155233851591932,0.0116396770495874,"Normal_higher"
"HHIPL2","Luminal_Epithelial","ER_Positive","Normal","ER_Positive vs Normal",4.02500973078682,0.00628320450231975,12.8231665744649,0.00155278426422829,0.0116396770495874,"ER_Positive_higher"
"SERPINI1","Luminal_Epithelial","ER_Positive","Normal","ER_Positive vs Normal",3.53175627855529,2.96624637263541,14.2944773652307,0.00155397370559369,0.0116427775336218,"ER_Positive_higher"
"RP11-675F6.3","Luminal_Epithelial","ER_Positive","Normal","ER_Positive vs Normal",3.14448724998099,0.0662691467775968,13.0434303238892,0.00156002806711608,0.0116823059896262,"ER_Positive_higher"
"ASTN2","Luminal_Epithelial","ER_Positive","Normal","ER_Positive vs Normal",2.07041328436226,1.74718210429301,14.0318367731129,0.00156452139168055,0.011698653654916,"ER_Positive_higher"
"SELENBP1","Luminal_Epithelial","ER_Positive","Normal","ER_Positive vs Normal",2.24117176363463,6.52636188451737,14.3218049416787,0.00156469443183712,0.011698653654916,"ER_Positive_higher"
"MAGED2","Luminal_Epithelial","ER_Positive","Normal","ER_Positive vs Normal",3.04449084708747,8.68136074820355,14.3188138005152,0.00156479697239116,0.011698653654916,"ER_Positive_higher"
"RP11-17A1.3","Luminal_Epithelial","ER_Positive","Normal","ER_Positive vs Normal",3.44549145967612,-1.19701385519384,12.7996181924768,0.00156589469863464,0.011698653654916,"ER_Positive_higher"
"NKAPL","Luminal_Epithelial","ER_Positive","Normal","ER_Positive vs Normal",-3.52720409727007,1.95295383372508,13.2698609865254,0.00156610882872834,0.011698653654916,"Normal_higher"
"CHTF18","Luminal_Epithelial","ER_Positive","Normal","ER_Positive vs Normal",1.9959156946575,2.40167506435453,14.1871376040334,0.00156811958129927,0.0117078460480389,"ER_Positive_higher"
"SLC5A6","Luminal_Epithelial","ER_Positive","Normal","ER_Positive vs Normal",-1.43236043123191,4.92146122290114,14.3016261371796,0.00157161401778405,0.0117281012257013,"Normal_higher"
"AF001548.5","Luminal_Epithelial","ER_Positive","Normal","ER_Positive vs Normal",2.35289951299391,-0.44426864595644,13.006557853353,0.00157724829516622,0.0117593969963752,"ER_Positive_higher"
"RP1-122P22.2","Luminal_Epithelial","ER_Positive","Normal","ER_Positive vs Normal",4.04301174624784,1.20951018293339,13.5613963198801,0.00157774951721355,0.0117593969963752,"ER_Positive_higher"
"SSC5D","Luminal_Epithelial","ER_Positive","Normal","ER_Positive vs Normal",3.72279618673083,0.694753865594415,13.3027018451979,0.00157815856271738,0.0117593969963752,"ER_Positive_higher"
"HAUS8","Luminal_Epithelial","ER_Positive","Normal","ER_Positive vs Normal",-1.65713189761224,2.14679709831221,13.6739267421876,0.00158431816218448,0.011799435563227,"Normal_higher"
"C12orf45","Luminal_Epithelial","ER_Positive","Normal","ER_Positive vs Normal",-1.211581787648,4.92123942799393,14.262997516474,0.00159006754252839,0.0118363807592875,"Normal_higher"
"ARRDC4","Luminal_Epithelial","ER_Positive","Normal","ER_Positive vs Normal",-2.00020183879533,3.65554213226887,14.1131555002455,0.00159095417306056,0.011837109209281,"Normal_higher"
"PLP2","Luminal_Epithelial","ER_Positive","Normal","ER_Positive vs Normal",-1.56660536413863,7.54246475220377,14.247388439141,0.00159784897905098,0.0118825171598702,"Normal_higher"
"STKLD1","Luminal_Epithelial","ER_Positive","Normal","ER_Positive vs Normal",1.84467570509147,0.76178791455296,13.5027769603513,0.00160063748182097,0.0118973584396668,"ER_Positive_higher"
"DLX3","Luminal_Epithelial","ER_Positive","Normal","ER_Positive vs Normal",3.34172247883163,1.41291702775678,13.7710667395433,0.00160259174600996,0.0119059872932532,"ER_Positive_higher"
"PCDHB10","Luminal_Epithelial","ER_Positive","Normal","ER_Positive vs Normal",3.63353120897827,-0.573674182033248,12.6113973402154,0.00161056627156878,0.0119593112505852,"ER_Positive_higher"
"EPOR","Luminal_Epithelial","ER_Positive","Normal","ER_Positive vs Normal",1.62538829904199,1.91999218891482,13.9528690854503,0.00161913975320777,0.012017027832042,"ER_Positive_higher"
"RGL2","Luminal_Epithelial","ER_Positive","Normal","ER_Positive vs Normal",1.48398020386602,5.82327927338028,14.1924592752873,0.00162403897114595,0.0120474309639087,"ER_Positive_higher"
"ATP1A4","Luminal_Epithelial","ER_Positive","Normal","ER_Positive vs Normal",5.0526212515856,3.36286644707156,14.0813291609474,0.00162917942894728,0.0120795927323181,"ER_Positive_higher"
"PCYOX1L","Luminal_Epithelial","ER_Positive","Normal","ER_Positive vs Normal",1.87648156533986,1.99466121043475,13.9537963387598,0.00163382514889964,0.0121049854532946,"ER_Positive_higher"
"ABHD4","Luminal_Epithelial","ER_Positive","Normal","ER_Positive vs Normal",-1.41835071222363,2.63891018925412,13.8377467550719,0.00163421740043812,0.0121049854532946,"Normal_higher"
"EVI2A","Luminal_Epithelial","ER_Positive","Normal","ER_Positive vs Normal",3.56555419975556,-1.60857237372888,12.8735019176388,0.00163847861090328,0.0121305616743096,"ER_Positive_higher"
"BPGM","Luminal_Epithelial","ER_Positive","Normal","ER_Positive vs Normal",-1.91317500635484,4.85976566094745,14.1391978189357,0.00164033165620749,0.0121319557784744,"Normal_higher"
"DENND6B","Luminal_Epithelial","ER_Positive","Normal","ER_Positive vs Normal",1.92866411288311,2.67019841953543,14.0711484132826,0.00164036419136584,0.0121319557784744,"ER_Positive_higher"
"HDGF","Luminal_Epithelial","ER_Positive","Normal","ER_Positive vs Normal",-1.22664086691894,6.1969060590535,14.1567097908871,0.00164109217233978,0.0121319557784744,"Normal_higher"
"S1PR3","Luminal_Epithelial","ER_Positive","Normal","ER_Positive vs Normal",2.57275042117596,3.08028937474182,14.1128849808946,0.00164379113904675,0.012145924974729,"ER_Positive_higher"
"C4BPB","Luminal_Epithelial","ER_Positive","Normal","ER_Positive vs Normal",-3.29314582544083,1.01220865984524,13.2817109398976,0.00164563885150382,0.0121474511500961,"Normal_higher"
"YJEFN3","Luminal_Epithelial","ER_Positive","Normal","ER_Positive vs Normal",-1.97563037602223,1.0250636023056,13.1117239612819,0.00164568056938376,0.0121474511500961,"Normal_higher"
"BAIAP3","Luminal_Epithelial","ER_Positive","Normal","ER_Positive vs Normal",2.68682049938329,2.27081213648841,13.9964571547867,0.00164642604379925,0.0121474511500961,"ER_Positive_higher"
"ADK","Luminal_Epithelial","ER_Positive","Normal","ER_Positive vs Normal",-1.57351267364145,6.06466040721758,14.1336215392646,0.00165213135926295,0.0121835554341322,"Normal_higher"
"HIST1H2AK","Luminal_Epithelial","ER_Positive","Normal","ER_Positive vs Normal",3.91999774502387,1.2095076216754,13.448933449095,0.00165383919037305,0.0121901594940709,"ER_Positive_higher"
"CAPN8","Luminal_Epithelial","ER_Positive","Normal","ER_Positive vs Normal",2.7044264001377,5.15495452533609,14.1241213637391,0.00165743012855367,0.012206147244151,"ER_Positive_higher"
"SLC5A1","Luminal_Epithelial","ER_Positive","Normal","ER_Positive vs Normal",-3.52521441334578,3.69035849809257,13.6271816300466,0.00165763497591655,0.012206147244151,"Normal_higher"
"CREB3L1","Luminal_Epithelial","ER_Positive","Normal","ER_Positive vs Normal",4.69261097074634,4.72434662847344,14.1169293884889,0.00166221216149924,0.0122338489002546,"ER_Positive_higher"
"LRRC75B","Luminal_Epithelial","ER_Positive","Normal","ER_Positive vs Normal",1.7072352163339,2.22552630161886,13.9184040017683,0.00167488233449887,0.0123210584283454,"ER_Positive_higher"
"SYNPO2","Luminal_Epithelial","ER_Positive","Normal","ER_Positive vs Normal",3.67876580793849,2.58964146350607,13.9656998544538,0.00167733843996259,0.0123330808272997,"ER_Positive_higher"
"SOCS5","Luminal_Epithelial","ER_Positive","Normal","ER_Positive vs Normal",-1.34995608603052,2.74863411316986,13.7998037319697,0.0016791155870319,0.0123401016721781,"Normal_higher"
"METTL5","Luminal_Epithelial","ER_Positive","Normal","ER_Positive vs Normal",-1.08317879666145,6.65692938453881,14.061936823766,0.0016851279872527,0.0123782259934906,"Normal_higher"
"ACTA1","Luminal_Epithelial","ER_Positive","Normal","ER_Positive vs Normal",4.5151360388174,-0.46336845987926,12.5140320178931,0.00168621816401548,0.0123801741621234,"ER_Positive_higher"
"BYSL","Luminal_Epithelial","ER_Positive","Normal","ER_Positive vs Normal",-1.98078827157897,4.03798252139457,13.9652720399834,0.00169046052374029,0.012405252361746,"Normal_higher"
"CRTC1","Luminal_Epithelial","ER_Positive","Normal","ER_Positive vs Normal",1.39416770772193,2.43622150392201,13.9125040824765,0.00169282232929978,0.0124132766866257,"ER_Positive_higher"
"NFE2L2","Luminal_Epithelial","ER_Positive","Normal","ER_Positive vs Normal",-1.20558441636752,6.58275801728761,14.0454866205611,0.00169320832794848,0.0124132766866257,"Normal_higher"
"EMG1","Luminal_Epithelial","ER_Positive","Normal","ER_Positive vs Normal",-2.59941130392232,5.60403974076756,14.0328069649919,0.00169537225038472,0.0124221650646981,"Normal_higher"
"CCDC13","Luminal_Epithelial","ER_Positive","Normal","ER_Positive vs Normal",-2.5962064961182,-0.189038610766377,13.2846012645699,0.00169607624558982,0.0124221650646981,"Normal_higher"
"WSB2","Luminal_Epithelial","ER_Positive","Normal","ER_Positive vs Normal",-1.21702496507496,3.5344017170922,13.9409734039476,0.00169796895281453,0.0124299610121403,"Normal_higher"
"ARSG","Luminal_Epithelial","ER_Positive","Normal","ER_Positive vs Normal",2.16628718224863,4.41301791472665,14.0371535999389,0.00169883002151397,0.0124302009423989,"ER_Positive_higher"
"MYBPC1","Luminal_Epithelial","ER_Positive","Normal","ER_Positive vs Normal",7.16773342978148,5.90822188733919,13.9921484006057,0.00170058603788949,0.0124369857069238,"ER_Positive_higher"
"COLEC12","Luminal_Epithelial","ER_Positive","Normal","ER_Positive vs Normal",2.52363676663533,0.843224965810934,13.3422853647987,0.00170491208771026,0.0124565832566559,"ER_Positive_higher"
"EIF2B2","Luminal_Epithelial","ER_Positive","Normal","ER_Positive vs Normal",-1.22451242747691,4.66661713549908,14.0109591806137,0.00170492583522165,0.0124565832566559,"Normal_higher"
"ATP5SL","Luminal_Epithelial","ER_Positive","Normal","ER_Positive vs Normal",-1.5851089645738,4.80552852204772,13.9784719252442,0.0017200298666983,0.0125608215131588,"Normal_higher"
"ECI2","Luminal_Epithelial","ER_Positive","Normal","ER_Positive vs Normal",1.33854830245143,5.36431021213803,13.9892088246315,0.00172147356093591,0.0125652498681738,"ER_Positive_higher"
"ZBTB8OS","Luminal_Epithelial","ER_Positive","Normal","ER_Positive vs Normal",-1.34794496383026,5.76264410977786,13.9855319542473,0.00172332492699611,0.0125725765378993,"Normal_higher"
"NF2","Luminal_Epithelial","ER_Positive","Normal","ER_Positive vs Normal",-1.29560829510173,3.36367960715614,13.8566590608193,0.00172415289631483,0.0125725765378993,"Normal_higher"
"BCS1L","Luminal_Epithelial","ER_Positive","Normal","ER_Positive vs Normal",-1.25215162838367,4.19888656406187,13.9417287191405,0.00172861804568155,0.0125990145757858,"Normal_higher"
"PAFAH1B1","Luminal_Epithelial","ER_Positive","Normal","ER_Positive vs Normal",-1.31630084451937,5.84102491011819,13.9684148535788,0.00173179536798075,0.0126160451880035,"Normal_higher"
"MKL2","Luminal_Epithelial","ER_Positive","Normal","ER_Positive vs Normal",1.83975080798014,4.67978898610418,13.9592769232513,0.00173706038000284,0.012638987503607,"ER_Positive_higher"
"EIF1","Luminal_Epithelial","ER_Positive","Normal","ER_Positive vs Normal",-1.35039283001406,10.8840964330259,13.9501588938218,0.00173739058616299,0.012638987503607,"Normal_higher"
"CXCL2","Luminal_Epithelial","ER_Positive","Normal","ER_Positive vs Normal",-3.62847603529592,7.67423985793222,13.9559053395198,0.00173792213975058,0.012638987503607,"Normal_higher"
"ACTN4","Luminal_Epithelial","ER_Positive","Normal","ER_Positive vs Normal",-1.08429066956392,6.53749021749254,13.9533070292813,0.00173831346754481,0.012638987503607,"Normal_higher"
"PPA1","Luminal_Epithelial","ER_Positive","Normal","ER_Positive vs Normal",-1.32210257497758,8.09839060488098,13.9424313269189,0.00174199900695963,0.0126596508946456,"Normal_higher"
"DGUOK","Luminal_Epithelial","ER_Positive","Normal","ER_Positive vs Normal",-1.05165234379441,6.9207147994416,13.9399031344494,0.00174432475030435,0.0126658984744182,"Normal_higher"
"AIF1L","Luminal_Epithelial","ER_Positive","Normal","ER_Positive vs Normal",-2.46044307282041,3.05849368275177,13.5159613186859,0.0017445466879871,0.0126658984744182,"Normal_higher"
"SLITRK6","Luminal_Epithelial","ER_Positive","Normal","ER_Positive vs Normal",5.19302889182601,3.98012399542203,13.8972910760522,0.00174821589112274,0.0126864003278912,"ER_Positive_higher"
"SORCS1","Luminal_Epithelial","ER_Positive","Normal","ER_Positive vs Normal",5.68683379447058,0.1732471970698,12.6420011534604,0.00174935905782969,0.0126885603580716,"ER_Positive_higher"
"PLIN5","Luminal_Epithelial","ER_Positive","Normal","ER_Positive vs Normal",4.44581139749929,4.19090944063587,13.928316304424,0.00175153198456111,0.0126981838127095,"ER_Positive_higher"
"SLC2A4RG","Luminal_Epithelial","ER_Positive","Normal","ER_Positive vs Normal",1.36814758422503,4.89957639946308,13.92352334963,0.00175450646872426,0.0127111046973611,"ER_Positive_higher"
"ESYT1","Luminal_Epithelial","ER_Positive","Normal","ER_Positive vs Normal",-1.27915434855001,3.87146700281372,13.8632374849148,0.00175500825834159,0.0127111046973611,"Normal_higher"
"CXCL13","Luminal_Epithelial","ER_Positive","Normal","ER_Positive vs Normal",11.6189727385985,7.61898968968821,13.1092456738647,0.00175795176479005,0.012726281782057,"ER_Positive_higher"
"C1orf122","Luminal_Epithelial","ER_Positive","Normal","ER_Positive vs Normal",-1.26011722387165,5.67959934976118,13.912295060554,0.00175975968336042,0.0127288927704058,"Normal_higher"
"SDR42E1","Luminal_Epithelial","ER_Positive","Normal","ER_Positive vs Normal",-2.46089619438955,2.21050177609536,13.1284747954348,0.00176032783923115,0.0127288927704058,"Normal_higher"
"LINC00265","Luminal_Epithelial","ER_Positive","Normal","ER_Positive vs Normal",2.93202936588421,-0.0394962768328424,12.6903877909923,0.00176141881820898,0.0127288927704058,"ER_Positive_higher"
"STOML2","Luminal_Epithelial","ER_Positive","Normal","ER_Positive vs Normal",-1.21367814473634,7.03386039952661,13.9051816005037,0.00176170522317137,0.0127288927704058,"Normal_higher"
"HOMER2","Luminal_Epithelial","ER_Positive","Normal","ER_Positive vs Normal",-1.76144913825693,4.2640149278952,13.8541022841642,0.00176489825501723,0.0127458268108968,"Normal_higher"
"PLXNB3","Luminal_Epithelial","ER_Positive","Normal","ER_Positive vs Normal",3.94250433272767,0.0475371757393109,12.4844117028281,0.00176879269327835,0.0127678075748091,"ER_Positive_higher"
"LINC01116","Luminal_Epithelial","ER_Positive","Normal","ER_Positive vs Normal",3.92884270747136,4.13455487202469,13.891776761435,0.0017714787477901,0.0127810488308106,"ER_Positive_higher"
"ABT1","Luminal_Epithelial","ER_Positive","Normal","ER_Positive vs Normal",-1.20631364556773,4.99245174714878,13.8825945766363,0.00177240728060098,0.0127814198485255,"Normal_higher"
"NBPF1","Luminal_Epithelial","ER_Positive","Normal","ER_Positive vs Normal",2.7037668467563,3.77949378029595,13.8810578646544,0.00177323356597789,0.0127814198485255,"ER_Positive_higher"
"C1orf204","Luminal_Epithelial","ER_Positive","Normal","ER_Positive vs Normal",2.17225336299696,-0.241469723682057,12.7162231237649,0.00178165707730467,0.0128359710797462,"ER_Positive_higher"
"UBE2A","Luminal_Epithelial","ER_Positive","Normal","ER_Positive vs Normal",-1.16863877863731,6.31396646330219,13.8559739957714,0.00178773866302537,0.0128736056218915,"Normal_higher"
"CEP126","Luminal_Epithelial","ER_Positive","Normal","ER_Positive vs Normal",3.69107089604664,3.16685305808343,13.8061021446189,0.00179499866359922,0.0129196858247642,"ER_Positive_higher"
"PML","Luminal_Epithelial","ER_Positive","Normal","ER_Positive vs Normal",-1.47008999028075,3.90545004550371,13.7754309922197,0.00179660981707207,0.0129250831854269,"Normal_higher"
"CFAP43","Luminal_Epithelial","ER_Positive","Normal","ER_Positive vs Normal",2.87750321805264,1.99202861936911,13.6230150289406,0.00179817132290728,0.0129301183722422,"ER_Positive_higher"
"CTD-2033D15.3","Luminal_Epithelial","ER_Positive","Normal","ER_Positive vs Normal",5.21402620172562,2.53114000998551,13.4795867846481,0.00180064143130555,0.0129416790994264,"ER_Positive_higher"
"FAM8A1","Luminal_Epithelial","ER_Positive","Normal","ER_Positive vs Normal",1.4980243111231,3.92987332023968,13.8231711667845,0.00180161279521773,0.0129424620477896,"ER_Positive_higher"
"CD27","Luminal_Epithelial","ER_Positive","Normal","ER_Positive vs Normal",3.3573764431167,-1.06517701035748,12.3401123363969,0.00180639600789915,0.0129706147801639,"ER_Positive_higher"
"TRMU","Luminal_Epithelial","ER_Positive","Normal","ER_Positive vs Normal",-1.18222908336107,3.59685988569716,13.7175487072019,0.00181704083518411,0.0130408090930693,"Normal_higher"
"ID1","Luminal_Epithelial","ER_Positive","Normal","ER_Positive vs Normal",-2.76318937719213,5.00053096647661,13.7507946916289,0.00182047057391527,0.0130564588989333,"Normal_higher"
"KLHL21","Luminal_Epithelial","ER_Positive","Normal","ER_Positive vs Normal",-1.52314291182153,3.56271943775267,13.6775149141861,0.00182154151530733,0.0130564588989333,"Normal_higher"
"PRSS8","Luminal_Epithelial","ER_Positive","Normal","ER_Positive vs Normal",-1.46821000806106,7.2784173391803,13.7879805988009,0.00182183147426976,0.0130564588989333,"Normal_higher"
"PLIN3","Luminal_Epithelial","ER_Positive","Normal","ER_Positive vs Normal",-1.53340746618081,6.26992187763013,13.771356892791,0.00183214467925988,0.0131241027215527,"Normal_higher"
"CNOT1","Luminal_Epithelial","ER_Positive","Normal","ER_Positive vs Normal",-1.11977160572145,4.08650496644664,13.7348018505187,0.00183332429469071,0.0131262870660417,"Normal_higher"
"IQCJ-SCHIP1","Luminal_Epithelial","ER_Positive","Normal","ER_Positive vs Normal",-2.39729688950682,-0.362171015414478,13.0340581588937,0.00183587723597791,0.0131382974155081,"Normal_higher"
"MAD2L2","Luminal_Epithelial","ER_Positive","Normal","ER_Positive vs Normal",-1.52688449986117,5.47725520276398,13.7552178756652,0.00184044393518459,0.0131647007317994,"Normal_higher"
"BAZ1A","Luminal_Epithelial","ER_Positive","Normal","ER_Positive vs Normal",-1.4229656903588,6.06718708134295,13.7530433940884,0.00184203710295254,0.0131652072447322,"Normal_higher"
"AC007325.2","Luminal_Epithelial","ER_Positive","Normal","ER_Positive vs Normal",5.65770913185006,0.885417967903974,12.5274329843139,0.00184226928859449,0.0131652072447322,"ER_Positive_higher"
"CTC-479C5.12","Luminal_Epithelial","ER_Positive","Normal","ER_Positive vs Normal",-2.45076201815771,1.57177471283684,12.7737572447204,0.00184318136058251,0.0131654558202103,"Normal_higher"
"CTB-179K24.3","Luminal_Epithelial","ER_Positive","Normal","ER_Positive vs Normal",2.7675949058291,-0.668511387765063,12.38645846657,0.00184922565009114,0.0132023450670398,"ER_Positive_higher"
"LIX1L","Luminal_Epithelial","ER_Positive","Normal","ER_Positive vs Normal",-1.54225822655149,1.46494431852216,12.9050402345541,0.00185050232935717,0.0132051775828165,"Normal_higher"
"SPATA4","Luminal_Epithelial","ER_Positive","Normal","ER_Positive vs Normal",2.96651606186232,0.948709919733298,13.0835181802996,0.00185307144741504,0.0132172258609113,"ER_Positive_higher"
"RBM7","Luminal_Epithelial","ER_Positive","Normal","ER_Positive vs Normal",-1.70010550515483,4.88504701249192,13.7145704370433,0.00185543352574093,0.0132263460332883,"Normal_higher"
"RAP2B","Luminal_Epithelial","ER_Positive","Normal","ER_Positive vs Normal",-1.78968946700424,4.40948969558085,13.6883074085071,0.00185611279710169,0.0132263460332883,"Normal_higher"
"SLC39A14","Luminal_Epithelial","ER_Positive","Normal","ER_Positive vs Normal",-2.04127700116842,3.78409848617475,13.5964529707042,0.00185777030957025,0.0132318742457147,"Normal_higher"
"LMNB2","Luminal_Epithelial","ER_Positive","Normal","ER_Positive vs Normal",-1.27799690036209,2.7454794359737,13.4576277657442,0.00186030759929482,0.013237874382937,"Normal_higher"
"CFAP45","Luminal_Epithelial","ER_Positive","Normal","ER_Positive vs Normal",2.64107100921435,1.60908314620465,13.3890181816273,0.00186073374971022,0.013237874382937,"ER_Positive_higher"
"S100A4","Luminal_Epithelial","ER_Positive","Normal","ER_Positive vs Normal",-2.11562863091452,5.02550768832489,13.7000484352431,0.00186125907563118,0.013237874382937,"Normal_higher"
"RP11-739L10.1","Luminal_Epithelial","ER_Positive","Normal","ER_Positive vs Normal",3.34436476212644,-0.529421005186438,12.2572187176828,0.0018632705192217,0.0132459027389673,"ER_Positive_higher"
"DCTN6","Luminal_Epithelial","ER_Positive","Normal","ER_Positive vs Normal",-1.3195125217873,6.02752112771045,13.7076837527487,0.00186626821684038,0.0132609314063085,"Normal_higher"
"ACOX2","Luminal_Epithelial","ER_Positive","Normal","ER_Positive vs Normal",4.85422601561,3.6371384728671,13.6494561490538,0.00187375282462129,0.0133078128911934,"ER_Positive_higher"
"VMAC","Luminal_Epithelial","ER_Positive","Normal","ER_Positive vs Normal",1.44538123693389,3.22822355015426,13.6498977801931,0.00187750055589379,0.0133242670805401,"ER_Positive_higher"
"GAS1","Luminal_Epithelial","ER_Positive","Normal","ER_Positive vs Normal",-3.3077241705078,-0.269504147603987,12.9212281310177,0.00187784533053524,0.0133242670805401,"Normal_higher"
"SLITRK4","Luminal_Epithelial","ER_Positive","Normal","ER_Positive vs Normal",4.50001499498576,0.635778473381829,12.4917589812297,0.00188030377874131,0.0133354058636913,"ER_Positive_higher"
"ZNF213-AS1","Luminal_Epithelial","ER_Positive","Normal","ER_Positive vs Normal",1.34785672933528,3.34484069834964,13.6470029430624,0.00188264354844892,0.0133456928349423,"ER_Positive_higher"
"ELOVL1","Luminal_Epithelial","ER_Positive","Normal","ER_Positive vs Normal",-1.20630850434459,5.73136402458853,13.6697824284809,0.00188684829505324,0.0133691843077734,"Normal_higher"
"MSX2","Luminal_Epithelial","ER_Positive","Normal","ER_Positive vs Normal",2.66590749143976,3.59901794411621,13.654170645467,0.00189000906584266,0.0133835950560956,"ER_Positive_higher"
"RASGEF1B","Luminal_Epithelial","ER_Positive","Normal","ER_Positive vs Normal",-2.06745904203323,2.27998598078484,13.0407276834456,0.00189084695408855,0.0133835950560956,"Normal_higher"
"EIF5A","Luminal_Epithelial","ER_Positive","Normal","ER_Positive vs Normal",-1.70927379420415,8.27243981850705,13.6559495943049,0.00189155761404536,0.0133835950560956,"Normal_higher"
"LAYN","Luminal_Epithelial","ER_Positive","Normal","ER_Positive vs Normal",-3.35560650257077,-0.180322728975155,12.891944404873,0.0018931708029181,0.0133875170730876,"Normal_higher"
"C18orf32","Luminal_Epithelial","ER_Positive","Normal","ER_Positive vs Normal",2.35584880247121,5.73101737955347,13.6556617898163,0.00189389609823183,0.0133875170730876,"ER_Positive_higher"
"MCF2L","Luminal_Epithelial","ER_Positive","Normal","ER_Positive vs Normal",2.19013637059425,3.27469192176623,13.6255232145168,0.00189680049110616,0.0134017349199765,"ER_Positive_higher"
"FAM220A","Luminal_Epithelial","ER_Positive","Normal","ER_Positive vs Normal",1.68138802967934,3.32773518996724,13.6100304738468,0.00190454351513541,0.0134501103678292,"ER_Positive_higher"
"ZNF480","Luminal_Epithelial","ER_Positive","Normal","ER_Positive vs Normal",-1.19365533367674,3.88050621999846,13.5724235898538,0.00191176038561492,0.0134947262967653,"Normal_higher"
"BCOR","Luminal_Epithelial","ER_Positive","Normal","ER_Positive vs Normal",1.78359880457797,3.19073649174608,13.5623132313431,0.00192695423128925,0.0135955816403187,"ER_Positive_higher"
"TSHZ1","Luminal_Epithelial","ER_Positive","Normal","ER_Positive vs Normal",1.91637820160061,2.4942236846892,13.4849479538965,0.00193066057946044,0.0136119085640131,"ER_Positive_higher"
"ZNF10","Luminal_Epithelial","ER_Positive","Normal","ER_Positive vs Normal",3.30779706272827,3.30144041264975,13.5678261448077,0.00193108238373984,0.0136119085640131,"ER_Positive_higher"
"ARHGEF6","Luminal_Epithelial","ER_Positive","Normal","ER_Positive vs Normal",2.49444625516691,2.4931156229879,13.4828808864707,0.00193454722370709,0.0136299296648696,"ER_Positive_higher"
"CYP7B1","Luminal_Epithelial","ER_Positive","Normal","ER_Positive vs Normal",-3.57893252145125,2.72221742917613,12.7011129575969,0.00194132351276984,0.0136712538508385,"Normal_higher"
"DIS3L","Luminal_Epithelial","ER_Positive","Normal","ER_Positive vs Normal",1.21854336558156,2.74659216606252,13.4795131907491,0.00194471803356054,0.0136887352390445,"ER_Positive_higher"
"TPSG1","Luminal_Epithelial","ER_Positive","Normal","ER_Positive vs Normal",7.20289256492688,2.81854815903572,12.6573518116063,0.00195164996381068,0.0137290365312009,"ER_Positive_higher"
"AHSA1","Luminal_Epithelial","ER_Positive","Normal","ER_Positive vs Normal",-1.1722359784194,6.3004441686337,13.550755343121,0.00195227320301078,0.0137290365312009,"Normal_higher"
"ELOVL2","Luminal_Epithelial","ER_Positive","Normal","ER_Positive vs Normal",4.34118321856922,2.95170748094695,13.4537344281663,0.00195772975498498,0.0137609603901918,"ER_Positive_higher"
"PLPPR3","Luminal_Epithelial","ER_Positive","Normal","ER_Positive vs Normal",3.35600059766477,0.470540832310153,12.575376148877,0.00196224692049642,0.0137836975393435,"ER_Positive_higher"
"DEPTOR","Luminal_Epithelial","ER_Positive","Normal","ER_Positive vs Normal",2.18264219760303,4.04049814605656,13.5314443345109,0.00196280146875306,0.0137836975393435,"ER_Positive_higher"
"PSMC1","Luminal_Epithelial","ER_Positive","Normal","ER_Positive vs Normal",-1.66848374624356,6.57293793414092,13.5286583973253,0.00196482941349893,0.0137914850366597,"Normal_higher"
"CCDC144NL-AS1","Luminal_Epithelial","ER_Positive","Normal","ER_Positive vs Normal",3.86541745225233,0.8550968181497,12.6960325339377,0.00196730524823396,0.0138024076017985,"ER_Positive_higher"
"TMSB10","Luminal_Epithelial","ER_Positive","Normal","ER_Positive vs Normal",-2.01176244887867,11.8795490120736,13.4994196535849,0.00197852656675798,0.0138741855855336,"Normal_higher"
"C9orf116","Luminal_Epithelial","ER_Positive","Normal","ER_Positive vs Normal",2.34506179206339,5.18307337240749,13.5054569908883,0.00197938504288848,0.0138741855855336,"ER_Positive_higher"
"RP11-360L9.4","Luminal_Epithelial","ER_Positive","Normal","ER_Positive vs Normal",2.77567181029304,-0.558887967813346,12.2079319380205,0.00198129071157547,0.0138810596212013,"ER_Positive_higher"
"NEBL-AS1","Luminal_Epithelial","ER_Positive","Normal","ER_Positive vs Normal",2.2953483676214,1.80150305293964,13.241653119688,0.00198590455572723,0.0138956597319044,"ER_Positive_higher"
"POLDIP3","Luminal_Epithelial","ER_Positive","Normal","ER_Positive vs Normal",-1.12443905924556,4.55257390424291,13.4793691030848,0.00198614867299273,0.0138956597319044,"Normal_higher"
"SMAD7","Luminal_Epithelial","ER_Positive","Normal","ER_Positive vs Normal",2.60663320034838,3.67869897927079,13.4850953223605,0.00198615247050943,0.0138956597319044,"ER_Positive_higher"
"ELL3","Luminal_Epithelial","ER_Positive","Normal","ER_Positive vs Normal",4.03965908602464,1.72340027422583,13.081362364939,0.00199380653273998,0.0139427095232194,"ER_Positive_higher"
"UNC5A","Luminal_Epithelial","ER_Positive","Normal","ER_Positive vs Normal",5.22150389497098,0.744779746766126,12.2437382101992,0.00199493945586795,0.0139441343335866,"ER_Positive_higher"
"DOPEY2","Luminal_Epithelial","ER_Positive","Normal","ER_Positive vs Normal",1.98060546188925,4.09261514235063,13.4706297230017,0.00199770527239995,0.0139569660255615,"ER_Positive_higher"
"PIP","Luminal_Epithelial","ER_Positive","Normal","ER_Positive vs Normal",7.40944276144437,10.6198074882035,13.4583746653604,0.00200270516460729,0.0139853868800659,"ER_Positive_higher"
"CTD-2139B15.2","Luminal_Epithelial","ER_Positive","Normal","ER_Positive vs Normal",-2.57701601367432,1.14068209888411,12.5397385952947,0.00200407017406695,0.0139868704754447,"Normal_higher"
"FABP7","Luminal_Epithelial","ER_Positive","Normal","ER_Positive vs Normal",-5.08578080233276,4.85808226008036,12.9255890970214,0.00200478166140344,0.0139868704754447,"Normal_higher"
"PCAT7","Luminal_Epithelial","ER_Positive","Normal","ER_Positive vs Normal",4.51151419743074,0.496830294585265,12.2334583092688,0.00200706017953509,0.0139934570732753,"ER_Positive_higher"
"MAP2K2","Luminal_Epithelial","ER_Positive","Normal","ER_Positive vs Normal",-1.48714413672874,4.40213567634675,13.4292953452082,0.00200759066294141,0.0139934570732753,"Normal_higher"
"SMCR5","Luminal_Epithelial","ER_Positive","Normal","ER_Positive vs Normal",-3.09306660665649,2.60470392382471,12.6984784154413,0.002008955323268,0.0139964682155445,"Normal_higher"
"RP4-612B15.3","Luminal_Epithelial","ER_Positive","Normal","ER_Positive vs Normal",-2.43613742926281,0.00304169626175366,12.7145671977013,0.00201139209474809,0.0139988790421303,"Normal_higher"
"AGXT","Luminal_Epithelial","ER_Positive","Normal","ER_Positive vs Normal",-3.52102624440187,0.836589601767515,12.700912114399,0.00201188404026934,0.0139988790421303,"Normal_higher"
"DPYSL2","Luminal_Epithelial","ER_Positive","Normal","ER_Positive vs Normal",-2.19914662267069,3.34874044402454,13.213788185894,0.00201252736273145,0.0139988790421303,"Normal_higher"
"CHTOP","Luminal_Epithelial","ER_Positive","Normal","ER_Positive vs Normal",-1.0702466257898,6.17213437651264,13.4446932750766,0.00201368556780891,0.0139988790421303,"Normal_higher"
"F3","Luminal_Epithelial","ER_Positive","Normal","ER_Positive vs Normal",-2.13134214417743,4.50596444093975,13.3994357796108,0.00201396547290994,0.0139988790421303,"Normal_higher"
"B4GALT5","Luminal_Epithelial","ER_Positive","Normal","ER_Positive vs Normal",-1.13145245552954,3.80334231608759,13.3851355438869,0.0020169890313979,0.0140046021033314,"Normal_higher"
"GPC3","Luminal_Epithelial","ER_Positive","Normal","ER_Positive vs Normal",3.31965530585882,1.4796320670622,13.0436921616124,0.00201718612031724,0.0140046021033314,"ER_Positive_higher"
"SLC38A10","Luminal_Epithelial","ER_Positive","Normal","ER_Positive vs Normal",1.16900396727517,4.64649527918426,13.4391773908668,0.00201758844188729,0.0140046021033314,"ER_Positive_higher"
"RP11-386G11.10","Luminal_Epithelial","ER_Positive","Normal","ER_Positive vs Normal",-1.97244777323436,1.65963213191084,12.5870094405153,0.00202089054547477,0.0140210376402866,"Normal_higher"
"EVPL","Luminal_Epithelial","ER_Positive","Normal","ER_Positive vs Normal",2.06520559863804,2.78803641985867,13.3621400900918,0.00202451546967791,0.0140334103074099,"ER_Positive_higher"
"LINC00882","Luminal_Epithelial","ER_Positive","Normal","ER_Positive vs Normal",2.95709659723463,0.939424427977563,12.8046861110674,0.00202454410045595,0.0140334103074099,"ER_Positive_higher"
"DEF6","Luminal_Epithelial","ER_Positive","Normal","ER_Positive vs Normal",1.73960427072968,2.65485437171515,13.3253863821675,0.00203393725529938,0.0140920112605161,"ER_Positive_higher"
"RP11-473M20.5","Luminal_Epithelial","ER_Positive","Normal","ER_Positive vs Normal",4.43587762111977,-0.194114551671055,11.9389285561212,0.0020480063086646,0.0141829398588508,"ER_Positive_higher"
"CLIP2","Luminal_Epithelial","ER_Positive","Normal","ER_Positive vs Normal",-2.34729193550097,0.885987534136128,12.4741635064664,0.00205036267884396,0.0141927088198392,"Normal_higher"
"TYMP","Luminal_Epithelial","ER_Positive","Normal","ER_Positive vs Normal",-1.59367899841053,7.68297637085253,13.3762951548695,0.00205226676160074,0.0141993394611998,"Normal_higher"
"CFAP157","Luminal_Epithelial","ER_Positive","Normal","ER_Positive vs Normal",3.91677421097579,2.53130640561674,13.2416895463795,0.00205613547096723,0.0142195506971453,"ER_Positive_higher"
"FMO4","Luminal_Epithelial","ER_Positive","Normal","ER_Positive vs Normal",2.177183315698,1.66319436421197,13.0792540821309,0.00205974615735976,0.0142331848521918,"ER_Positive_higher"
"YPEL2","Luminal_Epithelial","ER_Positive","Normal","ER_Positive vs Normal",3.00738865876084,5.76504231029698,13.3637581094543,0.00206183570045394,0.0142331848521918,"ER_Positive_higher"
"CDKN2B","Luminal_Epithelial","ER_Positive","Normal","ER_Positive vs Normal",-1.44012297195914,2.80257557541592,13.1025651610156,0.00206194978919364,0.0142331848521918,"Normal_higher"
"ZDHHC18","Luminal_Epithelial","ER_Positive","Normal","ER_Positive vs Normal",-1.37353981909223,2.25768619160639,12.9367295453619,0.00206234612052503,0.0142331848521918,"Normal_higher"
"CAST","Luminal_Epithelial","ER_Positive","Normal","ER_Positive vs Normal",-1.45697676832972,7.21687317577478,13.3588970554355,0.00206320892556862,0.0142331848521918,"Normal_higher"
"TRIM24","Luminal_Epithelial","ER_Positive","Normal","ER_Positive vs Normal",1.57996162202747,3.52750355181957,13.3421899872702,0.00206413696866819,0.0142331848521918,"ER_Positive_higher"
"ARHGAP24","Luminal_Epithelial","ER_Positive","Normal","ER_Positive vs Normal",-2.37354895970723,0.428436119457382,12.5552754121471,0.0020656795377735,0.0142331848521918,"Normal_higher"
"TCTN2","Luminal_Epithelial","ER_Positive","Normal","ER_Positive vs Normal",1.45473382020824,1.90060827381247,13.1209766856503,0.00206667896493388,0.0142331848521918,"ER_Positive_higher"
"TRADD","Luminal_Epithelial","ER_Positive","Normal","ER_Positive vs Normal",-1.41066690404777,4.99500663491061,13.3492861806251,0.00206737626108453,0.0142331848521918,"Normal_higher"
"GTF3C5","Luminal_Epithelial","ER_Positive","Normal","ER_Positive vs Normal",-1.25580886066796,4.39893912476414,13.3338234629617,0.00206759132256801,0.0142331848521918,"Normal_higher"
"ZIK1","Luminal_Epithelial","ER_Positive","Normal","ER_Positive vs Normal",-3.34442256767675,0.11947522706698,12.6627285023099,0.00206904373451373,0.014236652601489,"Normal_higher"
"DAPK2","Luminal_Epithelial","ER_Positive","Normal","ER_Positive vs Normal",-1.44138604131244,2.77988567411383,13.0783572989058,0.00207771686452873,0.0142803137740217,"Normal_higher"
"CCDC93","Luminal_Epithelial","ER_Positive","Normal","ER_Positive vs Normal",-1.54746083730824,3.46961772328356,13.2162056976092,0.00207816459917284,0.0142803137740217,"Normal_higher"
"CLPX","Luminal_Epithelial","ER_Positive","Normal","ER_Positive vs Normal",-1.15682996490159,4.2479285151489,13.3124146201604,0.00207824383837299,0.0142803137740217,"Normal_higher"
"ZNF487","Luminal_Epithelial","ER_Positive","Normal","ER_Positive vs Normal",1.42460182827854,2.71587559241445,13.2515217248649,0.00208007282117206,0.014286339966741,"ER_Positive_higher"
"KATNBL1","Luminal_Epithelial","ER_Positive","Normal","ER_Positive vs Normal",-1.39993756426806,5.36851308419619,13.3260143811525,0.00208436596854362,0.0143092772598052,"Normal_higher"
"GLIPR1L2","Luminal_Epithelial","ER_Positive","Normal","ER_Positive vs Normal",2.0171004538577,1.91015826975688,13.1069684039799,0.00208638389402731,0.0143165812060667,"ER_Positive_higher"
"PDZK1","Luminal_Epithelial","ER_Positive","Normal","ER_Positive vs Normal",5.82142533937206,4.99298566001167,13.3076992824595,0.00208877738398205,0.0143201992640987,"ER_Positive_higher"
"P4HA2","Luminal_Epithelial","ER_Positive","Normal","ER_Positive vs Normal",-1.15341838310854,4.86934477437725,13.3142096466495,0.00208881963011342,0.0143201992640987,"Normal_higher"
"SPAG8","Luminal_Epithelial","ER_Positive","Normal","ER_Positive vs Normal",2.71109793649172,0.990776771969134,12.7354369444424,0.00209161338639339,0.0143328046071258,"ER_Positive_higher"
"MKX","Luminal_Epithelial","ER_Positive","Normal","ER_Positive vs Normal",6.55573900042943,1.61448148301232,12.3243344437834,0.00210034801443795,0.014386089754756,"ER_Positive_higher"
"ERICH6","Luminal_Epithelial","ER_Positive","Normal","ER_Positive vs Normal",3.76189088412972,-1.73558770883245,12.2626838365985,0.00210227475974665,0.0143927177552545,"ER_Positive_higher"
"F8A1","Luminal_Epithelial","ER_Positive","Normal","ER_Positive vs Normal",-1.8594232552551,1.67407909734102,12.5057496532947,0.00210425404733523,0.0143996992650979,"Normal_higher"
"FABP5","Luminal_Epithelial","ER_Positive","Normal","ER_Positive vs Normal",-3.91494119323132,5.69822709627893,13.2316742756141,0.00210554347081842,0.0144019557276992,"Normal_higher"
"BTBD19","Luminal_Epithelial","ER_Positive","Normal","ER_Positive vs Normal",2.83451287735483,0.520863083744632,12.4738574936665,0.00210883675018914,0.0144179103007237,"ER_Positive_higher"
"TMEM170A","Luminal_Epithelial","ER_Positive","Normal","ER_Positive vs Normal",-1.27006807604927,4.49541651123312,13.2669791468985,0.0021103731475622,0.0144218441828169,"Normal_higher"
"PASK","Luminal_Epithelial","ER_Positive","Normal","ER_Positive vs Normal",1.9174728795779,1.21784419752776,12.8256352092903,0.0021135474917424,0.0144369627713146,"ER_Positive_higher"
"C5","Luminal_Epithelial","ER_Positive","Normal","ER_Positive vs Normal",2.54571978570596,0.15919749986027,12.2995797008492,0.00211772999095164,0.0144589508526894,"ER_Positive_higher"
"IFT80","Luminal_Epithelial","ER_Positive","Normal","ER_Positive vs Normal",1.76983683816723,2.3184165653764,13.1366153448524,0.00211962282448932,0.0144638114696112,"ER_Positive_higher"
"RP11-134G8.5","Luminal_Epithelial","ER_Positive","Normal","ER_Positive vs Normal",1.96002814499255,2.50130658887531,13.1671586524883,0.00212036950977174,0.0144638114696112,"ER_Positive_higher"
"ENO4","Luminal_Epithelial","ER_Positive","Normal","ER_Positive vs Normal",2.38769134303062,-0.700747149187026,12.074570679447,0.00212272151003881,0.014470931112453,"ER_Positive_higher"
"NEK9","Luminal_Epithelial","ER_Positive","Normal","ER_Positive vs Normal",1.17004284909236,3.62033251065326,13.2458606968255,0.00212334179447068,0.014470931112453,"ER_Positive_higher"
"SPSB3","Luminal_Epithelial","ER_Positive","Normal","ER_Positive vs Normal",1.10278090641186,6.49002752137797,13.257388885265,0.00212523350932246,0.0144772488762606,"ER_Positive_higher"
"CISD1","Luminal_Epithelial","ER_Positive","Normal","ER_Positive vs Normal",-1.54027299782506,6.17705936821258,13.2578218998642,0.00212707209274291,0.0144831991360222,"Normal_higher"
"MTMR7","Luminal_Epithelial","ER_Positive","Normal","ER_Positive vs Normal",4.37523443918982,0.667891584837174,12.1842243085602,0.00212824664723925,0.014484624687129,"ER_Positive_higher"
"MCFD2","Luminal_Epithelial","ER_Positive","Normal","ER_Positive vs Normal",-1.16299959901775,5.9808670676441,13.2537200079216,0.00212945739124868,0.0144862951362053,"Normal_higher"
"RP11-307C12.13","Luminal_Epithelial","ER_Positive","Normal","ER_Positive vs Normal",3.70228176776583,0.583590860697942,12.2974242979743,0.00213127438010064,0.0144889278178175,"ER_Positive_higher"
"RXRA","Luminal_Epithelial","ER_Positive","Normal","ER_Positive vs Normal",1.52166196908152,3.53018824742574,13.2320923414311,0.0021317753462878,0.0144889278178175,"ER_Positive_higher"
"ST8SIA6-AS1","Luminal_Epithelial","ER_Positive","Normal","ER_Positive vs Normal",7.10511866655011,2.76271150633256,12.3843640693254,0.00213332433400971,0.0144928919332203,"ER_Positive_higher"
"PEF1","Luminal_Epithelial","ER_Positive","Normal","ER_Positive vs Normal",-1.24698592722522,5.53652375469539,13.234267583114,0.00214181744286792,0.0145419265323547,"Normal_higher"
"ZNF512B","Luminal_Epithelial","ER_Positive","Normal","ER_Positive vs Normal",1.74756340041783,2.71939612218691,13.1580355361308,0.00214248014680058,0.0145419265323547,"ER_Positive_higher"
"IGSF8","Luminal_Epithelial","ER_Positive","Normal","ER_Positive vs Normal",1.45834241236844,5.90490277144755,13.2254967787543,0.00214628458051972,0.0145611630650359,"ER_Positive_higher"
"AC093495.4","Luminal_Epithelial","ER_Positive","Normal","ER_Positive vs Normal",-2.0788274490438,-0.510900984327433,12.5342464121249,0.00215133583446244,0.0145888372651504,"Normal_higher"
"CNN3","Luminal_Epithelial","ER_Positive","Normal","ER_Positive vs Normal",-1.54911041059755,7.22854349451519,13.2122753253674,0.00215382889131697,0.014599146419148,"Normal_higher"
"SMCO4","Luminal_Epithelial","ER_Positive","Normal","ER_Positive vs Normal",-2.53869081384701,4.58361779210939,13.128744494842,0.00217037700002607,0.0146976703941647,"Normal_higher"
"RP11-443B7.2","Luminal_Epithelial","ER_Positive","Normal","ER_Positive vs Normal",3.60431225357511,-1.28934511311163,11.9291559400405,0.0021706886860164,0.0146976703941647,"ER_Positive_higher"
"TMEM170B","Luminal_Epithelial","ER_Positive","Normal","ER_Positive vs Normal",2.04112120035517,-0.0675288528540174,12.1912290655802,0.00217168066632423,0.0146976703941647,"ER_Positive_higher"
"RCOR3","Luminal_Epithelial","ER_Positive","Normal","ER_Positive vs Normal",1.56079542427901,4.77681500873307,13.1872950020495,0.00217228179744502,0.0146976703941647,"ER_Positive_higher"
"ST8SIA6","Luminal_Epithelial","ER_Positive","Normal","ER_Positive vs Normal",2.43718254886119,2.34717365841647,13.0659008532484,0.00217432235084741,0.0147048470117923,"ER_Positive_higher"
"SYT15","Luminal_Epithelial","ER_Positive","Normal","ER_Positive vs Normal",-2.21264974598644,-0.0322680775376175,12.4595837827184,0.00217615601800297,0.0147100481884738,"Normal_higher"
"SLC35F2","Luminal_Epithelial","ER_Positive","Normal","ER_Positive vs Normal",-1.99561029347866,2.43748741584335,12.6831046361491,0.00217705184424604,0.0147100481884738,"Normal_higher"
"UBE2M","Luminal_Epithelial","ER_Positive","Normal","ER_Positive vs Normal",-1.07428830460495,4.27946769922627,13.154158807165,0.00217937124330938,0.0147190928210368,"Normal_higher"
"MGARP","Luminal_Epithelial","ER_Positive","Normal","ER_Positive vs Normal",-2.69095681924092,-1.16415427952402,12.2507825503695,0.0021851212241858,0.0147500737268477,"Normal_higher"
"ABHD16A","Luminal_Epithelial","ER_Positive","Normal","ER_Positive vs Normal",4.06239573613843,4.1115132511837,13.1663282600995,0.00218592416662286,0.0147500737268477,"ER_Positive_higher"
"TRAC","Luminal_Epithelial","ER_Positive","Normal","ER_Positive vs Normal",5.11406654195643,1.76030530266273,12.4887724267832,0.00219136260268212,0.0147797212726394,"ER_Positive_higher"
"MDM1","Luminal_Epithelial","ER_Positive","Normal","ER_Positive vs Normal",1.26962439380601,2.57773177489194,13.0521967646022,0.00219280747293878,0.0147797212726394,"ER_Positive_higher"
"BEX2","Luminal_Epithelial","ER_Positive","Normal","ER_Positive vs Normal",-2.05660827440925,4.75570384416775,13.1287215161533,0.00219327242447978,0.0147797212726394,"Normal_higher"
"FAM222A","Luminal_Epithelial","ER_Positive","Normal","ER_Positive vs Normal",1.94807139156844,1.48477460586827,12.8044910317467,0.00219864292843444,0.0148063165193885,"ER_Positive_higher"
"ZBTB9","Luminal_Epithelial","ER_Positive","Normal","ER_Positive vs Normal",3.58574245436801,-0.331696406903919,11.7903250858101,0.00219919234502012,0.0148063165193885,"ER_Positive_higher"
"AC004381.6","Luminal_Epithelial","ER_Positive","Normal","ER_Positive vs Normal",2.01745087046635,0.977669597927381,12.6071658450789,0.00220029845382672,0.014807120581425,"ER_Positive_higher"
"URM1","Luminal_Epithelial","ER_Positive","Normal","ER_Positive vs Normal",-1.14860573236084,5.49029458944871,13.1354975613043,0.00220493870989515,0.0148316966469729,"Normal_higher"
"NBPF15","Luminal_Epithelial","ER_Positive","Normal","ER_Positive vs Normal",3.08139578998912,3.64061989006861,13.1230380190938,0.00220848466503607,0.0148488930861094,"ER_Positive_higher"
"CRIP2","Luminal_Epithelial","ER_Positive","Normal","ER_Positive vs Normal",1.98175301819921,7.88394224824306,13.112819278115,0.00221607616852493,0.0148932624545695,"ER_Positive_higher"
"C16orf89","Luminal_Epithelial","ER_Positive","Normal","ER_Positive vs Normal",5.40284176309054,3.15600599279765,12.9319095501655,0.00222202094181478,0.0149265301136143,"ER_Positive_higher"
"CTD-2619J13.3","Luminal_Epithelial","ER_Positive","Normal","ER_Positive vs Normal",4.78310315057725,-0.549900904959778,11.8262915351889,0.00222410284290147,0.014933830587661,"ER_Positive_higher"
"POLB","Luminal_Epithelial","ER_Positive","Normal","ER_Positive vs Normal",1.65437327708833,5.12011182327182,13.0978137152069,0.00223001128261769,0.0149668064929534,"ER_Positive_higher"
"SPON1","Luminal_Epithelial","ER_Positive","Normal","ER_Positive vs Normal",-3.2888133449456,0.10876238612445,12.4273404955125,0.0022324740500481,0.0149766374917621,"Normal_higher"
"PLSCR1","Luminal_Epithelial","ER_Positive","Normal","ER_Positive vs Normal",-2.24504413251549,6.25541074507625,13.0909220642503,0.00223429006631752,0.0149790947998688,"Normal_higher"
"FGF22","Luminal_Epithelial","ER_Positive","Normal","ER_Positive vs Normal",2.59795777218602,-0.490297246151712,11.9182873321391,0.00223506162889121,0.0149790947998688,"ER_Positive_higher"
"CTA-392C11.1","Luminal_Epithelial","ER_Positive","Normal","ER_Positive vs Normal",7.74190646923351,1.91470125475424,12.4577565432171,0.00223583476722236,0.0149790947998688,"ER_Positive_higher"
"ZNF385B","Luminal_Epithelial","ER_Positive","Normal","ER_Positive vs Normal",5.95066043645615,4.21620696513106,13.00643796772,0.00224059445708116,0.0150042842558755,"ER_Positive_higher"
"GALC","Luminal_Epithelial","ER_Positive","Normal","ER_Positive vs Normal",1.4048642643717,2.71432931977296,12.9967137009589,0.00224326983740452,0.015015499754652,"ER_Positive_higher"
"SLC7A4","Luminal_Epithelial","ER_Positive","Normal","ER_Positive vs Normal",3.40717750074021,1.65216459733439,12.7531841547292,0.00224460123845816,0.0150177132347488,"ER_Positive_higher"
"RAB8B","Luminal_Epithelial","ER_Positive","Normal","ER_Positive vs Normal",-1.59700518761207,3.10853015191068,12.8740132846503,0.00225148666306811,0.0150570678933436,"Normal_higher"
"HPX","Luminal_Epithelial","ER_Positive","Normal","ER_Positive vs Normal",5.05349305026189,3.67892851827542,13.0065647937004,0.00225694078820596,0.0150868197811167,"ER_Positive_higher"
"PTGDS","Luminal_Epithelial","ER_Positive","Normal","ER_Positive vs Normal",3.91598047154568,0.366625813650086,11.9609051051785,0.00225802923795403,0.015087375233293,"ER_Positive_higher"
"MEF2D","Luminal_Epithelial","ER_Positive","Normal","ER_Positive vs Normal",1.6929819974133,4.51812532401339,13.0477040655763,0.00226344618536221,0.0151168388534627,"ER_Positive_higher"
"ZNF713","Luminal_Epithelial","ER_Positive","Normal","ER_Positive vs Normal",1.71142953769852,0.840896269200106,12.4451095984245,0.00226500987894642,0.0151205530486428,"ER_Positive_higher"
"CIDEB","Luminal_Epithelial","ER_Positive","Normal","ER_Positive vs Normal",2.63058491604914,1.55248040470299,12.7253702855504,0.00227004579092927,0.0151405644217146,"ER_Positive_higher"
"LINC01139","Luminal_Epithelial","ER_Positive","Normal","ER_Positive vs Normal",4.2189008697509,2.00655424739997,12.742344003653,0.00227029502802254,0.0151405644217146,"ER_Positive_higher"
"SLC44A5","Luminal_Epithelial","ER_Positive","Normal","ER_Positive vs Normal",4.8561479918999,1.94829676388195,12.5779556570102,0.00227103421825012,0.0151405644217146,"ER_Positive_higher"
"SLC51A","Luminal_Epithelial","ER_Positive","Normal","ER_Positive vs Normal",-2.21888788771393,0.37962042079499,12.2656389115369,0.00227344584187477,0.0151499119667028,"Normal_higher"
"KIT","Luminal_Epithelial","ER_Positive","Normal","ER_Positive vs Normal",-3.25834810679734,1.95682770438898,12.129176292923,0.00227469118650917,0.0151514827500857,"Normal_higher"
"ZNF319","Luminal_Epithelial","ER_Positive","Normal","ER_Positive vs Normal",-1.60026111402062,0.0461653176436787,12.2356839924145,0.00227867547317493,0.0151712878553399,"Normal_higher"
"MFSD12","Luminal_Epithelial","ER_Positive","Normal","ER_Positive vs Normal",-1.32939014408622,3.71014548175167,12.9483117950053,0.00228210417511974,0.0151873779849321,"Normal_higher"
"CLIC2","Luminal_Epithelial","ER_Positive","Normal","ER_Positive vs Normal",2.53433596107622,-0.0131951762345272,12.0165287014268,0.00228420825808454,0.0151946424331005,"ER_Positive_higher"
"GS1-124K5.3","Luminal_Epithelial","ER_Positive","Normal","ER_Positive vs Normal",1.75359186084737,1.04843650969662,12.507059463978,0.00228692557234827,0.0152059778751575,"ER_Positive_higher"
"SESN2","Luminal_Epithelial","ER_Positive","Normal","ER_Positive vs Normal",-1.54962526899092,4.03966342272851,12.9594858057417,0.00228813653509771,0.0152072918433177,"Normal_higher"
"ALOXE3","Luminal_Epithelial","ER_Positive","Normal","ER_Positive vs Normal",-2.37146273959381,0.361375907837738,12.2461300870547,0.00228977827826486,0.0152114664107662,"Normal_higher"
"PLB1","Luminal_Epithelial","ER_Positive","Normal","ER_Positive vs Normal",-2.87856385662507,0.126379485502646,12.3281465133247,0.00229213725846461,0.0152203999282206,"Normal_higher"
"PCYOX1","Luminal_Epithelial","ER_Positive","Normal","ER_Positive vs Normal",1.52725061924256,4.8983016898583,12.9993462031903,0.00229592818577263,0.0152388298469216,"ER_Positive_higher"
"DDX31","Luminal_Epithelial","ER_Positive","Normal","ER_Positive vs Normal",-1.32762800619519,2.64199363768769,12.7201974898511,0.00230050180434881,0.0152615709334611,"Normal_higher"
"BRPF3","Luminal_Epithelial","ER_Positive","Normal","ER_Positive vs Normal",1.35489416101399,2.96341385301493,12.9360073225391,0.00230156713031898,0.0152615709334611,"ER_Positive_higher"
"BOK-AS1","Luminal_Epithelial","ER_Positive","Normal","ER_Positive vs Normal",2.77813353069343,-0.849157111419792,11.7303454853862,0.00230240661277154,0.0152615709334611,"ER_Positive_higher"
"IFT172","Luminal_Epithelial","ER_Positive","Normal","ER_Positive vs Normal",-1.77514046207661,4.43848856053356,12.9551502808596,0.00230342228055504,0.0152615709334611,"Normal_higher"
"NTM","Luminal_Epithelial","ER_Positive","Normal","ER_Positive vs Normal",5.40298611787908,1.08765112823182,11.9268482815571,0.00230621935200772,0.0152733600245277,"ER_Positive_higher"
"ATP13A4","Luminal_Epithelial","ER_Positive","Normal","ER_Positive vs Normal",3.03002968367303,-0.0706632052560953,11.8753759881678,0.00230954019263546,0.0152886059421616,"ER_Positive_higher"
"CRYZ","Luminal_Epithelial","ER_Positive","Normal","ER_Positive vs Normal",1.56639015117578,4.57295887506345,12.9725663790438,0.00231431461154068,0.0153134565147226,"ER_Positive_higher"
"BHLHE41","Luminal_Epithelial","ER_Positive","Normal","ER_Positive vs Normal",-2.84631208634244,2.90883620762578,12.4566084127239,0.00231699970246541,0.0153244665204488,"Normal_higher"
"PIAS2","Luminal_Epithelial","ER_Positive","Normal","ER_Positive vs Normal",1.2796023020081,3.85159573629991,12.9486149710908,0.00232383309247876,0.0153628912858276,"ER_Positive_higher"
"ARSB","Luminal_Epithelial","ER_Positive","Normal","ER_Positive vs Normal",-1.94290391890818,0.224031455315973,12.1841523275892,0.00232626885426589,0.0153722222351247,"Normal_higher"
"PSMD7","Luminal_Epithelial","ER_Positive","Normal","ER_Positive vs Normal",-1.9914384255245,6.88500685409225,12.9483135555543,0.00232954618770132,0.0153871037142754,"Normal_higher"
"RBKS","Luminal_Epithelial","ER_Positive","Normal","ER_Positive vs Normal",2.32730817629181,4.06167142203596,12.9426174291454,0.00233359020354642,0.0154070339571584,"ER_Positive_higher"
"CKS1B","Luminal_Epithelial","ER_Positive","Normal","ER_Positive vs Normal",-1.47019678203742,6.36007105225116,12.9220680003572,0.00234825118499102,0.0154970121078101,"Normal_higher"
"CEP70","Luminal_Epithelial","ER_Positive","Normal","ER_Positive vs Normal",1.36227502903699,3.62304723332906,12.8993796678623,0.00235358854701487,0.015525408054968,"ER_Positive_higher"
"CNPY4","Luminal_Epithelial","ER_Positive","Normal","ER_Positive vs Normal",1.45048391296711,2.50502233995381,12.806219112809,0.00235720873730338,0.0155424567314199,"ER_Positive_higher"
"ERI2","Luminal_Epithelial","ER_Positive","Normal","ER_Positive vs Normal",1.39149476950612,3.42373419580743,12.8843123527953,0.00235889732151137,0.0155467598172688,"ER_Positive_higher"
"IRF7","Luminal_Epithelial","ER_Positive","Normal","ER_Positive vs Normal",1.57757964646114,5.99819042235725,12.8994378852699,0.002363139256717,0.0155651660456688,"ER_Positive_higher"
"RNF24","Luminal_Epithelial","ER_Positive","Normal","ER_Positive vs Normal",-1.61917214624054,4.60145919553448,12.8813464358607,0.00236376447111876,0.0155651660456688,"Normal_higher"
"NUP93","Luminal_Epithelial","ER_Positive","Normal","ER_Positive vs Normal",-1.32795066782231,3.36809598653037,12.7734644401727,0.00237341662608301,0.0156218698717666,"Normal_higher"
"TIMM22","Luminal_Epithelial","ER_Positive","Normal","ER_Positive vs Normal",-1.29756791577174,4.91048530104796,12.8790333230902,0.00237469066522497,0.0156234032499041,"Normal_higher"
"ZBTB12","Luminal_Epithelial","ER_Positive","Normal","ER_Positive vs Normal",3.18868678660039,-0.886424323669701,11.5583408549611,0.00237690999368343,0.0156311517419839,"ER_Positive_higher"
"TMEM25","Luminal_Epithelial","ER_Positive","Normal","ER_Positive vs Normal",1.92514843310814,5.18848398104864,12.8797603733415,0.00237857780946989,0.0156352681501159,"ER_Positive_higher"
"FAM102B","Luminal_Epithelial","ER_Positive","Normal","ER_Positive vs Normal",2.48927463326727,2.4948609340542,12.7839566830299,0.00238025083870681,0.0156394152086134,"ER_Positive_higher"
"C2orf47","Luminal_Epithelial","ER_Positive","Normal","ER_Positive vs Normal",-1.26166160614165,4.47021853840937,12.8448775355354,0.00239071542550388,0.0157012982015478,"Normal_higher"
"PTN","Luminal_Epithelial","ER_Positive","Normal","ER_Positive vs Normal",-4.11471760945606,4.3024035773086,12.4763778104676,0.0023988335141675,0.015747722898999,"Normal_higher"
"SYCP2","Luminal_Epithelial","ER_Positive","Normal","ER_Positive vs Normal",2.80384226085841,4.19468725743281,12.8408226434879,0.00240739666921959,0.0157911253443216,"ER_Positive_higher"
"EHD1","Luminal_Epithelial","ER_Positive","Normal","ER_Positive vs Normal",-1.86057667540169,4.55526142489543,12.8111430681841,0.00240754946277123,0.0157911253443216,"Normal_higher"
"GPRC5A","Luminal_Epithelial","ER_Positive","Normal","ER_Positive vs Normal",2.01668997556066,8.046172763225,12.8308721240028,0.00240935944386491,0.0157960931297862,"ER_Positive_higher"
"MTAP","Luminal_Epithelial","ER_Positive","Normal","ER_Positive vs Normal",-1.33918859574465,3.99919782781955,12.7788787020267,0.00241887901943952,0.0158446606044212,"Normal_higher"
"IL2RG","Luminal_Epithelial","ER_Positive","Normal","ER_Positive vs Normal",5.27481739098112,0.159548045531593,11.5955838576098,0.0024213583606576,0.0158517173769601,"ER_Positive_higher"
"LRTOMT","Luminal_Epithelial","ER_Positive","Normal","ER_Positive vs Normal",1.68524825301841,3.91103788276627,12.8127970225095,0.00242206889753911,0.0158517173769601,"ER_Positive_higher"
"THBS3","Luminal_Epithelial","ER_Positive","Normal","ER_Positive vs Normal",1.88672644949583,2.47080356111435,12.7056111550546,0.00243148493059849,0.0159064055594994,"ER_Positive_higher"
"CTD-2012K14.8","Luminal_Epithelial","ER_Positive","Normal","ER_Positive vs Normal",2.04381795435536,1.16387189184648,12.3551263959188,0.00243590915864387,0.0159217580774739,"ER_Positive_higher"
"KCTD9","Luminal_Epithelial","ER_Positive","Normal","ER_Positive vs Normal",-1.42666943417186,4.20823629761931,12.7656594983694,0.00243665849444315,0.0159217580774739,"Normal_higher"
"WDPCP","Luminal_Epithelial","ER_Positive","Normal","ER_Positive vs Normal",1.44586953014839,1.75741423930206,12.5398010930772,0.00243701461344423,0.0159217580774739,"ER_Positive_higher"
"PAX9","Luminal_Epithelial","ER_Positive","Normal","ER_Positive vs Normal",2.29594358957721,2.28212236126162,12.6651494201758,0.0024450415461967,0.015967249122617,"ER_Positive_higher"
"CTSS","Luminal_Epithelial","ER_Positive","Normal","ER_Positive vs Normal",-2.35762906932078,4.2204881706721,12.7001559324081,0.00244875803847229,0.0159845636726201,"Normal_higher"
"KIF13B","Luminal_Epithelial","ER_Positive","Normal","ER_Positive vs Normal",1.8517995437664,4.72367035304577,12.7771515322013,0.00245330979986986,0.0160026940029381,"ER_Positive_higher"
"HNRNPL","Luminal_Epithelial","ER_Positive","Normal","ER_Positive vs Normal",1.27532873251102,5.51737789366581,12.774618196434,0.00245366821488376,0.0160026940029381,"ER_Positive_higher"
"C4orf33","Luminal_Epithelial","ER_Positive","Normal","ER_Positive vs Normal",1.47479511370382,2.71538349675012,12.6926525611886,0.00245912471461718,0.0160313138975934,"ER_Positive_higher"
"ZDHHC11","Luminal_Epithelial","ER_Positive","Normal","ER_Positive vs Normal",1.98036155825397,0.348213852561242,11.9749836829553,0.00246048084439311,0.016033189766308,"ER_Positive_higher"
"OXR1","Luminal_Epithelial","ER_Positive","Normal","ER_Positive vs Normal",1.48233411149938,5.09859558027598,12.7650337747975,0.00246156308822387,0.0160332800629235,"ER_Positive_higher"
"STRADB","Luminal_Epithelial","ER_Positive","Normal","ER_Positive vs Normal",1.60177191872219,4.15620527423769,12.7586413803272,0.0024642413453988,0.0160437613320606,"ER_Positive_higher"
"GUCY1A3","Luminal_Epithelial","ER_Positive","Normal","ER_Positive vs Normal",-3.16411873848708,2.80483942571973,12.1174251867358,0.00246647277271585,0.0160513256288581,"Normal_higher"
"PQLC1","Luminal_Epithelial","ER_Positive","Normal","ER_Positive vs Normal",-1.28527713672588,3.29839786931213,12.6401773030552,0.0024676303276098,0.016051897844144,"Normal_higher"
"RP11-701H24.9","Luminal_Epithelial","ER_Positive","Normal","ER_Positive vs Normal",2.11568404613396,0.266363261953988,11.9192787172386,0.00246965626613636,0.0160547599656908,"ER_Positive_higher"
"PCAT19","Luminal_Epithelial","ER_Positive","Normal","ER_Positive vs Normal",4.22148485915754,-0.671557220452497,11.4540287585174,0.00247020995274073,0.0160547599656908,"ER_Positive_higher"
"RP11-624L4.1","Luminal_Epithelial","ER_Positive","Normal","ER_Positive vs Normal",4.53192945171049,1.04241786276978,11.8939771722834,0.00250011996475787,0.0162349753150249,"ER_Positive_higher"
"CNTNAP3","Luminal_Epithelial","ER_Positive","Normal","ER_Positive vs Normal",-3.54800930260574,-0.450915699067033,11.9105929438673,0.00250019798297093,0.0162349753150249,"Normal_higher"
"BDH1","Luminal_Epithelial","ER_Positive","Normal","ER_Positive vs Normal",1.45574724499255,4.37253664972872,12.7106678078506,0.00250118364285585,0.0162349753150249,"ER_Positive_higher"
"RBM8A","Luminal_Epithelial","ER_Positive","Normal","ER_Positive vs Normal",-1.15557535172427,8.00953191075805,12.6998097887015,0.00250623138212473,0.0162447561239142,"Normal_higher"
"CTD-2342J14.6","Luminal_Epithelial","ER_Positive","Normal","ER_Positive vs Normal",2.8554768236349,0.150743439486055,11.75549050683,0.002506626101521,0.0162447561239142,"ER_Positive_higher"
"PLA2G10","Luminal_Epithelial","ER_Positive","Normal","ER_Positive vs Normal",4.60268688113846,2.97635146934734,12.6060152263313,0.00250688204880433,0.0162447561239142,"ER_Positive_higher"
"RP11-519G16.5","Luminal_Epithelial","ER_Positive","Normal","ER_Positive vs Normal",-3.98645433940267,1.81981244189332,11.9410122363333,0.00250702040267777,0.0162447561239142,"Normal_higher"
"SDCCAG8","Luminal_Epithelial","ER_Positive","Normal","ER_Positive vs Normal",1.24189287107975,5.3704663106034,12.6981760589584,0.002510835269493,0.0162567238830536,"ER_Positive_higher"
"CHST8","Luminal_Epithelial","ER_Positive","Normal","ER_Positive vs Normal",3.62406691312883,2.455944058699,12.5841258618132,0.00251138018918333,0.0162567238830536,"ER_Positive_higher"
"HEBP2","Luminal_Epithelial","ER_Positive","Normal","ER_Positive vs Normal",-1.77908352059928,7.26428205626289,12.6933306005604,0.00251253860041743,0.0162567238830536,"Normal_higher"
"TBC1D1","Luminal_Epithelial","ER_Positive","Normal","ER_Positive vs Normal",-1.74853110279117,3.18994385528494,12.5076672767761,0.00251320046702768,0.0162567238830536,"Normal_higher"
"CAPRIN2","Luminal_Epithelial","ER_Positive","Normal","ER_Positive vs Normal",1.57808820076414,1.71927140235451,12.42209650671,0.0025257148947187,0.0163254306827844,"ER_Positive_higher"
"CCDC160","Luminal_Epithelial","ER_Positive","Normal","ER_Positive vs Normal",2.77842179322471,3.14728839112656,12.6511892359329,0.00252599787068871,0.0163254306827844,"ER_Positive_higher"
"RP11-277P12.20","Luminal_Epithelial","ER_Positive","Normal","ER_Positive vs Normal",-2.42786165292154,0.0558670297153395,12.0031449329394,0.00252953636715374,0.0163399175729982,"Normal_higher"
"AC007743.1","Luminal_Epithelial","ER_Positive","Normal","ER_Positive vs Normal",3.56983488914141,-1.11528333475987,11.4143582601533,0.00253041703469367,0.0163399175729982,"ER_Positive_higher"
"LRG1","Luminal_Epithelial","ER_Positive","Normal","ER_Positive vs Normal",2.48401056563972,4.3130561504504,12.6722038009457,0.00253157262008983,0.0163403485202959,"ER_Positive_higher"
"XXbac-B135H6.15","Luminal_Epithelial","ER_Positive","Normal","ER_Positive vs Normal",2.21992992949915,2.43136229412932,12.5698208398068,0.00253291394145694,0.0163419774374223,"ER_Positive_higher"
"AGTRAP","Luminal_Epithelial","ER_Positive","Normal","ER_Positive vs Normal",-1.13378407062529,6.82640142804499,12.6592539232446,0.00253848647237264,0.0163708923467538,"Normal_higher"
"RAB3D","Luminal_Epithelial","ER_Positive","Normal","ER_Positive vs Normal",1.57366955412762,4.20000345543699,12.6519132695886,0.00254457231229828,0.0164030913619674,"ER_Positive_higher"
"EHD2","Luminal_Epithelial","ER_Positive","Normal","ER_Positive vs Normal",-1.96656536312558,3.60481696296304,12.5186614567906,0.0025480640016166,0.0164185472186605,"Normal_higher"
"VTN","Luminal_Epithelial","ER_Positive","Normal","ER_Positive vs Normal",6.90015414379852,0.102244749659221,11.9896068497134,0.00255326275237912,0.0164449846029843,"ER_Positive_higher"
"CTD-2192J16.22","Luminal_Epithelial","ER_Positive","Normal","ER_Positive vs Normal",4.88710478814269,2.53970292054774,12.4024349654123,0.00256023830024933,0.0164828383405584,"ER_Positive_higher"
"DYNC2LI1","Luminal_Epithelial","ER_Positive","Normal","ER_Positive vs Normal",1.26754269426233,4.72346453750677,12.6306490073968,0.00256265173025819,0.0164913012504222,"ER_Positive_higher"
"VPS41","Luminal_Epithelial","ER_Positive","Normal","ER_Positive vs Normal",1.04287495932041,4.12409360127253,12.6228450080623,0.00256480344389314,0.0164980734172758,"ER_Positive_higher"
"SYCE1L","Luminal_Epithelial","ER_Positive","Normal","ER_Positive vs Normal",-3.55558567739154,3.48301195752143,12.1286380067146,0.0025680996701081,0.0165121986929359,"Normal_higher"
"ZNF423","Luminal_Epithelial","ER_Positive","Normal","ER_Positive vs Normal",6.51654453289669,2.0623469479512,11.7544470975094,0.0025740952673781,0.0165436606756073,"ER_Positive_higher"
"ZPR1","Luminal_Epithelial","ER_Positive","Normal","ER_Positive vs Normal",-1.48451813175202,5.01067041084834,12.6069189211499,0.00257619033828549,0.0165480320453565,"Normal_higher"
"TM4SF1","Luminal_Epithelial","ER_Positive","Normal","ER_Positive vs Normal",-2.58454790473665,9.82830457541373,12.6062977391715,0.00257698080162578,0.0165480320453565,"Normal_higher"
"ERBB2","Luminal_Epithelial","ER_Positive","Normal","ER_Positive vs Normal",1.47311517106828,5.68944515918513,12.606570953737,0.00258010705976966,0.0165610208066567,"ER_Positive_higher"
"NOP56","Luminal_Epithelial","ER_Positive","Normal","ER_Positive vs Normal",-2.03666313427776,6.40764345022826,12.6030479822862,0.00258354278598802,0.0165691708242203,"Normal_higher"
"SYF2","Luminal_Epithelial","ER_Positive","Normal","ER_Positive vs Normal",-1.1149808078293,6.8067034790782,12.6006824195719,0.00258375061408745,0.0165691708242203,"Normal_higher"
"TPRA1","Luminal_Epithelial","ER_Positive","Normal","ER_Positive vs Normal",-1.40302272311703,4.80574324621903,12.5925213171375,0.00258468907173318,0.0165691708242203,"Normal_higher"
"CLDN15","Luminal_Epithelial","ER_Positive","Normal","ER_Positive vs Normal",2.03364822632274,3.96146630263068,12.5934417098674,0.00258843625836751,0.0165861071431773,"ER_Positive_higher"
"LINC00863","Luminal_Epithelial","ER_Positive","Normal","ER_Positive vs Normal",2.64403018808201,2.93745779581696,12.55152444874,0.00259091286983925,0.0165948909251718,"ER_Positive_higher"
"ABCC5","Luminal_Epithelial","ER_Positive","Normal","ER_Positive vs Normal",2.75078511837447,3.83372497709345,12.5805297461244,0.00259898475088672,0.0166394898278827,"ER_Positive_higher"
"SURF2","Luminal_Epithelial","ER_Positive","Normal","ER_Positive vs Normal",-1.36768126924876,5.48611867550961,12.5801838406682,0.00260121115269874,0.0166466421187847,"Normal_higher"
"MUC6","Luminal_Epithelial","ER_Positive","Normal","ER_Positive vs Normal",8.74272127816795,4.27736425158633,11.803261071779,0.00260479045596035,0.0166624426140652,"ER_Positive_higher"
"PLEKHH3","Luminal_Epithelial","ER_Positive","Normal","ER_Positive vs Normal",1.64982398631995,4.13560067429766,12.5708215898041,0.00260696481657226,0.0166692462728163,"ER_Positive_higher"
"CGA","Luminal_Epithelial","ER_Positive","Normal","ER_Positive vs Normal",9.05557409529002,6.61505794204683,12.3866318764079,0.00261162879320564,0.0166919562604928,"ER_Positive_higher"
"AL592183.1","Luminal_Epithelial","ER_Positive","Normal","ER_Positive vs Normal",-2.2133864474432,2.03957192955395,11.908475621644,0.00261308469509945,0.0166941515620934,"Normal_higher"
"ALG6","Luminal_Epithelial","ER_Positive","Normal","ER_Positive vs Normal",1.58161034907749,3.87215084007962,12.5506011449584,0.00261917434064305,0.0167259358851192,"ER_Positive_higher"
"METTL7A","Luminal_Epithelial","ER_Positive","Normal","ER_Positive vs Normal",2.66318634913574,2.78839984210732,12.5013315104396,0.00262107103244261,0.0167309285341839,"ER_Positive_higher"
"ATP2A3","Luminal_Epithelial","ER_Positive","Normal","ER_Positive vs Normal",3.11352178871716,2.61321230638376,12.4742317692732,0.00262584351757461,0.0167471691779607,"ER_Positive_higher"
"TNFRSF10D","Luminal_Epithelial","ER_Positive","Normal","ER_Positive vs Normal",-2.50898360914393,1.76942826884913,11.7489850068997,0.00262584720968492,0.0167471691779607,"Normal_higher"
"DTNA","Luminal_Epithelial","ER_Positive","Normal","ER_Positive vs Normal",-2.48291686053516,3.01233113128567,12.1773559386699,0.00263103067878526,0.0167730999985261,"Normal_higher"
"CEP131","Luminal_Epithelial","ER_Positive","Normal","ER_Positive vs Normal",1.69241375503523,2.52604243906413,12.437304875898,0.00264202049181032,0.016836009138258,"ER_Positive_higher"
"DNAJB2","Luminal_Epithelial","ER_Positive","Normal","ER_Positive vs Normal",-1.72558925739207,5.28488414038564,12.5199299052799,0.00264614164490592,0.0168551136099759,"Normal_higher"
"LKAAEAR1","Luminal_Epithelial","ER_Positive","Normal","ER_Positive vs Normal",3.61196743731547,0.795598513728984,11.8015472445678,0.00264773159797811,0.0168580857407117,"ER_Positive_higher"
"MYADM","Luminal_Epithelial","ER_Positive","Normal","ER_Positive vs Normal",1.86925513172153,6.59703292789438,12.516402664243,0.00264908974619972,0.0168595800768529,"ER_Positive_higher"
"PPP1R7","Luminal_Epithelial","ER_Positive","Normal","ER_Positive vs Normal",-1.12616655373533,6.03094351680114,12.5060459071805,0.00265989527633726,0.0169211735531977,"Normal_higher"
"HOXB2","Luminal_Epithelial","ER_Positive","Normal","ER_Positive vs Normal",2.58471505384558,6.47292504311276,12.5017075091204,0.00266124889296525,0.0169226110748854,"ER_Positive_higher"
"METAP2","Luminal_Epithelial","ER_Positive","Normal","ER_Positive vs Normal",-1.29237654987444,6.42826237113146,12.4995000638718,0.00266454203330612,0.0169363753891677,"Normal_higher"
"CLDN8","Luminal_Epithelial","ER_Positive","Normal","ER_Positive vs Normal",-3.0264730425093,3.42138741833355,12.1328830945831,0.002676409291459,0.0170027762723148,"Normal_higher"
"TROAP","Luminal_Epithelial","ER_Positive","Normal","ER_Positive vs Normal",-3.10241815337819,1.52406528673971,11.6695243635828,0.00267765652128163,0.0170027762723148,"Normal_higher"
"CNGA1","Luminal_Epithelial","ER_Positive","Normal","ER_Positive vs Normal",-2.65193415677306,0.330842282362648,11.8258306187322,0.0026783876262912,0.0170027762723148,"Normal_higher"
"SMN2","Luminal_Epithelial","ER_Positive","Normal","ER_Positive vs Normal",-2.08187869869976,2.59328049189338,12.0649820973018,0.00268067981676535,0.017010131928202,"Normal_higher"
"KLHL2","Luminal_Epithelial","ER_Positive","Normal","ER_Positive vs Normal",-1.68500396396518,2.00680981481533,11.9441838006981,0.00268506172213234,0.0170307359526797,"Normal_higher"
"ENTPD5","Luminal_Epithelial","ER_Positive","Normal","ER_Positive vs Normal",1.81896061257369,4.16167325442645,12.4671139277754,0.00269042837513639,0.0170575659593037,"ER_Positive_higher"
"ATP8B3","Luminal_Epithelial","ER_Positive","Normal","ER_Positive vs Normal",1.72588005247086,-0.375799611692387,11.5315287084465,0.00269718185386444,0.0170931621963444,"ER_Positive_higher"
"STRA6","Luminal_Epithelial","ER_Positive","Normal","ER_Positive vs Normal",-3.20541474141582,0.23582973253956,11.8397245416433,0.00270441436706977,0.0171317629407413,"Normal_higher"
"OAS2","Luminal_Epithelial","ER_Positive","Normal","ER_Positive vs Normal",3.07091438516105,2.34596510390469,12.3344347494976,0.00270867857153522,0.0171515355793372,"ER_Positive_higher"
"C5orf30","Luminal_Epithelial","ER_Positive","Normal","ER_Positive vs Normal",2.0938115218859,4.55742885161625,12.4462324077382,0.00271008767389055,0.0171532204648146,"ER_Positive_higher"
"NOXO1","Luminal_Epithelial","ER_Positive","Normal","ER_Positive vs Normal",-2.52144434037765,3.69152178748285,12.2575932350486,0.00271314465979208,0.0171653296414417,"Normal_higher"
"ARL2","Luminal_Epithelial","ER_Positive","Normal","ER_Positive vs Normal",-2.45386044583488,6.21594911829556,12.4381356208603,0.00271531296637965,0.0171718085488662,"Normal_higher"
"C8orf37-AS1","Luminal_Epithelial","ER_Positive","Normal","ER_Positive vs Normal",3.26983473522957,1.10109010592887,11.9324107300291,0.00271672500663568,0.017173501337229,"ER_Positive_higher"
"NUDT16L1","Luminal_Epithelial","ER_Positive","Normal","ER_Positive vs Normal",1.26019303602906,6.00392049993124,12.429841829633,0.00272058300746604,0.0171851024414154,"ER_Positive_higher"
"CLTA","Luminal_Epithelial","ER_Positive","Normal","ER_Positive vs Normal",-1.16560886911269,7.9511154914029,12.4269134052859,0.00272099561618586,0.0171851024414154,"Normal_higher"
"NOL12","Luminal_Epithelial","ER_Positive","Normal","ER_Positive vs Normal",-1.4210689970257,3.17143586550085,12.2809070691403,0.00272247361964596,0.0171851024414154,"Normal_higher"
"LARP1B","Luminal_Epithelial","ER_Positive","Normal","ER_Positive vs Normal",-1.4585127085553,4.621575918411,12.413380998729,0.00272360758479304,0.0171851024414154,"Normal_higher"
"KMT5C","Luminal_Epithelial","ER_Positive","Normal","ER_Positive vs Normal",1.69668930421085,3.98204376967379,12.422968570769,0.00272428591378205,0.0171851024414154,"ER_Positive_higher"
"MIR210HG","Luminal_Epithelial","ER_Positive","Normal","ER_Positive vs Normal",-2.53838931523048,3.15824652882236,12.0794434224516,0.00273378115264341,0.0172377536797141,"Normal_higher"
"SP110","Luminal_Epithelial","ER_Positive","Normal","ER_Positive vs Normal",1.33697159144366,3.15159630649576,12.3764557369862,0.00273596516720739,0.01724427940541,"ER_Positive_higher"
"AP3D1","Luminal_Epithelial","ER_Positive","Normal","ER_Positive vs Normal",-1.42081769313395,5.1450519244023,12.4073181390336,0.00273815091074844,0.0172484201060204,"Normal_higher"
"PDE4D","Luminal_Epithelial","ER_Positive","Normal","ER_Positive vs Normal",2.62634834913742,1.39906745505852,12.0712805163945,0.00273892084444903,0.0172484201060204,"ER_Positive_higher"
"MYH9","Luminal_Epithelial","ER_Positive","Normal","ER_Positive vs Normal",-1.31417129262967,6.44952053594394,12.4053543647574,0.00274149604237818,0.0172526086294606,"Normal_higher"
"JADE3","Luminal_Epithelial","ER_Positive","Normal","ER_Positive vs Normal",1.8790378569802,2.84894130376251,12.3533306284979,0.00274203882191435,0.0172526086294606,"ER_Positive_higher"
"RP11-355B11.2","Luminal_Epithelial","ER_Positive","Normal","ER_Positive vs Normal",1.89316414061395,1.5331106500054,12.1132663240028,0.00274303486305677,0.0172526086294606,"ER_Positive_higher"
"LOXL1-AS1","Luminal_Epithelial","ER_Positive","Normal","ER_Positive vs Normal",1.59251289940232,2.48859909829833,12.2977675550507,0.0027511557959152,0.0172964369624212,"ER_Positive_higher"
"ZNF862","Luminal_Epithelial","ER_Positive","Normal","ER_Positive vs Normal",2.27751135749436,2.52610927710008,12.3043657854976,0.00275778047157652,0.0173308256017374,"ER_Positive_higher"
"CCNE2","Luminal_Epithelial","ER_Positive","Normal","ER_Positive vs Normal",2.17245420235183,1.36101437677614,12.0379232801333,0.00275997959883504,0.0173373854498608,"ER_Positive_higher"
"RP11-420A23.1","Luminal_Epithelial","ER_Positive","Normal","ER_Positive vs Normal",2.0458191868017,-0.129935069352875,11.4719335011154,0.00276201832519249,0.0173429326385622,"ER_Positive_higher"
"KB-1562D12.1","Luminal_Epithelial","ER_Positive","Normal","ER_Positive vs Normal",2.729705386299,1.65966986069215,12.117565533404,0.00276436494780799,0.0173504076837117,"ER_Positive_higher"
"SMIM1","Luminal_Epithelial","ER_Positive","Normal","ER_Positive vs Normal",2.33056176546878,5.05162910810089,12.3762587648632,0.00276776200022682,0.0173590933926955,"ER_Positive_higher"
"LMOD3","Luminal_Epithelial","ER_Positive","Normal","ER_Positive vs Normal",-2.05347073274731,0.423986174637608,11.6239611335484,0.00276806227018861,0.0173590933926955,"Normal_higher"
"MRPS11","Luminal_Epithelial","ER_Positive","Normal","ER_Positive vs Normal",-1.01293861113188,5.74073080725155,12.3708359038376,0.00277135674012994,0.017372493984599,"Normal_higher"
"SIRT4","Luminal_Epithelial","ER_Positive","Normal","ER_Positive vs Normal",-1.65604396409296,0.523766002806768,11.5640738636573,0.002776137951817,0.017395199266354,"Normal_higher"
"ASB16-AS1","Luminal_Epithelial","ER_Positive","Normal","ER_Positive vs Normal",1.30268015853663,3.17908919848424,12.3255116467109,0.00277981109726476,0.0174064961538074,"ER_Positive_higher"
"DTYMK","Luminal_Epithelial","ER_Positive","Normal","ER_Positive vs Normal",-1.1529641895374,5.40198049849044,12.3600486461599,0.00278026063041755,0.0174064961538074,"Normal_higher"
"FSTL4","Luminal_Epithelial","ER_Positive","Normal","ER_Positive vs Normal",3.86144799694529,1.48441679904357,11.95928047154,0.00278186854685654,0.0174092999510743,"ER_Positive_higher"
"RAD23A","Luminal_Epithelial","ER_Positive","Normal","ER_Positive vs Normal",-1.04258167633298,7.41509048765596,12.3380358954181,0.00279609219119313,0.0174755424036042,"Normal_higher"
"RP11-66N11.8","Luminal_Epithelial","ER_Positive","Normal","ER_Positive vs Normal",2.42348854445262,2.69471584481519,12.2768259079417,0.00279671713524526,0.0174755424036042,"ER_Positive_higher"
"UPF2","Luminal_Epithelial","ER_Positive","Normal","ER_Positive vs Normal",-1.20250094865407,5.22620751625316,12.3393389058179,0.00279681466616372,0.0174755424036042,"Normal_higher"
"CACFD1","Luminal_Epithelial","ER_Positive","Normal","ER_Positive vs Normal",1.45235453478825,3.88296947490307,12.3333202645859,0.00279711153817933,0.0174755424036042,"ER_Positive_higher"
"TAT","Luminal_Epithelial","ER_Positive","Normal","ER_Positive vs Normal",7.43133952634726,4.31757967766554,11.9870747551027,0.00279979463845001,0.0174850262751641,"ER_Positive_higher"
"PAM","Luminal_Epithelial","ER_Positive","Normal","ER_Positive vs Normal",-2.16399911882169,4.13479339646324,12.2607988323211,0.002804076162625,0.0175044804378175,"Normal_higher"
"LINC00504","Luminal_Epithelial","ER_Positive","Normal","ER_Positive vs Normal",2.27213466564918,2.73708488020085,12.2692562678063,0.00280753546964822,0.0175187878557218,"ER_Positive_higher"
"UBAP1","Luminal_Epithelial","ER_Positive","Normal","ER_Positive vs Normal",-1.40072123795188,5.08160846205813,12.312313697526,0.00281767017852765,0.0175747200204341,"Normal_higher"
"PEX11G","Luminal_Epithelial","ER_Positive","Normal","ER_Positive vs Normal",1.43440864293535,3.61587819280348,12.3002769791671,0.00281915901329097,0.0175767010022674,"ER_Positive_higher"
"LINC00243","Luminal_Epithelial","ER_Positive","Normal","ER_Positive vs Normal",4.26020223749039,0.95374680831263,11.5372799239044,0.00282473981156661,0.0175999846864078,"ER_Positive_higher"
"ASCL2","Luminal_Epithelial","ER_Positive","Normal","ER_Positive vs Normal",3.97962484966129,2.84620316368386,12.2374253527742,0.00282523909572576,0.0175999846864078,"ER_Positive_higher"
"CCDC96","Luminal_Epithelial","ER_Positive","Normal","ER_Positive vs Normal",1.80505295147598,1.55607601170457,12.009889741986,0.00283754949834105,0.0176693383077195,"ER_Positive_higher"
"CDK11B","Luminal_Epithelial","ER_Positive","Normal","ER_Positive vs Normal",-1.18047434596407,4.35713737917969,12.2628025188842,0.00284806875507076,0.017727485610679,"Normal_higher"
"ATF3","Luminal_Epithelial","ER_Positive","Normal","ER_Positive vs Normal",2.72961608532956,9.12037632631011,12.2600505364068,0.00286145261485948,0.0178010547022232,"ER_Positive_higher"
"LINC01269","Luminal_Epithelial","ER_Positive","Normal","ER_Positive vs Normal",-3.09684701825285,-0.517762743712581,11.6091010457058,0.00286226061147894,0.0178010547022232,"Normal_higher"
"COG7","Luminal_Epithelial","ER_Positive","Normal","ER_Positive vs Normal",1.39855575522769,4.27585806742912,12.2530826439465,0.00287114008003539,0.0178457569130984,"ER_Positive_higher"
"CD46","Luminal_Epithelial","ER_Positive","Normal","ER_Positive vs Normal",1.51083212884341,7.41907329232293,12.2491043825987,0.00287182667722614,0.0178457569130984,"ER_Positive_higher"
"AC093673.5","Luminal_Epithelial","ER_Positive","Normal","ER_Positive vs Normal",-2.56334964668915,3.05138566384509,11.9015070065736,0.00287334092800945,0.0178477762030785,"Normal_higher"
"JDP2","Luminal_Epithelial","ER_Positive","Normal","ER_Positive vs Normal",2.32726068161273,2.54177853702009,12.1693199937826,0.00287720452522971,0.0178643807654622,"ER_Positive_higher"
"POLD4","Luminal_Epithelial","ER_Positive","Normal","ER_Positive vs Normal",2.64621429065133,6.07741054021623,12.2256151813414,0.00289476294867704,0.0179659667373021,"ER_Positive_higher"
"ACSF2","Luminal_Epithelial","ER_Positive","Normal","ER_Positive vs Normal",1.71585719812356,4.54719131897341,12.225667376984,0.00289728627136972,0.0179741939125446,"ER_Positive_higher"
"SCAMP1","Luminal_Epithelial","ER_Positive","Normal","ER_Positive vs Normal",1.27493871760044,5.15823580393511,12.2118000657887,0.00290905346942299,0.0180397377750541,"ER_Positive_higher"
"ERMAP","Luminal_Epithelial","ER_Positive","Normal","ER_Positive vs Normal",1.50783623295999,1.52625279312728,11.9068570593423,0.00291377157794415,0.0180543612793349,"ER_Positive_higher"
"MT-ND4L","Luminal_Epithelial","ER_Positive","Normal","ER_Positive vs Normal",3.83086792428206,11.0080143121566,12.1995402087027,0.00291480052312704,0.0180543612793349,"ER_Positive_higher"
"AC004156.3","Luminal_Epithelial","ER_Positive","Normal","ER_Positive vs Normal",1.87319627474435,-1.12912548974389,11.2312306704295,0.00291502081560794,0.0180543612793349,"ER_Positive_higher"
"LRRC59","Luminal_Epithelial","ER_Positive","Normal","ER_Positive vs Normal",-1.4957065300749,7.0323104508881,12.19226367763,0.00292408955131892,0.0181030577131366,"Normal_higher"
"CDH13","Luminal_Epithelial","ER_Positive","Normal","ER_Positive vs Normal",-2.27860715319808,-0.224735668241125,11.5828411641076,0.00292807514024322,0.0181202571668577,"Normal_higher"
"RP11-796E2.4","Luminal_Epithelial","ER_Positive","Normal","ER_Positive vs Normal",-1.90156348509717,1.84572691966341,11.5550524337331,0.00293536983782322,0.0181579122655454,"Normal_higher"
"GLUD2","Luminal_Epithelial","ER_Positive","Normal","ER_Positive vs Normal",2.58750541182957,0.279575754054328,11.3775172336959,0.00294113435445301,0.0181860746836738,"ER_Positive_higher"
"CTD-2523D13.2","Luminal_Epithelial","ER_Positive","Normal","ER_Positive vs Normal",4.76866542199812,-1.0481792886891,11.2246972588749,0.0029475528052674,0.0182182557449126,"ER_Positive_higher"
"CACNA2D4","Luminal_Epithelial","ER_Positive","Normal","ER_Positive vs Normal",2.48449121067207,-1.14523220254843,11.0643007353591,0.00295189693185757,0.0182375945888788,"ER_Positive_higher"
"NRBF2","Luminal_Epithelial","ER_Positive","Normal","ER_Positive vs Normal",-1.16131348177548,5.16228661712411,12.1529393812443,0.00296006561481689,0.0182805369059906,"Normal_higher"
"BDNF-AS","Luminal_Epithelial","ER_Positive","Normal","ER_Positive vs Normal",1.80965041754823,1.33699560161978,11.8037161832244,0.00296449928436151,0.0183003869849499,"ER_Positive_higher"
"TRPV1","Luminal_Epithelial","ER_Positive","Normal","ER_Positive vs Normal",1.98935834300054,0.529413208861639,11.483351303635,0.00298099872824571,0.0183946743070656,"ER_Positive_higher"
"CD163L1","Luminal_Epithelial","ER_Positive","Normal","ER_Positive vs Normal",-2.1540224263514,4.64130633848117,12.0941200477394,0.00298674064809136,0.0184225305819593,"Normal_higher"
"TMEM254-AS1","Luminal_Epithelial","ER_Positive","Normal","ER_Positive vs Normal",1.65305213303298,0.928452629140222,11.6293015628566,0.00299067743376612,0.0184386868425847,"ER_Positive_higher"
"MCAT","Luminal_Epithelial","ER_Positive","Normal","ER_Positive vs Normal",-1.10642307556257,4.55293695784594,12.1088002919474,0.00299181731603211,0.0184386868425847,"Normal_higher"
"PDF","Luminal_Epithelial","ER_Positive","Normal","ER_Positive vs Normal",4.80905859931437,2.53115329146604,11.9089855694985,0.00299924647783426,0.0184729211309924,"ER_Positive_higher"
"ASH1L","Luminal_Epithelial","ER_Positive","Normal","ER_Positive vs Normal",1.17606642068902,6.29445473240778,12.1083998396709,0.00299983399721652,0.0184729211309924,"ER_Positive_higher"
"AC099850.1","Luminal_Epithelial","ER_Positive","Normal","ER_Positive vs Normal",2.23701131413698,0.94859209435319,11.6180053192827,0.0030088716706156,0.0185209750454997,"ER_Positive_higher"
"LINC00313","Luminal_Epithelial","ER_Positive","Normal","ER_Positive vs Normal",4.33251481401711,-0.101317032350243,10.8800964457551,0.0030161405944632,0.0185581065605204,"ER_Positive_higher"
"PMS2","Luminal_Epithelial","ER_Positive","Normal","ER_Positive vs Normal",1.76153792942736,5.00113450710823,12.0894538998397,0.00302032909740879,0.0185710364229472,"ER_Positive_higher"
"RP11-16D22.2","Luminal_Epithelial","ER_Positive","Normal","ER_Positive vs Normal",3.01313272282781,-0.94974162677676,10.9197051885229,0.00302071699263104,0.0185710364229472,"ER_Positive_higher"
"CENPP","Luminal_Epithelial","ER_Positive","Normal","ER_Positive vs Normal",2.09233035227846,2.87150634782274,12.0389804238933,0.00302250107294436,0.0185743954142817,"ER_Positive_higher"
"PITPNB","Luminal_Epithelial","ER_Positive","Normal","ER_Positive vs Normal",-1.18746126841322,5.04896592047633,12.0783741474846,0.00302740753739386,0.0185969320154194,"Normal_higher"
"SH3TC2","Luminal_Epithelial","ER_Positive","Normal","ER_Positive vs Normal",-2.67093071692441,-0.324974215654758,11.4961090209044,0.00303033890573521,0.0186073224052243,"Normal_higher"
"LMO4","Luminal_Epithelial","ER_Positive","Normal","ER_Positive vs Normal",-2.23820025957352,5.3760635224956,12.0658598154245,0.0030351579770145,0.0186292906998187,"Normal_higher"
"KRT80","Luminal_Epithelial","ER_Positive","Normal","ER_Positive vs Normal",-2.85720609018944,4.24445898209635,11.9476869855246,0.00303867548164186,0.0186432554999997,"Normal_higher"
"AK4","Luminal_Epithelial","ER_Positive","Normal","ER_Positive vs Normal",-1.29120633406166,4.76878390858007,12.059536831811,0.00304030483631919,0.0186456292107242,"Normal_higher"
"MIR503HG","Luminal_Epithelial","ER_Positive","Normal","ER_Positive vs Normal",5.12095504189316,0.0416771125707991,10.9252398923194,0.00304870173636144,0.0186894881362648,"ER_Positive_higher"
"PTGR1","Luminal_Epithelial","ER_Positive","Normal","ER_Positive vs Normal",-1.53628404724453,6.13564980718375,12.0545217482325,0.00305224370349421,0.0186955957232394,"Normal_higher"
"PLS3","Luminal_Epithelial","ER_Positive","Normal","ER_Positive vs Normal",-3.32857324703373,3.0382668829626,11.4680466761069,0.00305436557073917,0.0186955957232394,"Normal_higher"
"TMEM86A","Luminal_Epithelial","ER_Positive","Normal","ER_Positive vs Normal",2.78965196349,2.14954331457094,11.9197612474531,0.00305454793105106,0.0186955957232394,"ER_Positive_higher"
"TRPS1","Luminal_Epithelial","ER_Positive","Normal","ER_Positive vs Normal",2.14173914565967,7.4900537783846,12.0473257072656,0.00305468119633391,0.0186955957232394,"ER_Positive_higher"
"SVIL-AS1","Luminal_Epithelial","ER_Positive","Normal","ER_Positive vs Normal",-1.18077338188272,3.66601831577812,11.9816847798477,0.00306442445928382,0.0187466188845305,"Normal_higher"
"IL1RL2","Luminal_Epithelial","ER_Positive","Normal","ER_Positive vs Normal",-2.55975435658025,0.338860590631713,11.3984835544242,0.00306551627524741,0.0187466188845305,"Normal_higher"
"C17orf62","Luminal_Epithelial","ER_Positive","Normal","ER_Positive vs Normal",1.42021900508975,5.15169980678084,12.0290027604785,0.00307665196114101,0.0188067108559343,"ER_Positive_higher"
"MT-ATP8","Luminal_Epithelial","ER_Positive","Normal","ER_Positive vs Normal",5.85590812114254,10.5164163399008,12.0207915721382,0.00307907574102091,0.0188067108559343,"ER_Positive_higher"
"AP001347.6","Luminal_Epithelial","ER_Positive","Normal","ER_Positive vs Normal",2.46468805417413,0.0747494802080162,11.1866175912121,0.00307968686491352,0.0188067108559343,"ER_Positive_higher"
"H1FX-AS1","Luminal_Epithelial","ER_Positive","Normal","ER_Positive vs Normal",1.92357317952561,0.778330784844088,11.4749729151106,0.00308035551968324,0.0188067108559343,"ER_Positive_higher"
"GS1-124K5.4","Luminal_Epithelial","ER_Positive","Normal","ER_Positive vs Normal",2.06804018067842,3.82560484179367,12.0161294572162,0.00308347174554172,0.0188180807179116,"ER_Positive_higher"
"N4BP3","Luminal_Epithelial","ER_Positive","Normal","ER_Positive vs Normal",2.04034804331746,4.62507054990457,12.0205640397637,0.00308561443371689,0.0188235023604835,"ER_Positive_higher"
"YDJC","Luminal_Epithelial","ER_Positive","Normal","ER_Positive vs Normal",-1.13794775082613,5.72654978935132,12.0111754295542,0.00309329392051956,0.0188626825945701,"Normal_higher"
"CCNF","Luminal_Epithelial","ER_Positive","Normal","ER_Positive vs Normal",1.85765886722627,1.54669974519507,11.7297818055845,0.00310345785151735,0.0189169748081726,"ER_Positive_higher"
"RPL4","Luminal_Epithelial","ER_Positive","Normal","ER_Positive vs Normal",-1.64809464032623,9.65386914319862,11.9926967591256,0.00310605310141498,0.0189251071428886,"Normal_higher"
"CAPSL","Luminal_Epithelial","ER_Positive","Normal","ER_Positive vs Normal",8.83523176410007,0.916290562255828,12.2787086571172,0.00311865847318815,0.0189941995564669,"ER_Positive_higher"
"MRPL50","Luminal_Epithelial","ER_Positive","Normal","ER_Positive vs Normal",-1.21455630243565,5.36171825581251,11.980114786384,0.00312253704934345,0.0190101068963477,"Normal_higher"
"DAGLA","Luminal_Epithelial","ER_Positive","Normal","ER_Positive vs Normal",2.03924400196142,0.499133182434792,11.32326381482,0.00312593845320341,0.0190164214983111,"ER_Positive_higher"
"SPSB1","Luminal_Epithelial","ER_Positive","Normal","ER_Positive vs Normal",-1.79062601606558,4.0319513318331,11.9193457761049,0.0031261086050732,0.0190164214983111,"Normal_higher"
"EMP1","Luminal_Epithelial","ER_Positive","Normal","ER_Positive vs Normal",-2.47956793119377,6.97940689142462,11.9651804799473,0.00313689863496572,0.0190743265052393,"Normal_higher"
"TDG","Luminal_Epithelial","ER_Positive","Normal","ER_Positive vs Normal",-1.21580612476033,5.45165927374633,11.9640713499087,0.00313840308694698,0.0190757452919454,"Normal_higher"
"IFI27","Luminal_Epithelial","ER_Positive","Normal","ER_Positive vs Normal",7.44068269280688,10.0166807658657,11.9527213661722,0.00314551527408139,0.019095960546371,"ER_Positive_higher"
"CSPP1","Luminal_Epithelial","ER_Positive","Normal","ER_Positive vs Normal",1.43176678364976,4.2624996617231,11.9549600333737,0.00314590812580922,0.019095960546371,"ER_Positive_higher"
"TMEM108","Luminal_Epithelial","ER_Positive","Normal","ER_Positive vs Normal",5.10206022761667,2.38058932214989,11.6590460693017,0.00314651314133157,0.019095960546371,"ER_Positive_higher"
"AC008753.6","Luminal_Epithelial","ER_Positive","Normal","ER_Positive vs Normal",3.11823616588697,-0.980318232052286,10.7978495838999,0.00314704123850136,0.019095960546371,"ER_Positive_higher"
"ITGB7","Luminal_Epithelial","ER_Positive","Normal","ER_Positive vs Normal",2.41537254821566,-0.839815455064043,10.9348774739045,0.00314880108610165,0.019095960546371,"ER_Positive_higher"
"CTA-228A9.3","Luminal_Epithelial","ER_Positive","Normal","ER_Positive vs Normal",2.4847031342871,-0.88720545496934,10.9151388873234,0.00315006864708325,0.019095960546371,"ER_Positive_higher"
"MIB1","Luminal_Epithelial","ER_Positive","Normal","ER_Positive vs Normal",1.23997032779757,3.92494664588548,11.9448433147433,0.00315063625726759,0.019095960546371,"ER_Positive_higher"
"ADGRG1","Luminal_Epithelial","ER_Positive","Normal","ER_Positive vs Normal",-1.11589113024906,3.97235283578692,11.9127178033297,0.00315604010641286,0.0191209906648921,"Normal_higher"
"CDK11A","Luminal_Epithelial","ER_Positive","Normal","ER_Positive vs Normal",-1.33146241147144,3.84517297109718,11.8939541635518,0.00315942522023095,0.0191303000613202,"Normal_higher"
"GALM","Luminal_Epithelial","ER_Positive","Normal","ER_Positive vs Normal",1.66815414415565,2.57740289573738,11.8619014095593,0.00316054058265204,0.0191303000613202,"ER_Positive_higher"
"NRBP2","Luminal_Epithelial","ER_Positive","Normal","ER_Positive vs Normal",1.60300858955775,2.89128526206395,11.8916316447414,0.00316140095635864,0.0191303000613202,"ER_Positive_higher"
"TTC12","Luminal_Epithelial","ER_Positive","Normal","ER_Positive vs Normal",1.52310816648198,2.72134650993304,11.8661106525879,0.00317010910868297,0.0191741863792686,"ER_Positive_higher"
"TGFB3","Luminal_Epithelial","ER_Positive","Normal","ER_Positive vs Normal",2.94532100544467,3.11572575950391,11.9033207569026,0.00317246663497545,0.0191741863792686,"ER_Positive_higher"
"R3HCC1L","Luminal_Epithelial","ER_Positive","Normal","ER_Positive vs Normal",-1.19813523651438,2.77841041317437,11.74113786556,0.00317248649161885,0.0191741863792686,"Normal_higher"
"CBWD3","Luminal_Epithelial","ER_Positive","Normal","ER_Positive vs Normal",1.89485178152898,3.58324811775256,11.9081242551885,0.00318139624296133,0.0192202952568924,"ER_Positive_higher"
"RP6-109B7.4","Luminal_Epithelial","ER_Positive","Normal","ER_Positive vs Normal",2.74805095176561,-0.167247735591825,10.960917492879,0.00318888062147439,0.0192577591494834,"ER_Positive_higher"
"RNF181","Luminal_Epithelial","ER_Positive","Normal","ER_Positive vs Normal",-1.27812461549156,7.69953020132145,11.9069819403685,0.00319065596685173,0.0192607297242735,"Normal_higher"
"MRPL38","Luminal_Epithelial","ER_Positive","Normal","ER_Positive vs Normal",2.88470400495762,4.13204640092778,11.9082123623775,0.00319421956952775,0.0192744885725384,"ER_Positive_higher"
"USP18","Luminal_Epithelial","ER_Positive","Normal","ER_Positive vs Normal",2.15915295806673,3.09244565588418,11.8738076703742,0.00319732986119415,0.0192855021008604,"ER_Positive_higher"
"NOL7","Luminal_Epithelial","ER_Positive","Normal","ER_Positive vs Normal",-1.26775379031806,7.15044283634328,11.8968196406683,0.00320170203915594,0.019300766555712,"Normal_higher"
"CTD-3252C9.4","Luminal_Epithelial","ER_Positive","Normal","ER_Positive vs Normal",2.65086423212417,6.3887640054657,11.8960145107383,0.0032024327796177,0.019300766555712,"ER_Positive_higher"
"CLIC3","Luminal_Epithelial","ER_Positive","Normal","ER_Positive vs Normal",3.64236448712618,4.30301510685107,11.8824360678251,0.00322230772402583,0.0194127547227842,"ER_Positive_higher"
"MIS12","Luminal_Epithelial","ER_Positive","Normal","ER_Positive vs Normal",-1.50694271531269,3.95808375713925,11.8261269206793,0.00322721081823628,0.0194344914724205,"Normal_higher"
"ABI1","Luminal_Epithelial","ER_Positive","Normal","ER_Positive vs Normal",-1.10253431289338,5.22166819953001,11.8701509647184,0.00322996638745675,0.0194432834242132,"Normal_higher"
"RGS2","Luminal_Epithelial","ER_Positive","Normal","ER_Positive vs Normal",-2.44815509824858,3.6924535134699,11.7011309232698,0.00323379218842016,0.0194585081682523,"Normal_higher"
"DGKD","Luminal_Epithelial","ER_Positive","Normal","ER_Positive vs Normal",1.6048824780239,4.10137693164712,11.8512689044721,0.00324742986970115,0.0195327374968357,"ER_Positive_higher"
"GOLGA7B","Luminal_Epithelial","ER_Positive","Normal","ER_Positive vs Normal",-2.81939576418412,0.111609547333177,11.2815954265419,0.00324990972178859,0.019539821792821,"Normal_higher"
"ST8SIA1","Luminal_Epithelial","ER_Positive","Normal","ER_Positive vs Normal",-3.00422800945769,1.7367579328871,11.0847848225178,0.00325219602178173,0.0195457371641483,"Normal_higher"
"SLC25A24","Luminal_Epithelial","ER_Positive","Normal","ER_Positive vs Normal",1.1246074517851,5.28235206952787,11.8453263801526,0.00325585109911083,0.0195598708744421,"ER_Positive_higher"
"AGTR1","Luminal_Epithelial","ER_Positive","Normal","ER_Positive vs Normal",5.73532022094907,1.80557486339896,11.1456765861728,0.00326296363286747,0.0195947559977759,"ER_Positive_higher"
"SMAD6","Luminal_Epithelial","ER_Positive","Normal","ER_Positive vs Normal",2.59284609579846,-1.02483418376919,10.7748910831582,0.00326518167775628,0.0196002325752354,"ER_Positive_higher"
"PLPPR2","Luminal_Epithelial","ER_Positive","Normal","ER_Positive vs Normal",1.68699104287213,3.85463478327489,11.8207380879297,0.00327457660267686,0.0196487689229795,"ER_Positive_higher"
"CCDC114","Luminal_Epithelial","ER_Positive","Normal","ER_Positive vs Normal",2.6083510405014,-0.839440337100209,10.7700143842841,0.00329627684906577,0.0197671050998213,"ER_Positive_higher"
"LDLRAD3","Luminal_Epithelial","ER_Positive","Normal","ER_Positive vs Normal",1.78713695432359,4.80340266603555,11.8055558261982,0.00329693236921788,0.0197671050998213,"ER_Positive_higher"
"TUBB","Luminal_Epithelial","ER_Positive","Normal","ER_Positive vs Normal",-1.41704190645325,8.67093522188592,11.7902646775212,0.00330726590291219,0.0198211419349054,"Normal_higher"
"RHEB","Luminal_Epithelial","ER_Positive","Normal","ER_Positive vs Normal",-1.25702094456162,7.97576308660162,11.7829688767113,0.00331528081669921,0.0198612451960898,"Normal_higher"
"ARSD","Luminal_Epithelial","ER_Positive","Normal","ER_Positive vs Normal",1.55889116339164,5.11044862862929,11.779131526983,0.00332385496306633,0.0199046653753936,"ER_Positive_higher"
"THSD7A","Luminal_Epithelial","ER_Positive","Normal","ER_Positive vs Normal",-2.30951872521395,-0.161768354825469,11.196903616927,0.00332807373388631,0.0199191731631164,"Normal_higher"
"C19orf43","Luminal_Epithelial","ER_Positive","Normal","ER_Positive vs Normal",-1.36665393159676,7.88657956313826,11.7699732114936,0.00332893225115585,0.0199191731631164,"Normal_higher"
"NTNG1","Luminal_Epithelial","ER_Positive","Normal","ER_Positive vs Normal",5.1580055057158,1.26375593645898,10.9974042033646,0.00334331785275746,0.0199850795623944,"ER_Positive_higher"
"RP13-726E6.2","Luminal_Epithelial","ER_Positive","Normal","ER_Positive vs Normal",2.86439200867505,1.40341046083261,11.4455445017316,0.00334342964765278,0.0199850795623944,"ER_Positive_higher"
"GSTA1","Luminal_Epithelial","ER_Positive","Normal","ER_Positive vs Normal",-3.91734263668574,0.941902819341908,11.1886863562712,0.00334503473322155,0.0199850795623944,"Normal_higher"
"RWDD3","Luminal_Epithelial","ER_Positive","Normal","ER_Positive vs Normal",3.0162071435841,3.05140411447309,11.7267200489087,0.00334686089638165,0.0199850795623944,"ER_Positive_higher"
"CFAP47","Luminal_Epithelial","ER_Positive","Normal","ER_Positive vs Normal",5.0951088280145,-1.32823652281067,11.190007664686,0.00334820501395249,0.0199850795623944,"ER_Positive_higher"
"CEP97","Luminal_Epithelial","ER_Positive","Normal","ER_Positive vs Normal",1.36862155551005,2.37283617145518,11.6463677924333,0.00334994644584479,0.0199850795623944,"ER_Positive_higher"
"ASAH1","Luminal_Epithelial","ER_Positive","Normal","ER_Positive vs Normal",1.67246495195408,7.80979640252334,11.7486346148707,0.00335035167377597,0.0199850795623944,"ER_Positive_higher"
"PRNP","Luminal_Epithelial","ER_Positive","Normal","ER_Positive vs Normal",-2.40663017524817,4.75560842186196,11.7201563911545,0.00335060039841303,0.0199850795623944,"Normal_higher"
"GTF2H1","Luminal_Epithelial","ER_Positive","Normal","ER_Positive vs Normal",-1.12174327185337,4.52465337331775,11.736000655465,0.0033567552358867,0.0200138362435247,"Normal_higher"
"KIAA0895","Luminal_Epithelial","ER_Positive","Normal","ER_Positive vs Normal",1.52370591691318,3.03479739993747,11.7023319447818,0.00336315529847823,0.0200406248170339,"ER_Positive_higher"
"FAT1","Luminal_Epithelial","ER_Positive","Normal","ER_Positive vs Normal",-3.01774824353326,3.17225332909592,11.333713015874,0.0033639190986945,0.0200406248170339,"Normal_higher"
"PFN1","Luminal_Epithelial","ER_Positive","Normal","ER_Positive vs Normal",-1.43115250547805,10.0687865672834,11.7241831200379,0.00337527754522731,0.0201003135401692,"Normal_higher"
"FBXO27","Luminal_Epithelial","ER_Positive","Normal","ER_Positive vs Normal",1.37558175660862,2.29770970278337,11.6065685823217,0.00337980398079952,0.020119285339095,"ER_Positive_higher"
"EXOSC2","Luminal_Epithelial","ER_Positive","Normal","ER_Positive vs Normal",-1.40593843495302,3.56611171379861,11.6245337091125,0.00340365680457747,0.020253242532234,"Normal_higher"
"DDX28","Luminal_Epithelial","ER_Positive","Normal","ER_Positive vs Normal",-1.86876101871011,2.65262352382334,11.3949428117484,0.00341169259883874,0.0202930126162398,"Normal_higher"
"FAM122A","Luminal_Epithelial","ER_Positive","Normal","ER_Positive vs Normal",-1.0591465003898,3.59491288082453,11.6326932009929,0.00341741285751668,0.0203189836579845,"Normal_higher"
"PRKAG2-AS1","Luminal_Epithelial","ER_Positive","Normal","ER_Positive vs Normal",1.59134986145982,4.23628838190896,11.6852897595295,0.00342059867258622,0.0203298710017827,"ER_Positive_higher"
"TMED4","Luminal_Epithelial","ER_Positive","Normal","ER_Positive vs Normal",1.12495114935238,6.64940028653456,11.6814145110936,0.0034226973754918,0.0203342911773577,"ER_Positive_higher"
"IL4R","Luminal_Epithelial","ER_Positive","Normal","ER_Positive vs Normal",-1.76676082553547,3.67199029837067,11.5934111509261,0.00342593683966858,0.020345482450695,"Normal_higher"
"MAGOH","Luminal_Epithelial","ER_Positive","Normal","ER_Positive vs Normal",-1.19015252926353,6.5339719904854,11.6758626054451,0.00343053748179777,0.0203647452489474,"Normal_higher"
"PDIK1L","Luminal_Epithelial","ER_Positive","Normal","ER_Positive vs Normal",1.4704074874112,2.43551207368195,11.5769982067392,0.00343405619166648,0.0203765183098764,"ER_Positive_higher"
"CYP51A1-AS1","Luminal_Epithelial","ER_Positive","Normal","ER_Positive vs Normal",2.98170711043406,-0.213294048227439,10.6977352739676,0.00343523631132053,0.0203765183098764,"ER_Positive_higher"
"ARHGAP15","Luminal_Epithelial","ER_Positive","Normal","ER_Positive vs Normal",4.86259494307406,0.271413525806597,10.5942879706785,0.00343762720662109,0.0203826438126285,"ER_Positive_higher"
"RP11-53O19.1","Luminal_Epithelial","ER_Positive","Normal","ER_Positive vs Normal",5.865433683308,6.56857456338497,11.6690333439537,0.00344048300627614,0.0203915199349076,"ER_Positive_higher"
"C9orf85","Luminal_Epithelial","ER_Positive","Normal","ER_Positive vs Normal",-1.19789518758323,3.38315377013145,11.576972266391,0.00344603102885046,0.0204152664973115,"Normal_higher"
"GRPEL1","Luminal_Epithelial","ER_Positive","Normal","ER_Positive vs Normal",-1.37851769720538,6.42287975517431,11.6599451524148,0.0034479931224539,0.0204152664973115,"Normal_higher"
"FARP2","Luminal_Epithelial","ER_Positive","Normal","ER_Positive vs Normal",1.58609893429182,3.36748479420089,11.6400912973493,0.00344904884400862,0.0204152664973115,"ER_Positive_higher"
"FSTL3","Luminal_Epithelial","ER_Positive","Normal","ER_Positive vs Normal",-2.08207187432024,5.04818070081419,11.6473481367815,0.00344993108797109,0.0204152664973115,"Normal_higher"
"TKFC","Luminal_Epithelial","ER_Positive","Normal","ER_Positive vs Normal",1.26017310896988,4.4994613746007,11.6547921597762,0.00345444465798041,0.020433918400596,"ER_Positive_higher"
"TMC3-AS1","Luminal_Epithelial","ER_Positive","Normal","ER_Positive vs Normal",2.51310368645027,-0.125116849748303,10.7846109129973,0.0034560251460731,0.0204352125165954,"ER_Positive_higher"
"TMEM150C","Luminal_Epithelial","ER_Positive","Normal","ER_Positive vs Normal",5.99458379251752,5.65604399337348,11.6501572935514,0.00345825201288159,0.0204358516245479,"ER_Positive_higher"
"BCKDHA","Luminal_Epithelial","ER_Positive","Normal","ER_Positive vs Normal",3.34720489016121,3.52804332291456,11.6420024557625,0.00345885674194387,0.0204358516245479,"ER_Positive_higher"
"NOTCH2NL","Luminal_Epithelial","ER_Positive","Normal","ER_Positive vs Normal",1.50177527926537,2.9133426293859,11.5986241545033,0.00346419012903755,0.02045930785772,"ER_Positive_higher"
"STIP1","Luminal_Epithelial","ER_Positive","Normal","ER_Positive vs Normal",-1.31486117289902,6.07904676873906,11.6397108545611,0.00347055272837312,0.0204739832043534,"Normal_higher"
"MARC2","Luminal_Epithelial","ER_Positive","Normal","ER_Positive vs Normal",1.69237196896147,3.16775585666486,11.6113721422954,0.00347102514656064,0.0204739832043534,"ER_Positive_higher"
"CTDNEP1","Luminal_Epithelial","ER_Positive","Normal","ER_Positive vs Normal",-1.35837868671095,4.93727130514335,11.6328338093076,0.00347294410424517,0.0204739832043534,"Normal_higher"
"RP11-753C18.12","Luminal_Epithelial","ER_Positive","Normal","ER_Positive vs Normal",2.65182152386054,-0.938562673009586,10.6037069231529,0.00347325270946228,0.0204739832043534,"ER_Positive_higher"
"RPL35","Luminal_Epithelial","ER_Positive","Normal","ER_Positive vs Normal",-1.69912797363702,11.1543706859678,11.6313468755775,0.00347450389644608,0.0204739832043534,"Normal_higher"
"HACD3","Luminal_Epithelial","ER_Positive","Normal","ER_Positive vs Normal",1.46535759029852,7.34074626120294,11.631813145381,0.00347491354744647,0.0204739832043534,"ER_Positive_higher"
"AKR7A3","Luminal_Epithelial","ER_Positive","Normal","ER_Positive vs Normal",3.24833415701756,5.42189418963815,11.6351620693598,0.0034765486383434,0.0204739832043534,"ER_Positive_higher"
"PGM1","Luminal_Epithelial","ER_Positive","Normal","ER_Positive vs Normal",-1.26468651723153,4.52396523214816,11.6206519453664,0.00347758933750228,0.0204739832043534,"Normal_higher"
"SDCBP","Luminal_Epithelial","ER_Positive","Normal","ER_Positive vs Normal",-1.7800590968521,7.21909994068649,11.6289784035146,0.00348016763987898,0.0204775747790537,"Normal_higher"
"H2AFZ","Luminal_Epithelial","ER_Positive","Normal","ER_Positive vs Normal",-1.30528414036764,8.92210929726448,11.6255777790105,0.0034812521350218,0.0204775747790537,"Normal_higher"
"ABCD3","Luminal_Epithelial","ER_Positive","Normal","ER_Positive vs Normal",1.25964668657465,4.98880392702407,11.6290283873163,0.00348292769906241,0.0204775747790537,"ER_Positive_higher"
"ARRDC2","Luminal_Epithelial","ER_Positive","Normal","ER_Positive vs Normal",-1.61856467492268,3.53986879541971,11.5361417940367,0.00348365752055201,0.0204775747790537,"Normal_higher"
"NELL2","Luminal_Epithelial","ER_Positive","Normal","ER_Positive vs Normal",4.69139885146765,2.6280034540082,11.4762914613847,0.0034851279086048,0.020478196759762,"ER_Positive_higher"
"RP11-610P16.1","Luminal_Epithelial","ER_Positive","Normal","ER_Positive vs Normal",3.76508563148626,-0.898643314393945,10.5038862210376,0.00348998776517178,0.0204987265721851,"ER_Positive_higher"
"RP11-429J17.8","Luminal_Epithelial","ER_Positive","Normal","ER_Positive vs Normal",2.57070228553009,-0.893067361962503,10.5990966729503,0.00350500268849825,0.0205788635940114,"ER_Positive_higher"
"SH3PXD2B","Luminal_Epithelial","ER_Positive","Normal","ER_Positive vs Normal",-1.47982778808564,2.3606477780754,11.2876770842906,0.00350769667113908,0.0205812973896572,"Normal_higher"
"MPZL1","Luminal_Epithelial","ER_Positive","Normal","ER_Positive vs Normal",-1.38872324850138,6.03591053594198,11.6046249335022,0.00350909397492365,0.0205812973896572,"Normal_higher"
"NCF1","Luminal_Epithelial","ER_Positive","Normal","ER_Positive vs Normal",-1.58897461386891,1.08186977781287,10.885292986293,0.00350953155328398,0.0205812973896572,"Normal_higher"
"ENTPD2","Luminal_Epithelial","ER_Positive","Normal","ER_Positive vs Normal",1.74184733889713,3.38285640845195,11.5706207110602,0.00352706117189914,0.0206705830522622,"ER_Positive_higher"
"HRASLS5","Luminal_Epithelial","ER_Positive","Normal","ER_Positive vs Normal",3.87447448624809,1.35361621015469,11.1748725105146,0.00352846212919618,0.0206705830522622,"ER_Positive_higher"
"CXCL14","Luminal_Epithelial","ER_Positive","Normal","ER_Positive vs Normal",7.86534968359859,7.79559031175723,11.5848333703393,0.00352888877056679,0.0206705830522622,"ER_Positive_higher"
"PCYT1A","Luminal_Epithelial","ER_Positive","Normal","ER_Positive vs Normal",-1.26891594583053,3.91932659413285,11.5349518604223,0.00354337021152362,0.0207473104815977,"Normal_higher"
"YWHAH","Luminal_Epithelial","ER_Positive","Normal","ER_Positive vs Normal",-1.65643566617569,7.12530569475409,11.5645768112624,0.00355107992815282,0.0207843434016339,"Normal_higher"
"BAX","Luminal_Epithelial","ER_Positive","Normal","ER_Positive vs Normal",-1.21948947662402,6.6708321027992,11.5508727748016,0.00356710635977283,0.0208700059029672,"Normal_higher"
"RP11-159G9.5","Luminal_Epithelial","ER_Positive","Normal","ER_Positive vs Normal",1.71836989770899,2.14032239827032,11.4126151176007,0.003575793414497,0.0209121709270141,"ER_Positive_higher"
"FAM83H-AS1","Luminal_Epithelial","ER_Positive","Normal","ER_Positive vs Normal",1.60044873113551,3.13571450736667,11.5125720696216,0.00357710020454756,0.0209121709270141,"ER_Positive_higher"
"ST3GAL2","Luminal_Epithelial","ER_Positive","Normal","ER_Positive vs Normal",-1.40629674956529,1.21040652401339,10.8772230124327,0.00358030797415652,0.0209144409217682,"Normal_higher"
"LINC01410","Luminal_Epithelial","ER_Positive","Normal","ER_Positive vs Normal",2.49989455715569,0.939658951499497,11.089842607905,0.00358062474477732,0.0209144409217682,"ER_Positive_higher"
"PLEKHS1","Luminal_Epithelial","ER_Positive","Normal","ER_Positive vs Normal",-3.24013235153937,4.12853864002737,11.3592062153865,0.00358238911864719,0.0209144409217682,"Normal_higher"
"GOSR2","Luminal_Epithelial","ER_Positive","Normal","ER_Positive vs Normal",-1.81937753275203,4.31736845519603,11.5037069464437,0.00358306307788806,0.0209144409217682,"Normal_higher"
"ZNF35","Luminal_Epithelial","ER_Positive","Normal","ER_Positive vs Normal",-1.55913043927499,2.27923014089719,11.1854896285513,0.00358567464917767,0.0209157738515723,"Normal_higher"
"ATG101","Luminal_Epithelial","ER_Positive","Normal","ER_Positive vs Normal",-1.02607872401433,6.25075639507317,11.5344742860822,0.0035860789045176,0.0209157738515723,"Normal_higher"
"CTD-2020K17.3","Luminal_Epithelial","ER_Positive","Normal","ER_Positive vs Normal",2.48007978341621,-0.558831861752117,10.5934753135087,0.00359626177863237,0.0209626671249384,"ER_Positive_higher"
"NRBP1","Luminal_Epithelial","ER_Positive","Normal","ER_Positive vs Normal",-1.20562353208841,5.58895205981926,11.5258923396324,0.00359691263055349,0.0209626671249384,"Normal_higher"
"ARHGEF3","Luminal_Epithelial","ER_Positive","Normal","ER_Positive vs Normal",1.87830036879296,4.14436131335609,11.5132906086638,0.0036094941573317,0.021024918485312,"ER_Positive_higher"
"AC093627.10","Luminal_Epithelial","ER_Positive","Normal","ER_Positive vs Normal",-2.34202045337846,1.34566370952595,10.7879118934138,0.00361144156693456,0.021024918485312,"Normal_higher"
"STX5","Luminal_Epithelial","ER_Positive","Normal","ER_Positive vs Normal",-1.29130392917692,5.51408560984919,11.512655588526,0.00361179715167152,0.021024918485312,"Normal_higher"
"HABP4","Luminal_Epithelial","ER_Positive","Normal","ER_Positive vs Normal",-2.14801926237967,1.39954408252307,10.7999898491785,0.00362010811588749,0.0210569622074122,"Normal_higher"
"BSPRY","Luminal_Epithelial","ER_Positive","Normal","ER_Positive vs Normal",-1.19877573706644,5.28376442282952,11.5010697987767,0.00362410808824543,0.0210720612476944,"Normal_higher"
"TRIB2","Luminal_Epithelial","ER_Positive","Normal","ER_Positive vs Normal",-2.31837535379725,3.72063315644488,11.3714393671956,0.00362889459984648,0.0210904968953468,"Normal_higher"
"GNL2","Luminal_Epithelial","ER_Positive","Normal","ER_Positive vs Normal",-1.43320494554392,5.23993131959474,11.4935039537792,0.00363130476970969,0.0210904968953468,"Normal_higher"
"FXR2","Luminal_Epithelial","ER_Positive","Normal","ER_Positive vs Normal",-1.44932032216688,3.03684779419846,11.3454363294746,0.00363149490088466,0.0210904968953468,"Normal_higher"
"ZNF446","Luminal_Epithelial","ER_Positive","Normal","ER_Positive vs Normal",1.97872156867212,3.7124054232035,11.4836274701004,0.00363643518839572,0.0211037565660955,"ER_Positive_higher"
"TOB2","Luminal_Epithelial","ER_Positive","Normal","ER_Positive vs Normal",1.55076520177683,5.34563042845993,11.4907991294424,0.00363659055640188,0.0211037565660955,"ER_Positive_higher"
"GPR137C","Luminal_Epithelial","ER_Positive","Normal","ER_Positive vs Normal",2.16616339854422,-0.396536208133029,10.6277518360563,0.00363996236275666,0.0211151585534941,"ER_Positive_higher"
"SLC29A3","Luminal_Epithelial","ER_Positive","Normal","ER_Positive vs Normal",1.95730586977922,2.62443707079691,11.417943377364,0.00364617659248003,0.02112952151207,"ER_Positive_higher"
"SYT17","Luminal_Epithelial","ER_Positive","Normal","ER_Positive vs Normal",2.10031007661081,3.96227674394828,11.4795827263145,0.00364651554834108,0.02112952151207,"ER_Positive_higher"
"RP11-867G23.8","Luminal_Epithelial","ER_Positive","Normal","ER_Positive vs Normal",2.03807819811256,0.930586286353212,11.0350894949161,0.00364666227202382,0.02112952151207,"ER_Positive_higher"
"MFAP1","Luminal_Epithelial","ER_Positive","Normal","ER_Positive vs Normal",-1.33756608354751,5.09896531470696,11.4767382169868,0.00364949770319949,0.0211356283775021,"Normal_higher"
"CACNG1","Luminal_Epithelial","ER_Positive","Normal","ER_Positive vs Normal",3.45027239680766,-0.733513511476595,10.3696250497982,0.00365104053089304,0.0211356283775021,"ER_Positive_higher"
"RP11-703H8.7","Luminal_Epithelial","ER_Positive","Normal","ER_Positive vs Normal",3.06320194080567,-0.774446181730855,10.4126409842586,0.00365272404425919,0.0211356283775021,"ER_Positive_higher"
"PCOLCE-AS1","Luminal_Epithelial","ER_Positive","Normal","ER_Positive vs Normal",2.98561880525271,-1.36563249433656,10.4328547043264,0.00365334977085629,0.0211356283775021,"ER_Positive_higher"
"SRM","Luminal_Epithelial","ER_Positive","Normal","ER_Positive vs Normal",-2.07440968862325,5.77408614774567,11.4698411890103,0.00365970222332313,0.0211642201408132,"Normal_higher"
"TP53BP1","Luminal_Epithelial","ER_Positive","Normal","ER_Positive vs Normal",1.16465048301469,4.13010581868484,11.4634842988824,0.00366436871864262,0.0211830436674383,"ER_Positive_higher"
"LYRM5","Luminal_Epithelial","ER_Positive","Normal","ER_Positive vs Normal",1.11277319273564,5.36416066249392,11.4610281570123,0.00367086735624303,0.0212082676190895,"ER_Positive_higher"
"RPS6KA3","Luminal_Epithelial","ER_Positive","Normal","ER_Positive vs Normal",-1.98043788192468,2.99637025224745,11.2383061498009,0.00367155855763274,0.0212082676190895,"Normal_higher"
"LNPEP","Luminal_Epithelial","ER_Positive","Normal","ER_Positive vs Normal",1.22331008868728,4.09905134805907,11.4477616380959,0.00368224262440209,0.0212617987935368,"ER_Positive_higher"
"NOL3","Luminal_Epithelial","ER_Positive","Normal","ER_Positive vs Normal",-1.1497656287245,5.18898423814095,11.4464468234668,0.00368634409224193,0.021272030258018,"Normal_higher"
"SEC11C","Luminal_Epithelial","ER_Positive","Normal","ER_Positive vs Normal",-1.28257599657913,7.03815118527045,11.4449617097288,0.00368684951696574,0.021272030258018,"Normal_higher"
"TNFSF13","Luminal_Epithelial","ER_Positive","Normal","ER_Positive vs Normal",4.81946518150978,2.42353706240044,11.228515113847,0.00369410275831166,0.0213056879684793,"ER_Positive_higher"
"UMAD1","Luminal_Epithelial","ER_Positive","Normal","ER_Positive vs Normal",1.03853696233915,4.34229560931653,11.4310035588607,0.00370388354573352,0.0213538918059251,"ER_Positive_higher"
"ARHGAP32","Luminal_Epithelial","ER_Positive","Normal","ER_Positive vs Normal",1.31427827054321,4.45716707250129,11.4219652352376,0.00371600037269897,0.0214155213491142,"ER_Positive_higher"
"CYP4B1","Luminal_Epithelial","ER_Positive","Normal","ER_Positive vs Normal",5.77338079880189,4.83426453305251,11.4085476565752,0.00371746450906203,0.0214157350815715,"ER_Positive_higher"
"AQP5","Luminal_Epithelial","ER_Positive","Normal","ER_Positive vs Normal",-3.73321503256759,3.4176414850122,10.9324097315228,0.00372785446521475,0.0214673491786177,"Normal_higher"
"MPZL2","Luminal_Epithelial","ER_Positive","Normal","ER_Positive vs Normal",-2.42374262186098,4.2492093262778,11.338326585135,0.00373462994366949,0.0214867790869023,"Normal_higher"
"RUSC1","Luminal_Epithelial","ER_Positive","Normal","ER_Positive vs Normal",1.51759475133003,5.5611017101289,11.4053081632002,0.00373517378414078,0.0214867790869023,"ER_Positive_higher"
"AC016995.3","Luminal_Epithelial","ER_Positive","Normal","ER_Positive vs Normal",-2.66283315480241,-0.0676988633781326,10.8727920651194,0.00373566285474798,0.0214867790869023,"Normal_higher"
"DCTN2","Luminal_Epithelial","ER_Positive","Normal","ER_Positive vs Normal",-1.1884676299035,6.18376547211664,11.4039526418527,0.00373695564848505,0.0214867790869023,"Normal_higher"
"HOXC10","Luminal_Epithelial","ER_Positive","Normal","ER_Positive vs Normal",4.57110615297636,4.89858844688077,11.4011573439027,0.00374562988255623,0.0215240706752672,"ER_Positive_higher"
"UBE2E2","Luminal_Epithelial","ER_Positive","Normal","ER_Positive vs Normal",-2.32207890611491,4.50605451932287,11.3539711079192,0.00374630989563524,0.0215240706752672,"Normal_higher"
"CKMT1A","Luminal_Epithelial","ER_Positive","Normal","ER_Positive vs Normal",-2.60473403206621,2.26875975267478,10.8310605084386,0.00375374195317402,0.0215585172182482,"Normal_higher"
"B3GAT2","Luminal_Epithelial","ER_Positive","Normal","ER_Positive vs Normal",-2.56820896884467,1.84759789198775,10.717004455465,0.00376104161758048,0.0215921773355127,"Normal_higher"
"SRRM2-AS1","Luminal_Epithelial","ER_Positive","Normal","ER_Positive vs Normal",1.97774526372177,1.47079399884368,11.1137114746164,0.00376505810209199,0.0216069701484109,"ER_Positive_higher"
"IRX4","Luminal_Epithelial","ER_Positive","Normal","ER_Positive vs Normal",-3.32951869892929,0.585677061341312,10.8412655700364,0.00377222748876303,0.0216398386559124,"Normal_higher"
"HSH2D","Luminal_Epithelial","ER_Positive","Normal","ER_Positive vs Normal",3.54766477574114,3.2873967540294,11.3519788623155,0.0037778620178939,0.0216638805130049,"ER_Positive_higher"
"NUDT18","Luminal_Epithelial","ER_Positive","Normal","ER_Positive vs Normal",1.185524867149,3.09798778701535,11.3305175432978,0.00378106384843544,0.0216739591953669,"ER_Positive_higher"
"TAF1D","Luminal_Epithelial","ER_Positive","Normal","ER_Positive vs Normal",-1.70171952110471,6.97305784051503,11.3621007796278,0.00378542145922494,0.0216906528593313,"Normal_higher"
"CTD-2020K17.4","Luminal_Epithelial","ER_Positive","Normal","ER_Positive vs Normal",1.79776390898031,3.83364420434965,11.3495424484989,0.003795315628769,0.0217390464278383,"ER_Positive_higher"
"PIAS3","Luminal_Epithelial","ER_Positive","Normal","ER_Positive vs Normal",1.31701190670839,4.47034941193955,11.3524970970372,0.00379847361789085,0.0217474264449282,"ER_Positive_higher"
"ZNF599","Luminal_Epithelial","ER_Positive","Normal","ER_Positive vs Normal",1.50582747268215,3.34748747967236,11.3313005384869,0.00379967695999212,0.0217474264449282,"ER_Positive_higher"
"TMEM126B","Luminal_Epithelial","ER_Positive","Normal","ER_Positive vs Normal",-1.33844078642602,5.56410172200117,11.3478750622906,0.00380411746506277,0.0217645409066706,"Normal_higher"
"MARK3","Luminal_Epithelial","ER_Positive","Normal","ER_Positive vs Normal",-1.31941938032353,4.87483541064903,11.3340846974792,0.00381443674412685,0.0217984163582735,"Normal_higher"
"OSBPL7","Luminal_Epithelial","ER_Positive","Normal","ER_Positive vs Normal",1.87162599475165,1.07838903750126,10.9510911956302,0.00381573719565365,0.0217984163582735,"ER_Positive_higher"
"HOXB-AS1","Luminal_Epithelial","ER_Positive","Normal","ER_Positive vs Normal",1.9083508947437,3.19963944996695,11.3115846832217,0.00381911576599317,0.0217984163582735,"ER_Positive_higher"
"HMGB2","Luminal_Epithelial","ER_Positive","Normal","ER_Positive vs Normal",-1.46988049898249,6.06323177894163,11.3354014957601,0.00381924409994234,0.0217984163582735,"Normal_higher"
"TCTA","Luminal_Epithelial","ER_Positive","Normal","ER_Positive vs Normal",1.19088231914829,4.43860065111992,11.3341285316867,0.00382020503246222,0.0217984163582735,"ER_Positive_higher"
"N4BP2","Luminal_Epithelial","ER_Positive","Normal","ER_Positive vs Normal",1.34556557032798,2.80330461648971,11.2788527514959,0.00382037587424012,0.0217984163582735,"ER_Positive_higher"
"RP11-666A20.4","Luminal_Epithelial","ER_Positive","Normal","ER_Positive vs Normal",2.51268264225158,0.205705841479864,10.6046594129301,0.00382052687458886,0.0217984163582735,"ER_Positive_higher"
"CORO2A","Luminal_Epithelial","ER_Positive","Normal","ER_Positive vs Normal",1.01893978254844,4.23148986678656,11.3306508450611,0.00382165878847322,0.0217984163582735,"ER_Positive_higher"
"LCN12","Luminal_Epithelial","ER_Positive","Normal","ER_Positive vs Normal",3.12981719556541,0.756735095183274,10.767355233038,0.00383698059401635,0.0218665111916594,"ER_Positive_higher"
"PLA2G4F","Luminal_Epithelial","ER_Positive","Normal","ER_Positive vs Normal",2.235949521687,0.120772182036102,10.5970831688382,0.00383706625004857,0.0218665111916594,"ER_Positive_higher"
"FGFR4","Luminal_Epithelial","ER_Positive","Normal","ER_Positive vs Normal",4.28964986657539,2.73562829385046,11.2301174176382,0.00383898394888528,0.0218665111916594,"ER_Positive_higher"
"RP11-10K16.1","Luminal_Epithelial","ER_Positive","Normal","ER_Positive vs Normal",1.55158486072366,0.88650377293645,10.8624261837423,0.00383942540081446,0.0218665111916594,"ER_Positive_higher"
"ZBTB10","Luminal_Epithelial","ER_Positive","Normal","ER_Positive vs Normal",1.51421076375074,4.20896960593729,11.3038245607401,0.00385557370792704,0.0219501497097349,"ER_Positive_higher"
"SHISA2","Luminal_Epithelial","ER_Positive","Normal","ER_Positive vs Normal",5.34706088442023,4.99433117571383,11.3030891915254,0.0038583141997326,0.0219504606523363,"ER_Positive_higher"
"MPHOSPH6","Luminal_Epithelial","ER_Positive","Normal","ER_Positive vs Normal",-1.65054392598277,5.42317038823443,11.3016690020695,0.00385855368833632,0.0219504606523363,"Normal_higher"
"EGOT","Luminal_Epithelial","ER_Positive","Normal","ER_Positive vs Normal",2.60868529036524,3.65291327088849,11.2959137579572,0.00386008927639067,0.021950875244712,"ER_Positive_higher"
"SLIRP","Luminal_Epithelial","ER_Positive","Normal","ER_Positive vs Normal",-1.69605500177319,7.9284616907574,11.2902836607099,0.00387017839326217,0.0219999117983657,"Normal_higher"
"FADD","Luminal_Epithelial","ER_Positive","Normal","ER_Positive vs Normal",-1.36791859815296,4.45033109846308,11.269195055208,0.0038808621542805,0.0220522901739066,"Normal_higher"
"NUBP1","Luminal_Epithelial","ER_Positive","Normal","ER_Positive vs Normal",-1.22951947634513,4.51916549352619,11.2717527474208,0.00388278108714468,0.022054843215284,"Normal_higher"
"ORMDL2","Luminal_Epithelial","ER_Positive","Normal","ER_Positive vs Normal",-1.51930955146245,6.75293811065426,11.277845581304,0.00388799427683115,0.0220760991723061,"Normal_higher"
"RHPN1","Luminal_Epithelial","ER_Positive","Normal","ER_Positive vs Normal",1.84257189935638,4.23265712831178,11.2736178723181,0.00389399538088037,0.0221018111501028,"ER_Positive_higher"
"RP11-231C14.7","Luminal_Epithelial","ER_Positive","Normal","ER_Positive vs Normal",2.16035391597531,0.289389458915009,10.6107954647346,0.00389824564018183,0.0221175698760714,"ER_Positive_higher"
"TXNL4A","Luminal_Epithelial","ER_Positive","Normal","ER_Positive vs Normal",-1.42585481156855,6.43064049861565,11.2621736874304,0.00390788519809394,0.0221618061956025,"Normal_higher"
"SLC45A1","Luminal_Epithelial","ER_Positive","Normal","ER_Positive vs Normal",2.0759610463131,0.718095875640465,10.7583209519447,0.00390899586857865,0.0221618061956025,"ER_Positive_higher"
"RBMS2","Luminal_Epithelial","ER_Positive","Normal","ER_Positive vs Normal",-1.45942245183653,2.57578806120246,11.0170302041169,0.00391179127263801,0.0221633943934712,"Normal_higher"
"FUT8-AS1","Luminal_Epithelial","ER_Positive","Normal","ER_Positive vs Normal",1.77623598449663,0.389634451532979,10.6339048814656,0.00391222974267377,0.0221633943934712,"ER_Positive_higher"
"HNRNPUL2","Luminal_Epithelial","ER_Positive","Normal","ER_Positive vs Normal",-1.29866958210149,3.67190204539282,11.1838584297357,0.00393604584559556,0.0222899018886236,"Normal_higher"
"MYO1G","Luminal_Epithelial","ER_Positive","Normal","ER_Positive vs Normal",2.26672474056064,-0.478104395022787,10.3883774334801,0.00394541676633011,0.022327315792036,"ER_Positive_higher"
"KLHL35","Luminal_Epithelial","ER_Positive","Normal","ER_Positive vs Normal",2.88537508859225,4.18379188528566,11.2342578545689,0.00394562813890048,0.022327315792036,"ER_Positive_higher"
"LEMD2","Luminal_Epithelial","ER_Positive","Normal","ER_Positive vs Normal",-1.55239910553351,3.76987153824437,11.1676258192311,0.0039519750430089,0.022351674530978,"Normal_higher"
"RP11-138A9.2","Luminal_Epithelial","ER_Positive","Normal","ER_Positive vs Normal",2.85801283157797,4.09221931044859,11.2276996608034,0.00395291158827317,0.022351674530978,"ER_Positive_higher"
"AC009961.3","Luminal_Epithelial","ER_Positive","Normal","ER_Positive vs Normal",1.9265273773339,2.08271529303929,11.0839728139415,0.00396843838792304,0.0224310187900418,"ER_Positive_higher"
"FKBP10","Luminal_Epithelial","ER_Positive","Normal","ER_Positive vs Normal",1.51327647641297,4.35024330077916,11.2079037340181,0.00397636497367735,0.022467360376497,"ER_Positive_higher"
"EXT2","Luminal_Epithelial","ER_Positive","Normal","ER_Positive vs Normal",-1.32882394966024,3.87552853989096,11.1607506474651,0.00398446436032796,0.022504650604231,"Normal_higher"
"RP11-379K17.12","Luminal_Epithelial","ER_Positive","Normal","ER_Positive vs Normal",2.67708268360106,0.676311156011779,10.6689174914304,0.00399215951787015,0.0225396305058981,"ER_Positive_higher"
"FCF1","Luminal_Epithelial","ER_Positive","Normal","ER_Positive vs Normal",-1.28386567837642,3.30512507846409,11.1002688188492,0.00399531570292132,0.0225489668122378,"Normal_higher"
"SUSD3","Luminal_Epithelial","ER_Positive","Normal","ER_Positive vs Normal",3.44739471892268,6.26803293089714,11.1892445983126,0.00399847585082406,0.0225583184561341,"ER_Positive_higher"
"TTC1","Luminal_Epithelial","ER_Positive","Normal","ER_Positive vs Normal",-1.26554324627458,5.89311996711834,11.188699813657,0.00400119669757953,0.0225651855845832,"Normal_higher"
"NUDCD1","Luminal_Epithelial","ER_Positive","Normal","ER_Positive vs Normal",-1.14094622046078,3.80767242653503,11.1412665408399,0.00401125787638963,0.0226134286066789,"Normal_higher"
"ACOT7","Luminal_Epithelial","ER_Positive","Normal","ER_Positive vs Normal",-1.53223926708599,3.85192627854921,11.1248005380457,0.00401562250801724,0.0226220477774256,"Normal_higher"
"TSFM","Luminal_Epithelial","ER_Positive","Normal","ER_Positive vs Normal",-1.46587224972075,5.24069501204414,11.1752418228819,0.00401580164450335,0.0226220477774256,"Normal_higher"
"PRKD3","Luminal_Epithelial","ER_Positive","Normal","ER_Positive vs Normal",-1.7639154778776,2.26133056273795,10.8065670129839,0.00401792469526314,0.0226255144096863,"Normal_higher"
"USF1","Luminal_Epithelial","ER_Positive","Normal","ER_Positive vs Normal",2.45281184153911,3.1547174222718,11.1520202006842,0.00401966646420794,0.0226268321936866,"ER_Positive_higher"
"RARS2","Luminal_Epithelial","ER_Positive","Normal","ER_Positive vs Normal",-1.29584483064133,4.37797366005252,11.156292977378,0.00402166432627778,0.0226295900054183,"Normal_higher"
"PRDX5","Luminal_Epithelial","ER_Positive","Normal","ER_Positive vs Normal",-1.24152177919645,8.52802280125701,11.1629372111392,0.00402902850841109,0.0226592232527562,"Normal_higher"
"GJA1","Luminal_Epithelial","ER_Positive","Normal","ER_Positive vs Normal",4.52312445380592,6.11158231768824,11.1665188867071,0.0040299504805495,0.0226592232527562,"ER_Positive_higher"
"FAM179B","Luminal_Epithelial","ER_Positive","Normal","ER_Positive vs Normal",1.20185513876689,3.96708225607722,11.1596218958792,0.00403147317691551,0.0226592951183412,"ER_Positive_higher"
"MRPS5","Luminal_Epithelial","ER_Positive","Normal","ER_Positive vs Normal",-1.16950394100215,5.57959767848101,11.1612215852342,0.004036585408254,0.0226789215992448,"Normal_higher"
"C1QTNF1","Luminal_Epithelial","ER_Positive","Normal","ER_Positive vs Normal",-2.81731511079972,1.10674004130284,10.5188521277254,0.004037987506709,0.0226789215992448,"Normal_higher"
"ARMT1","Luminal_Epithelial","ER_Positive","Normal","ER_Positive vs Normal",3.34138580753233,7.22743765439801,11.1530758228295,0.00404239964932986,0.022691752824905,"ER_Positive_higher"
"TNC","Luminal_Epithelial","ER_Positive","Normal","ER_Positive vs Normal",-2.66000190508436,3.59444607816084,10.96930042079,0.00404329626532925,0.022691752824905,"Normal_higher"
"PDE8B","Luminal_Epithelial","ER_Positive","Normal","ER_Positive vs Normal",4.50559886955342,2.34920202522364,10.977914303919,0.00404689926078617,0.0227034830678946,"ER_Positive_higher"
"RP11-134G8.7","Luminal_Epithelial","ER_Positive","Normal","ER_Positive vs Normal",1.94278720178331,1.62860389682954,10.9215624298833,0.00405629222257705,0.0227442875076246,"ER_Positive_higher"
"TMEM145","Luminal_Epithelial","ER_Positive","Normal","ER_Positive vs Normal",2.89300166318924,1.51489067354791,10.8919390238585,0.00405720381541355,0.0227442875076246,"ER_Positive_higher"
"RAPH1","Luminal_Epithelial","ER_Positive","Normal","ER_Positive vs Normal",1.24643834330399,4.12635545964003,11.1408812461219,0.00405898331125784,0.0227457664496066,"ER_Positive_higher"
"RP11-1136G4.2","Luminal_Epithelial","ER_Positive","Normal","ER_Positive vs Normal",2.73350927102256,-1.19399363126954,10.1528316144075,0.00406347458233574,0.0227596494249263,"ER_Positive_higher"
"TMEM55B","Luminal_Epithelial","ER_Positive","Normal","ER_Positive vs Normal",-1.16651152079975,4.77890465313755,11.133837086034,0.0040644939334179,0.0227596494249263,"Normal_higher"
"GPD1L","Luminal_Epithelial","ER_Positive","Normal","ER_Positive vs Normal",2.2446661349812,3.61738566830621,11.12704951438,0.00407034857835189,0.0227839317849037,"ER_Positive_higher"
"CINP","Luminal_Epithelial","ER_Positive","Normal","ER_Positive vs Normal",-1.0276785340135,5.12380061351675,11.1306036264861,0.00407454006433592,0.0227988899125612,"Normal_higher"
"MRPL44","Luminal_Epithelial","ER_Positive","Normal","ER_Positive vs Normal",-1.23793888614792,4.92647025071569,11.1256872196274,0.00407739357204866,0.0227990504357022,"Normal_higher"
"CSGALNACT1","Luminal_Epithelial","ER_Positive","Normal","ER_Positive vs Normal",-2.526253921775,2.14196581174403,10.5715346434986,0.004077656440478,0.0227990504357022,"Normal_higher"
"IFFO2","Luminal_Epithelial","ER_Positive","Normal","ER_Positive vs Normal",-2.01405990013698,1.63179276577067,10.5050361231096,0.00407912643565406,0.0227990504357022,"Normal_higher"
"ST14","Luminal_Epithelial","ER_Positive","Normal","ER_Positive vs Normal",-1.60595413257286,5.10148878717923,11.1192410190074,0.00408543297639993,0.0228257977203402,"Normal_higher"
"EPB41L3","Luminal_Epithelial","ER_Positive","Normal","ER_Positive vs Normal",4.62815990246756,3.53543179348907,11.0920462086728,0.00409025287722865,0.0228395494173267,"ER_Positive_higher"
"CEP83","Luminal_Epithelial","ER_Positive","Normal","ER_Positive vs Normal",1.40736808225483,3.39581781841772,11.0998647176126,0.00409157777465418,0.0228395494173267,"ER_Positive_higher"
"RP11-347C12.10","Luminal_Epithelial","ER_Positive","Normal","ER_Positive vs Normal",2.08762057151945,2.5750054373086,11.0523524871716,0.00409246007750993,0.0228395494173267,"ER_Positive_higher"
"H3F3C","Luminal_Epithelial","ER_Positive","Normal","ER_Positive vs Normal",4.21894511777302,6.36408025788058,11.1087803567958,0.00410296534671236,0.0228896657836849,"ER_Positive_higher"
"RP11-428K3.1","Luminal_Epithelial","ER_Positive","Normal","ER_Positive vs Normal",2.53925554908042,-0.449312233797776,10.2397136264583,0.00411442054257429,0.0229379349123514,"ER_Positive_higher"
"SLC22A15","Luminal_Epithelial","ER_Positive","Normal","ER_Positive vs Normal",2.3778946964742,0.913590234818146,10.6690378784602,0.00411467453748583,0.0229379349123514,"ER_Positive_higher"
"LYG1","Luminal_Epithelial","ER_Positive","Normal","ER_Positive vs Normal",-3.22284782502291,-0.263781373370617,10.5406905409682,0.00412164201356937,0.0229682442248925,"Normal_higher"
"NABP1","Luminal_Epithelial","ER_Positive","Normal","ER_Positive vs Normal",-2.2660803165624,4.22704990463826,11.0356073229484,0.00412443639895267,0.022975284721263,"Normal_higher"
"CAP2","Luminal_Epithelial","ER_Positive","Normal","ER_Positive vs Normal",1.67362149538265,3.98304630497255,11.0872079580942,0.00412835610716496,0.0229885863080611,"ER_Positive_higher"
"WDR35","Luminal_Epithelial","ER_Positive","Normal","ER_Positive vs Normal",1.67336184511143,2.44755500651852,10.9935749973777,0.00414622716878474,0.0230795367663029,"ER_Positive_higher"
"MPP5","Luminal_Epithelial","ER_Positive","Normal","ER_Positive vs Normal",-1.15195955465778,4.25435283212734,11.0531173286655,0.00415507998477378,0.0231202392775306,"Normal_higher"
"BNIP3","Luminal_Epithelial","ER_Positive","Normal","ER_Positive vs Normal",-1.15717587693431,7.0925952530237,11.0638722562003,0.00416080440058734,0.0231435106151276,"Normal_higher"
"EIF4EBP3","Luminal_Epithelial","ER_Positive","Normal","ER_Positive vs Normal",3.24634170693741,5.22511320270451,11.0657676341748,0.00416331491778717,0.0231488947651842,"ER_Positive_higher"
"CTGF","Luminal_Epithelial","ER_Positive","Normal","ER_Positive vs Normal",-2.77513191585888,4.10730313067632,10.9429421991755,0.0041750226544879,0.0232053944355185,"Normal_higher"
"PSMD8","Luminal_Epithelial","ER_Positive","Normal","ER_Positive vs Normal",-1.24029031347437,8.15528454965408,11.0404103044626,0.00419017430659052,0.0232809869748256,"Normal_higher"
"TRAPPC9","Luminal_Epithelial","ER_Positive","Normal","ER_Positive vs Normal",1.47128603508877,3.23154189528524,11.0165851578835,0.00419395506519049,0.0232933692314263,"ER_Positive_higher"
"PRR34-AS1","Luminal_Epithelial","ER_Positive","Normal","ER_Positive vs Normal",-2.24269696046272,4.87791530877115,11.0207777768735,0.00419599573702938,0.0232960814005179,"Normal_higher"
"CKMT1B","Luminal_Epithelial","ER_Positive","Normal","ER_Positive vs Normal",-2.41653848113628,2.31848279712229,10.5462216231145,0.00421132083234513,0.0233725191312882,"Normal_higher"
"NBPF11","Luminal_Epithelial","ER_Positive","Normal","ER_Positive vs Normal",1.81819787276842,3.0051607223876,10.9852352695981,0.0042247152962514,0.0234381894457837,"ER_Positive_higher"
"SSNA1","Luminal_Epithelial","ER_Positive","Normal","ER_Positive vs Normal",-1.004012802388,6.91008629875012,11.0022911788461,0.00424393823956403,0.0235182121973352,"Normal_higher"
"ARHGAP26","Luminal_Epithelial","ER_Positive","Normal","ER_Positive vs Normal",-1.90363498828259,2.58405999463075,10.7044368651335,0.00424495916078144,0.0235182121973352,"Normal_higher"
"CD37","Luminal_Epithelial","ER_Positive","Normal","ER_Positive vs Normal",3.07684661132289,0.580138153173461,10.4026052555384,0.00424540793247024,0.0235182121973352,"ER_Positive_higher"
"ITPR1-AS1","Luminal_Epithelial","ER_Positive","Normal","ER_Positive vs Normal",2.24699884755998,-0.269101310943317,10.2191120096142,0.00424777543217973,0.0235226442474986,"ER_Positive_higher"
"GPR155","Luminal_Epithelial","ER_Positive","Normal","ER_Positive vs Normal",2.08443763320651,1.23089150672222,10.6828173961186,0.00425145585505451,0.0235343408398388,"ER_Positive_higher"
"PTAFR","Luminal_Epithelial","ER_Positive","Normal","ER_Positive vs Normal",-2.38091227986032,1.09889711566143,10.3292219237477,0.00425493971491603,0.0235405695090236,"Normal_higher"
"ARMC3","Luminal_Epithelial","ER_Positive","Normal","ER_Positive vs Normal",4.19903277723362,0.282482222719708,10.0837822250835,0.00425571833664163,0.0235405695090236,"ER_Positive_higher"
"ALG8","Luminal_Epithelial","ER_Positive","Normal","ER_Positive vs Normal",1.52017615366586,5.38845301381092,10.9860164765962,0.00426894718123404,0.0236050443436917,"ER_Positive_higher"
"TNFAIP8","Luminal_Epithelial","ER_Positive","Normal","ER_Positive vs Normal",-1.78617784189187,4.45938414731216,10.9564751026791,0.00427717085634669,0.0236418059083591,"Normal_higher"
"FAM173A","Luminal_Epithelial","ER_Positive","Normal","ER_Positive vs Normal",1.29524999478571,6.81904790475944,10.9755748008794,0.00427945228551379,0.0236457070871522,"ER_Positive_higher"
"TADA1","Luminal_Epithelial","ER_Positive","Normal","ER_Positive vs Normal",1.28340381254653,2.90200362023353,10.9307853102591,0.00428167794277528,0.0236492973453179,"ER_Positive_higher"
"WDR43","Luminal_Epithelial","ER_Positive","Normal","ER_Positive vs Normal",-1.38873139906122,5.41298437054249,10.9650826625313,0.00429709352292371,0.0237257110001899,"Normal_higher"
"SLC25A12","Luminal_Epithelial","ER_Positive","Normal","ER_Positive vs Normal",1.28412977759102,3.52830806426642,10.939349081124,0.00431377354469559,0.0238090472913743,"ER_Positive_higher"
"SYTL1","Luminal_Epithelial","ER_Positive","Normal","ER_Positive vs Normal",1.60043282627589,5.05974671874228,10.9429358973475,0.00432917283697609,0.0238852561634192,"ER_Positive_higher"
"CTC-487M23.8","Luminal_Epithelial","ER_Positive","Normal","ER_Positive vs Normal",-2.60665940793923,-0.244221118401106,10.4532511357281,0.00433138139568563,0.0238886588037686,"Normal_higher"
"MPPED2","Luminal_Epithelial","ER_Positive","Normal","ER_Positive vs Normal",4.6710382831482,2.22819005130559,10.719885642185,0.00433397047767894,0.0238941568547127,"ER_Positive_higher"
"NSRP1","Luminal_Epithelial","ER_Positive","Normal","ER_Positive vs Normal",-1.45386917455971,6.10339434816846,10.9370454783911,0.00433673215976647,0.0238990519971526,"Normal_higher"
"CPNE3","Luminal_Epithelial","ER_Positive","Normal","ER_Positive vs Normal",1.19563711682643,6.82672634358131,10.9332857485884,0.00433804342241912,0.0238990519971526,"ER_Positive_higher"
"WDR24","Luminal_Epithelial","ER_Positive","Normal","ER_Positive vs Normal",2.11933643237106,4.34048596059329,10.930386803211,0.00434680772159601,0.0239383151894397,"ER_Positive_higher"
"SLC38A6","Luminal_Epithelial","ER_Positive","Normal","ER_Positive vs Normal",1.46598510672374,3.49271650738733,10.9141375384768,0.00434836057882405,0.0239383151894397,"ER_Positive_higher"
"HAMP","Luminal_Epithelial","ER_Positive","Normal","ER_Positive vs Normal",6.16058685968524,2.78404434920187,10.5461345326256,0.00435153580182672,0.0239470105529936,"ER_Positive_higher"
"SH3BP1","Luminal_Epithelial","ER_Positive","Normal","ER_Positive vs Normal",-1.76331610334408,1.83597210224046,10.4180659224598,0.00435885599206735,0.0239785014197048,"Normal_higher"
"AKR1E2","Luminal_Epithelial","ER_Positive","Normal","ER_Positive vs Normal",-3.40965420287666,-0.235113156183316,10.3841615406694,0.00436102261433422,0.0239816293049885,"Normal_higher"
"SLC16A1","Luminal_Epithelial","ER_Positive","Normal","ER_Positive vs Normal",-1.93312346269082,2.02091967782214,10.4305810357946,0.00438301120386872,0.0240786500322408,"Normal_higher"
"TTLL5","Luminal_Epithelial","ER_Positive","Normal","ER_Positive vs Normal",1.14824159777982,3.29026872262343,10.8796392237184,0.00438321128090263,0.0240786500322408,"ER_Positive_higher"
"NKAIN1","Luminal_Epithelial","ER_Positive","Normal","ER_Positive vs Normal",2.71255233846878,1.2214998864647,10.577955338771,0.00438347916892662,0.0240786500322408,"ER_Positive_higher"
"FICD","Luminal_Epithelial","ER_Positive","Normal","ER_Positive vs Normal",-1.83304595659097,3.34975178829635,10.7779607637394,0.00438670264363396,0.0240875399096286,"Normal_higher"
"SNW1","Luminal_Epithelial","ER_Positive","Normal","ER_Positive vs Normal",-1.21300463994035,5.98024749683324,10.8985180304363,0.00439085309565289,0.0240936494575297,"Normal_higher"
"DNAJC8","Luminal_Epithelial","ER_Positive","Normal","ER_Positive vs Normal",-1.23194701114496,6.48107528462186,10.8974190623298,0.00439102627216258,0.0240936494575297,"Normal_higher"
"STPG1","Luminal_Epithelial","ER_Positive","Normal","ER_Positive vs Normal",-1.17580483679279,2.81447741980839,10.7409701889764,0.00439761065021095,0.0241209587089604,"Normal_higher"
"HIST2H2AB","Luminal_Epithelial","ER_Positive","Normal","ER_Positive vs Normal",2.51700735911597,-0.560288581511526,10.0360376349368,0.00440379619352995,0.0241247142432916,"ER_Positive_higher"
"KLC3","Luminal_Epithelial","ER_Positive","Normal","ER_Positive vs Normal",-1.50680362533685,4.45866423736956,10.8726821685349,0.0044041396856402,0.0241247142432916,"Normal_higher"
"CISD2","Luminal_Epithelial","ER_Positive","Normal","ER_Positive vs Normal",-1.05826021883424,6.51937828071396,10.8876990903604,0.00440453076793576,0.0241247142432916,"Normal_higher"
"AKAP13","Luminal_Epithelial","ER_Positive","Normal","ER_Positive vs Normal",-1.01445521075422,4.70401265922614,10.8831476187815,0.00440512526899458,0.0241247142432916,"Normal_higher"
"ZNF771","Luminal_Epithelial","ER_Positive","Normal","ER_Positive vs Normal",1.40631965952003,4.03066373427114,10.8842040937025,0.00440633316058254,0.0241247142432916,"ER_Positive_higher"
"TESK2","Luminal_Epithelial","ER_Positive","Normal","ER_Positive vs Normal",1.77020803044114,3.05968048063631,10.8548064248883,0.00441033582789479,0.0241342056615667,"ER_Positive_higher"
"CADPS2","Luminal_Epithelial","ER_Positive","Normal","ER_Positive vs Normal",1.64117338006604,4.10299309759905,10.8822190421567,0.00441128314317835,0.0241342056615667,"ER_Positive_higher"
"MAP1S","Luminal_Epithelial","ER_Positive","Normal","ER_Positive vs Normal",-1.0999064208109,3.98262427713943,10.8454660708841,0.00442736519265057,0.0242133635007679,"Normal_higher"
"SENP7","Luminal_Epithelial","ER_Positive","Normal","ER_Positive vs Normal",1.51070335578945,2.84900076300904,10.8227510146226,0.00443291571591458,0.0242348874858762,"ER_Positive_higher"
"GATSL2","Luminal_Epithelial","ER_Positive","Normal","ER_Positive vs Normal",3.11971901391526,-0.918425603747172,9.88602056430411,0.00443498413599857,0.0242373659610089,"ER_Positive_higher"
"APRT","Luminal_Epithelial","ER_Positive","Normal","ER_Positive vs Normal",-1.30067113665395,8.22980384844903,10.8602067457869,0.0044401906496206,0.0242484351152313,"Normal_higher"
"PAF1","Luminal_Epithelial","ER_Positive","Normal","ER_Positive vs Normal",1.01508423190753,5.25458090013217,10.8633724235596,0.00444134694609137,0.0242484351152313,"ER_Positive_higher"
"TMEM144","Luminal_Epithelial","ER_Positive","Normal","ER_Positive vs Normal",1.97607113894883,3.55502177303201,10.8526451890177,0.00444185700884726,0.0242484351152313,"ER_Positive_higher"
"RRM2","Luminal_Epithelial","ER_Positive","Normal","ER_Positive vs Normal",-2.74746788266819,0.137771789751754,10.3575116425895,0.00444678279865803,0.0242617662407548,"Normal_higher"
"KIAA1549","Luminal_Epithelial","ER_Positive","Normal","ER_Positive vs Normal",1.74388517734295,1.91218247242599,10.7036578168698,0.00444753241342816,0.0242617662407548,"ER_Positive_higher"
"KIAA0391","Luminal_Epithelial","ER_Positive","Normal","ER_Positive vs Normal",1.81743296266364,1.04803837243805,10.4814935322743,0.00445552100075861,0.0242965129572618,"ER_Positive_higher"
"MAPK6","Luminal_Epithelial","ER_Positive","Normal","ER_Positive vs Normal",-1.13762315250208,4.53001031099394,10.8406536880402,0.00445984731437772,0.0243112708488436,"Normal_higher"
"FADS1","Luminal_Epithelial","ER_Positive","Normal","ER_Positive vs Normal",-1.69848184660086,2.95811938838512,10.6700030217663,0.00446727017609043,0.0243428916240338,"Normal_higher"
"COG4","Luminal_Epithelial","ER_Positive","Normal","ER_Positive vs Normal",-1.20573687222352,3.31603117966828,10.760867666846,0.00446926440954882,0.0243449186911431,"Normal_higher"
"CTDSP2","Luminal_Epithelial","ER_Positive","Normal","ER_Positive vs Normal",-1.36367877050767,4.82431338570368,10.8344812478505,0.004473678195241,0.0243526903922129,"Normal_higher"
"GTPBP8","Luminal_Epithelial","ER_Positive","Normal","ER_Positive vs Normal",-1.02583501142356,3.24258308601779,10.7602844694123,0.00447393665698214,0.0243526903922129,"Normal_higher"
"TRAK2","Luminal_Epithelial","ER_Positive","Normal","ER_Positive vs Normal",1.1988493439217,2.99562206023628,10.7984130906371,0.00447825460448647,0.0243673556379726,"ER_Positive_higher"
"CCDC65","Luminal_Epithelial","ER_Positive","Normal","ER_Positive vs Normal",3.81061368603394,0.0362430923844586,9.92544358140333,0.00448453341858241,0.0243926759741451,"ER_Positive_higher"
"CYSTM1","Luminal_Epithelial","ER_Positive","Normal","ER_Positive vs Normal",-1.10448483659069,7.32865551286723,10.8260789909166,0.00449087806195855,0.0244183358970333,"Normal_higher"
"AIM1L","Luminal_Epithelial","ER_Positive","Normal","ER_Positive vs Normal",-1.80703415778143,0.225145651224187,10.2485119341728,0.00449472143053311,0.0244238498878933,"Normal_higher"
"CSTF3","Luminal_Epithelial","ER_Positive","Normal","ER_Positive vs Normal",-1.33540812047788,4.56041998598713,10.8145663107015,0.00449514715735065,0.0244238498878933,"Normal_higher"
"HRASLS","Luminal_Epithelial","ER_Positive","Normal","ER_Positive vs Normal",-2.7413123513989,2.02819444007757,10.2202481658537,0.00449780896969091,0.0244294676830082,"Normal_higher"
"ENTPD3","Luminal_Epithelial","ER_Positive","Normal","ER_Positive vs Normal",2.58050378752468,0.785852917325846,10.3655581938453,0.00450199156091775,0.024443338406184,"ER_Positive_higher"
"MIR3180-4","Luminal_Epithelial","ER_Positive","Normal","ER_Positive vs Normal",1.99111687587105,-1.33594647121276,9.98032693407036,0.00450494527154273,0.0244505293634871,"ER_Positive_higher"
"FTCDNL1","Luminal_Epithelial","ER_Positive","Normal","ER_Positive vs Normal",2.3944582987438,2.1806592339894,10.7119890893151,0.00450706055119527,0.0244531661937048,"ER_Positive_higher"
"ZNF618","Luminal_Epithelial","ER_Positive","Normal","ER_Positive vs Normal",2.04308153517317,2.73250566087974,10.7652944919828,0.00451281804727082,0.0244755549097915,"ER_Positive_higher"
"RNF183","Luminal_Epithelial","ER_Positive","Normal","ER_Positive vs Normal",-2.95466910005389,1.92280643475268,10.1605419125963,0.00452330110543139,0.0245146911120292,"Normal_higher"
"ACADSB","Luminal_Epithelial","ER_Positive","Normal","ER_Positive vs Normal",2.00844978507984,5.61800712497613,10.7939644786678,0.00454061567170867,0.0245996459874845,"ER_Positive_higher"
"PTGER3","Luminal_Epithelial","ER_Positive","Normal","ER_Positive vs Normal",3.74420236663267,3.94724495701567,10.7909078944499,0.0045462643286986,0.0246213600796752,"ER_Positive_higher"
"DLC1","Luminal_Epithelial","ER_Positive","Normal","ER_Positive vs Normal",4.67882290801436,3.24289087071452,10.7344776697757,0.00455395731724445,0.0246504436551087,"ER_Positive_higher"
"TMEM165","Luminal_Epithelial","ER_Positive","Normal","ER_Positive vs Normal",-1.43249719156988,7.49630241943419,10.7817655297136,0.00455573455476628,0.0246504436551087,"Normal_higher"
"CAMSAP1","Luminal_Epithelial","ER_Positive","Normal","ER_Positive vs Normal",-1.25196314082865,2.27111747077621,10.5096997718942,0.00455656231753658,0.0246504436551087,"Normal_higher"
"SOX12","Luminal_Epithelial","ER_Positive","Normal","ER_Positive vs Normal",1.67141479898819,2.80143385953029,10.7357869003464,0.00455892298498126,0.0246543269317527,"ER_Positive_higher"
"PUSL1","Luminal_Epithelial","ER_Positive","Normal","ER_Positive vs Normal",-1.0278630574409,4.51651973321398,10.7706987628984,0.00456284413470545,0.0246666433463706,"Normal_higher"
"PSEN2","Luminal_Epithelial","ER_Positive","Normal","ER_Positive vs Normal",1.36132950654544,3.88294071465738,10.7633621960187,0.00457821285340668,0.0247408139326878,"ER_Positive_higher"
"C12orf49","Luminal_Epithelial","ER_Positive","Normal","ER_Positive vs Normal",-1.1457117617689,4.2420352021217,10.7414868145692,0.00459408147285082,0.0248098241563829,"Normal_higher"
"ZNF267","Luminal_Epithelial","ER_Positive","Normal","ER_Positive vs Normal",-1.10853986028017,3.9913263109785,10.7307755650981,0.00459574117292332,0.0248098241563829,"Normal_higher"
"MFHAS1","Luminal_Epithelial","ER_Positive","Normal","ER_Positive vs Normal",-1.60091678988215,1.33137136137128,10.1638514945395,0.00459594263708566,0.0248098241563829,"Normal_higher"
"RPS6KA1","Luminal_Epithelial","ER_Positive","Normal","ER_Positive vs Normal",-1.64813040469403,2.9452789491193,10.5847866307017,0.00459968630584715,0.0248211047795211,"Normal_higher"
"PRCP","Luminal_Epithelial","ER_Positive","Normal","ER_Positive vs Normal",1.44885548701941,4.72211937026692,10.7506729172632,0.00460649229796282,0.0248488964469907,"ER_Positive_higher"
"ZNF486","Luminal_Epithelial","ER_Positive","Normal","ER_Positive vs Normal",2.18091040374452,2.25075282938236,10.6521579623165,0.00461237439352141,0.0248716861385468,"ER_Positive_higher"
"SF3B6","Luminal_Epithelial","ER_Positive","Normal","ER_Positive vs Normal",-1.05803202786219,8.25336206178901,10.7411422268342,0.00461437435176791,0.0248735330089731,"Normal_higher"
"FBXW5","Luminal_Epithelial","ER_Positive","Normal","ER_Positive vs Normal",-1.15903181013627,5.64863876654676,10.7428574832188,0.0046174953096095,0.024874359258257,"Normal_higher"
"MOB4","Luminal_Epithelial","ER_Positive","Normal","ER_Positive vs Normal",-1.27165216842978,5.77124964825318,10.7415933082996,0.00461943420642482,0.024874359258257,"Normal_higher"
"BBS12","Luminal_Epithelial","ER_Positive","Normal","ER_Positive vs Normal",-1.53162413542586,1.73665578561545,10.2786241633614,0.00461950018343189,0.024874359258257,"Normal_higher"
"PXDC1","Luminal_Epithelial","ER_Positive","Normal","ER_Positive vs Normal",-2.60372172705406,3.2408253720445,10.4999841441154,0.00462985397128654,0.0249211687758598,"Normal_higher"
"FBLN2","Luminal_Epithelial","ER_Positive","Normal","ER_Positive vs Normal",4.30992499868248,0.94784906232816,10.1283979497983,0.00463459706390392,0.024937754800289,"ER_Positive_higher"
"FAM58A","Luminal_Epithelial","ER_Positive","Normal","ER_Positive vs Normal",-1.57390274759336,4.09464687837479,10.6954373731467,0.00463718741078627,0.0249427496321396,"Normal_higher"
"TEX9","Luminal_Epithelial","ER_Positive","Normal","ER_Positive vs Normal",1.16019754872467,3.41360210562066,10.7069846462117,0.00464324008037925,0.0249663575371736,"ER_Positive_higher"
"ORAI1","Luminal_Epithelial","ER_Positive","Normal","ER_Positive vs Normal",-1.71413656354907,3.51523264136902,10.6331604256537,0.00465028651754798,0.0249952900318204,"Normal_higher"
"TRIM72","Luminal_Epithelial","ER_Positive","Normal","ER_Positive vs Normal",4.56894470726683,1.35071428743206,10.2326307367412,0.00465294805273484,0.0250006413989945,"ER_Positive_higher"
"UBXN1","Luminal_Epithelial","ER_Positive","Normal","ER_Positive vs Normal",-1.06304813664147,7.37971392897758,10.7084089226191,0.00466535855706078,0.0250583521352223,"Normal_higher"
"RPL31","Luminal_Epithelial","ER_Positive","Normal","ER_Positive vs Normal",-1.89816537790186,10.6975052594886,10.7055455462673,0.00466718224300834,0.0250591785047679,"Normal_higher"
"RP11-141M1.3","Luminal_Epithelial","ER_Positive","Normal","ER_Positive vs Normal",3.3644159680421,-0.579518499958643,9.72663419497432,0.00468661199831899,0.0251545015231663,"ER_Positive_higher"
"RSRC2","Luminal_Epithelial","ER_Positive","Normal","ER_Positive vs Normal",-1.01117643616042,6.85148819252867,10.6920618003964,0.00469130615809183,0.0251706941417533,"Normal_higher"
"SREK1IP1","Luminal_Epithelial","ER_Positive","Normal","ER_Positive vs Normal",-1.44367836345927,5.82909986963169,10.687762379727,0.00470086893703254,0.0252129878978011,"Normal_higher"
"VCAM1","Luminal_Epithelial","ER_Positive","Normal","ER_Positive vs Normal",3.04991127725955,-1.58174625858803,9.79969332954357,0.00471607856431954,0.025276738299901,"ER_Positive_higher"
"CTA-243E7.1","Luminal_Epithelial","ER_Positive","Normal","ER_Positive vs Normal",-2.14902369494505,1.27293835710972,10.0456319764331,0.00471612362495654,0.025276738299901,"Normal_higher"
"SCN1B","Luminal_Epithelial","ER_Positive","Normal","ER_Positive vs Normal",2.57647916798908,0.323531111860551,10.060895935627,0.00473201214729612,0.0253528405192692,"ER_Positive_higher"
"LRRK2","Luminal_Epithelial","ER_Positive","Normal","ER_Positive vs Normal",4.29315973289429,0.800707822968971,10.010909079459,0.0047354324651552,0.0253621109937845,"ER_Positive_higher"
"EIF3D","Luminal_Epithelial","ER_Positive","Normal","ER_Positive vs Normal",-1.66203594531058,7.37322861501009,10.6587996718017,0.0047419637507336,0.025373712501743,"Normal_higher"
"LRRC73","Luminal_Epithelial","ER_Positive","Normal","ER_Positive vs Normal",2.26080792818054,1.9560589980579,10.5226186772259,0.00474295206798753,0.025373712501743,"ER_Positive_higher"
"HOXB6","Luminal_Epithelial","ER_Positive","Normal","ER_Positive vs Normal",4.75363916315963,3.59548096290549,10.6324976409236,0.00474432792164987,0.025373712501743,"ER_Positive_higher"
"DPH2","Luminal_Epithelial","ER_Positive","Normal","ER_Positive vs Normal",-1.745732424987,3.95602515296254,10.6097766078622,0.00474436178316058,0.025373712501743,"Normal_higher"
"RAPGEF6","Luminal_Epithelial","ER_Positive","Normal","ER_Positive vs Normal",1.3493999206937,2.86833950456685,10.598639111425,0.00476912034066956,0.0254970391707973,"ER_Positive_higher"
"ACTR3B","Luminal_Epithelial","ER_Positive","Normal","ER_Positive vs Normal",-1.24947564379442,3.11062048928484,10.5295456075683,0.00477636755715354,0.0255266908583344,"Normal_higher"
"PPP1R1C","Luminal_Epithelial","ER_Positive","Normal","ER_Positive vs Normal",-2.27805835065028,0.300722918248689,10.0979521358818,0.00477911565638016,0.0255322850321456,"Normal_higher"
"BMPR1B","Luminal_Epithelial","ER_Positive","Normal","ER_Positive vs Normal",6.64118222574928,5.70595304503676,10.6156619932355,0.00479348824499267,0.0255999566165854,"ER_Positive_higher"
"ERP44","Luminal_Epithelial","ER_Positive","Normal","ER_Positive vs Normal",-1.55048606580156,5.75053360814865,10.6250869588675,0.00479779363866329,0.0256130805678445,"Normal_higher"
"AMZ2","Luminal_Epithelial","ER_Positive","Normal","ER_Positive vs Normal",1.72306478652226,6.22545149208266,10.6187295395914,0.00480466282191638,0.0256322698075006,"ER_Positive_higher"
"FKBP9","Luminal_Epithelial","ER_Positive","Normal","ER_Positive vs Normal",1.23549545701917,3.80488689354915,10.6054257116574,0.00481690462143914,0.0256760327178492,"ER_Positive_higher"
"PHTF2","Luminal_Epithelial","ER_Positive","Normal","ER_Positive vs Normal",1.4998491659046,3.46308834651808,10.5981813819572,0.0048173076943358,0.0256760327178492,"ER_Positive_higher"
"CPNE2","Luminal_Epithelial","ER_Positive","Normal","ER_Positive vs Normal",-2.71716189745654,1.53747402768356,9.98075451113158,0.00481799880945314,0.0256760327178492,"Normal_higher"
"LNP1","Luminal_Epithelial","ER_Positive","Normal","ER_Positive vs Normal",-1.74871235852353,0.479406623778106,10.0040788513193,0.00482513838202261,0.0257049526798059,"Normal_higher"
"NCSTN","Luminal_Epithelial","ER_Positive","Normal","ER_Positive vs Normal",1.02938851784496,5.03487627699376,10.6033132494438,0.00483247253053338,0.0257348883128866,"ER_Positive_higher"
"AC005253.2","Luminal_Epithelial","ER_Positive","Normal","ER_Positive vs Normal",-1.94717674075806,0.344447351506578,10.0318770863011,0.00483680553869656,0.0257488260798933,"Normal_higher"
"RP11-696N14.1","Luminal_Epithelial","ER_Positive","Normal","ER_Positive vs Normal",2.08211378023574,-0.664085999378957,9.83237001934383,0.00484858087874848,0.025802359307581,"ER_Positive_higher"
"RIC8B","Luminal_Epithelial","ER_Positive","Normal","ER_Positive vs Normal",1.11419293829851,2.40433447208375,10.4983719866308,0.00485341795337145,0.0258189447806612,"ER_Positive_higher"
"HOOK1","Luminal_Epithelial","ER_Positive","Normal","ER_Positive vs Normal",1.23274888824219,4.69076962156814,10.5883962968733,0.00485623452814924,0.0258247737646831,"ER_Positive_higher"
"C1orf95","Luminal_Epithelial","ER_Positive","Normal","ER_Positive vs Normal",4.66779995700862,1.06929640661592,9.96551043868876,0.00486064392559038,0.0258270932220647,"ER_Positive_higher"
"DIABLO","Luminal_Epithelial","ER_Positive","Normal","ER_Positive vs Normal",2.15989249385753,4.56020249398014,10.5859484410323,0.00486144493550078,0.0258270932220647,"ER_Positive_higher"
"TGFBR2","Luminal_Epithelial","ER_Positive","Normal","ER_Positive vs Normal",-2.36046740841659,2.12355145250385,10.0804943612793,0.00486313207140286,0.0258270932220647,"Normal_higher"
"USP44","Luminal_Epithelial","ER_Positive","Normal","ER_Positive vs Normal",-2.54275206021382,-0.407514416090548,10.1229774530588,0.00486355470417505,0.0258270932220647,"Normal_higher"
"MAD2L1BP","Luminal_Epithelial","ER_Positive","Normal","ER_Positive vs Normal",-1.32260411870799,4.66072734304447,10.5734916282445,0.00486528433664058,0.0258271390307624,"Normal_higher"
"LINC00176","Luminal_Epithelial","ER_Positive","Normal","ER_Positive vs Normal",3.62329965419946,3.33788768746567,10.5631475184439,0.00487257505887413,0.0258505455419361,"ER_Positive_higher"
"VWA2","Luminal_Epithelial","ER_Positive","Normal","ER_Positive vs Normal",2.40012227095351,1.34777895518185,10.3109751037938,0.00487481299302936,0.0258505455419361,"ER_Positive_higher"
"RP11-304F15.4","Luminal_Epithelial","ER_Positive","Normal","ER_Positive vs Normal",3.70251997354137,-1.73567369543403,9.85785447764091,0.00487487326101071,0.0258505455419361,"ER_Positive_higher"
"CDKN1B","Luminal_Epithelial","ER_Positive","Normal","ER_Positive vs Normal",1.51850969106193,5.85237828722179,10.5735038032878,0.00487741773950149,0.0258505455419361,"ER_Positive_higher"
"HSPA2","Luminal_Epithelial","ER_Positive","Normal","ER_Positive vs Normal",3.28812076792827,5.30322195754843,10.5752511783847,0.00487830645530507,0.0258505455419361,"ER_Positive_higher"
"CEBPB","Luminal_Epithelial","ER_Positive","Normal","ER_Positive vs Normal",-2.1878562603604,8.12172562576637,10.5649398111347,0.00488857436100124,0.0258958120139589,"Normal_higher"
"ABHD12","Luminal_Epithelial","ER_Positive","Normal","ER_Positive vs Normal",1.406739759409,5.2542329746906,10.5625852838776,0.00489666469730985,0.0259295155654654,"ER_Positive_higher"
"ZNF491","Luminal_Epithelial","ER_Positive","Normal","ER_Positive vs Normal",2.12478827450497,-0.514788031153809,9.80547219957755,0.00490524271114046,0.0259657768487072,"ER_Positive_higher"
"SOD3","Luminal_Epithelial","ER_Positive","Normal","ER_Positive vs Normal",4.51161877749621,3.16706611132197,10.5040674445197,0.00491684111324211,0.0260179952702483,"ER_Positive_higher"
"RIIAD1","Luminal_Epithelial","ER_Positive","Normal","ER_Positive vs Normal",3.04285679126547,1.15835007671105,10.1965985419056,0.00492991994187293,0.0260780079547716,"ER_Positive_higher"
"PEBP4","Luminal_Epithelial","ER_Positive","Normal","ER_Positive vs Normal",3.52235100838962,0.906979045353127,10.075432268815,0.00493180534494044,0.0260787888694578,"ER_Positive_higher"
"CDC42EP1","Luminal_Epithelial","ER_Positive","Normal","ER_Positive vs Normal",-1.65602350119789,6.17879629299328,10.5389354290153,0.00493454564645978,0.0260840882410785,"Normal_higher"
"AC004069.2","Luminal_Epithelial","ER_Positive","Normal","ER_Positive vs Normal",-2.03248322433079,-0.121574184090062,10.0265116975058,0.00495996241627938,0.0262092098525016,"Normal_higher"
"LONRF3","Luminal_Epithelial","ER_Positive","Normal","ER_Positive vs Normal",-2.77839987371074,-0.108908460177077,10.0563230366075,0.00497606174291841,0.026285025897915,"Normal_higher"
"CTD-3131K8.2","Luminal_Epithelial","ER_Positive","Normal","ER_Positive vs Normal",-1.4891801540651,2.27701659354594,10.2191794348266,0.00497971814771152,0.0262950845329721,"Normal_higher"
"MAP3K1","Luminal_Epithelial","ER_Positive","Normal","ER_Positive vs Normal",1.87714794827606,5.00659955284707,10.5081416602578,0.00498548160101103,0.0263162583138841,"ER_Positive_higher"
"CREBZF","Luminal_Epithelial","ER_Positive","Normal","ER_Positive vs Normal",1.08639409774396,4.64259933082881,10.5062067389809,0.00498815101292375,0.0263169474778369,"ER_Positive_higher"
"NUDT17","Luminal_Epithelial","ER_Positive","Normal","ER_Positive vs Normal",1.24583215609034,1.89669927506589,10.3439851099859,0.0049891194492201,0.0263169474778369,"ER_Positive_higher"
"GAS6","Luminal_Epithelial","ER_Positive","Normal","ER_Positive vs Normal",-1.62720790797566,3.01117335482916,10.3463938720057,0.00500773936781145,0.0264058835884562,"Normal_higher"
"NLK","Luminal_Epithelial","ER_Positive","Normal","ER_Positive vs Normal",1.27906407980693,2.55026331043362,10.4220817215984,0.00500959811081508,0.0264064063396564,"ER_Positive_higher"
"KCNJ8","Luminal_Epithelial","ER_Positive","Normal","ER_Positive vs Normal",5.08485900128486,1.90954477471294,10.1133667851464,0.00501226540708007,0.0264111892429953,"ER_Positive_higher"
"MYO1B","Luminal_Epithelial","ER_Positive","Normal","ER_Positive vs Normal",-2.21900238369234,5.02927331068303,10.4762823422156,0.00501690146570509,0.0264263391701777,"Normal_higher"
"RHEBL1","Luminal_Epithelial","ER_Positive","Normal","ER_Positive vs Normal",-2.01371652826384,0.342455855389534,9.9441371945105,0.00502021792595659,0.026434167157694,"Normal_higher"
"MCMDC2","Luminal_Epithelial","ER_Positive","Normal","ER_Positive vs Normal",2.50838467499705,0.666117073458044,10.0112073704602,0.00502191047954858,0.026434167157694,"ER_Positive_higher"
"PUM3","Luminal_Epithelial","ER_Positive","Normal","ER_Positive vs Normal",-1.18126991299675,5.20191414645663,10.4806177409368,0.00502802959273975,0.0264553712311805,"Normal_higher"
"PDCD4","Luminal_Epithelial","ER_Positive","Normal","ER_Positive vs Normal",1.66817881101037,6.70545950815962,10.4781897687233,0.00502946452472566,0.0264553712311805,"ER_Positive_higher"
"GALNT10","Luminal_Epithelial","ER_Positive","Normal","ER_Positive vs Normal",2.16656617528089,3.69591979591516,10.4683795652939,0.00504047098095552,0.0265039761777153,"ER_Positive_higher"
"CBFB","Luminal_Epithelial","ER_Positive","Normal","ER_Positive vs Normal",-1.38017865617191,3.63878058691189,10.4180396297717,0.00504250394896959,0.026504705803702,"Normal_higher"
"DUSP14","Luminal_Epithelial","ER_Positive","Normal","ER_Positive vs Normal",-1.65682290715886,5.86222330330554,10.472045467677,0.00504414205206723,0.026504705803702,"Normal_higher"
"PPIF","Luminal_Epithelial","ER_Positive","Normal","ER_Positive vs Normal",-1.76840002087451,6.55750516508368,10.4608388823641,0.00506180216544268,0.0265881921934891,"Normal_higher"
"SLC9A6","Luminal_Epithelial","ER_Positive","Normal","ER_Positive vs Normal",-2.54402164037648,0.00989745908819239,9.9896348379697,0.00506957269646284,0.0266196912021756,"Normal_higher"
"TMC4","Luminal_Epithelial","ER_Positive","Normal","ER_Positive vs Normal",1.41519902093785,5.78175936796984,10.4540165877083,0.00507228395324985,0.026624611852543,"ER_Positive_higher"
"RP1-102K2.8","Luminal_Epithelial","ER_Positive","Normal","ER_Positive vs Normal",-2.86549813110786,-0.132702951747259,10.0028788462332,0.00507467915163252,0.026625710386946,"Normal_higher"
"NDUFAF6","Luminal_Epithelial","ER_Positive","Normal","ER_Positive vs Normal",1.40942161193021,5.76153987507268,10.4516127404243,0.00507634046263747,0.026625710386946,"ER_Positive_higher"
"AP004372.1","Luminal_Epithelial","ER_Positive","Normal","ER_Positive vs Normal",3.41592193516284,1.309858336175,10.1383192603583,0.00507846281574035,0.026625710386946,"ER_Positive_higher"
"PDGFRB","Luminal_Epithelial","ER_Positive","Normal","ER_Positive vs Normal",3.96419796303837,-1.07816604991468,9.58493613774276,0.00508012040717851,0.026625710386946,"ER_Positive_higher"
"PITX1","Luminal_Epithelial","ER_Positive","Normal","ER_Positive vs Normal",3.12911166421299,3.5383104802523,10.4429209428227,0.00508136433319208,0.026625710386946,"ER_Positive_higher"
"CFDP1","Luminal_Epithelial","ER_Positive","Normal","ER_Positive vs Normal",-1.09225479192964,5.66453087403616,10.4455244949748,0.00508810369993803,0.0266500201247963,"Normal_higher"
"GRK6","Luminal_Epithelial","ER_Positive","Normal","ER_Positive vs Normal",-1.04665654684757,3.08414025798906,10.3505651357494,0.00508955538599761,0.0266500201247963,"Normal_higher"
"RTCB","Luminal_Epithelial","ER_Positive","Normal","ER_Positive vs Normal",-1.46794074202116,5.77416467107492,10.4393262019811,0.00509867402758348,0.0266884552256524,"Normal_higher"
"MRPS18C","Luminal_Epithelial","ER_Positive","Normal","ER_Positive vs Normal",-1.51339820073901,6.61106701628331,10.4371959533961,0.00510047440515989,0.0266885702225364,"Normal_higher"
"B4GAT1","Luminal_Epithelial","ER_Positive","Normal","ER_Positive vs Normal",1.49801383547757,2.94414548595483,10.3998463087401,0.0051035191159979,0.0266951939260301,"ER_Positive_higher"
"ACADM","Luminal_Epithelial","ER_Positive","Normal","ER_Positive vs Normal",1.18355462536993,5.39653779419312,10.4224959380247,0.00512662341896933,0.0267899846476101,"ER_Positive_higher"
"RAB1B","Luminal_Epithelial","ER_Positive","Normal","ER_Positive vs Normal",1.02640873283155,5.99159380952578,10.4210649711175,0.00512688042381985,0.0267899846476101,"ER_Positive_higher"
"ECM1","Luminal_Epithelial","ER_Positive","Normal","ER_Positive vs Normal",3.22777508040473,4.03877210259735,10.4225035741757,0.00512808165061934,0.0267899846476101,"ER_Positive_higher"
"PLK1","Luminal_Epithelial","ER_Positive","Normal","ER_Positive vs Normal",-1.8636668600048,-0.434490238313896,9.95453969882414,0.00512878162807914,0.0267899846476101,"Normal_higher"
"HOMER3","Luminal_Epithelial","ER_Positive","Normal","ER_Positive vs Normal",-1.27619327638214,4.05504338035201,10.3936382903695,0.00513123072588116,0.0267934514625256,"Normal_higher"
"PYCRL","Luminal_Epithelial","ER_Positive","Normal","ER_Positive vs Normal",1.53704820616985,4.17392303699474,10.4161738751166,0.00513475342854931,0.0268025198964311,"ER_Positive_higher"
"ABCE1","Luminal_Epithelial","ER_Positive","Normal","ER_Positive vs Normal",-1.24388284712643,5.53227006406478,10.4121533842214,0.00514407053530226,0.0268343361417561,"Normal_higher"
"HIST1H4D","Luminal_Epithelial","ER_Positive","Normal","ER_Positive vs Normal",2.78271653079784,-0.320170638091256,9.61698360560355,0.00514442494034998,0.0268343361417561,"ER_Positive_higher"
"METTL1","Luminal_Epithelial","ER_Positive","Normal","ER_Positive vs Normal",-1.35780794647453,4.07952820622453,10.3794669587572,0.00515278253894826,0.0268685919256416,"Normal_higher"
"PAQR5","Luminal_Epithelial","ER_Positive","Normal","ER_Positive vs Normal",1.99653879892632,1.11557054206966,10.0834001240974,0.00515991327782988,0.0268964288156975,"ER_Positive_higher"
"NKD2","Luminal_Epithelial","ER_Positive","Normal","ER_Positive vs Normal",-2.60473911937449,0.894601303524629,9.84072863610887,0.00516570934011757,0.0269172916899807,"Normal_higher"
"PRR16","Luminal_Epithelial","ER_Positive","Normal","ER_Positive vs Normal",4.61482512737106,0.674509133486137,9.6477087550088,0.00516981282100553,0.0269218500860503,"ER_Positive_higher"
"SUGT1","Luminal_Epithelial","ER_Positive","Normal","ER_Positive vs Normal",-1.20893889127066,5.8792830696731,10.3967780355623,0.00517017204957666,0.0269218500860503,"Normal_higher"
"PACSIN3","Luminal_Epithelial","ER_Positive","Normal","ER_Positive vs Normal",-1.09052490405617,4.53945503174199,10.3843531016314,0.0051771799423974,0.0269419624107415,"Normal_higher"
"MND1","Luminal_Epithelial","ER_Positive","Normal","ER_Positive vs Normal",-2.50107187322005,0.644011349921654,9.85361214785825,0.00518156205164931,0.0269419624107415,"Normal_higher"
"C3orf18","Luminal_Epithelial","ER_Positive","Normal","ER_Positive vs Normal",2.66230354720909,1.68903502462909,10.2096498587729,0.00518201841659958,0.0269419624107415,"ER_Positive_higher"
"LIMS1","Luminal_Epithelial","ER_Positive","Normal","ER_Positive vs Normal",-1.0484232489148,5.02025204302681,10.387810682957,0.00518249653019392,0.0269419624107415,"Normal_higher"
"PICALM","Luminal_Epithelial","ER_Positive","Normal","ER_Positive vs Normal",-1.32911442644606,4.41211795000002,10.3754968154659,0.00518301096020596,0.0269419624107415,"Normal_higher"
"HOXB3","Luminal_Epithelial","ER_Positive","Normal","ER_Positive vs Normal",3.26799403526916,3.81158937508313,10.385430412767,0.0051870260586095,0.0269534972512302,"ER_Positive_higher"
"IQCG","Luminal_Epithelial","ER_Positive","Normal","ER_Positive vs Normal",-1.288852254925,4.54391903971928,10.3666484010423,0.00520392430091412,0.0270300159557886,"Normal_higher"
"FAM173B","Luminal_Epithelial","ER_Positive","Normal","ER_Positive vs Normal",1.20799900082615,3.23780063486861,10.3516251576435,0.00520607648313683,0.0270300159557886,"ER_Positive_higher"
"TMEM229B","Luminal_Epithelial","ER_Positive","Normal","ER_Positive vs Normal",2.13572442969687,1.49134559367746,10.1546527578015,0.00520715506951321,0.0270300159557886,"ER_Positive_higher"
"TRA2A","Luminal_Epithelial","ER_Positive","Normal","ER_Positive vs Normal",1.19133598616699,6.12351801527368,10.3706756002022,0.00521190178040987,0.0270453008363108,"ER_Positive_higher"
"GDAP1","Luminal_Epithelial","ER_Positive","Normal","ER_Positive vs Normal",4.38832956557453,5.44341857872082,10.3713939039342,0.00521772527835285,0.0270661608199935,"ER_Positive_higher"
"NR2E3","Luminal_Epithelial","ER_Positive","Normal","ER_Positive vs Normal",3.17966944277697,0.842814790149615,9.91734407010384,0.00523353106509449,0.0271387701084565,"ER_Positive_higher"
"SLC26A4","Luminal_Epithelial","ER_Positive","Normal","ER_Positive vs Normal",-2.53563046668141,0.602054370274974,9.82716770138198,0.00523893427030271,0.0271399609994671,"Normal_higher"
"TBC1D32","Luminal_Epithelial","ER_Positive","Normal","ER_Positive vs Normal",1.62596396188264,1.68352479861026,10.1703995578684,0.00523938382260302,0.0271399609994671,"ER_Positive_higher"
"C2orf72","Luminal_Epithelial","ER_Positive","Normal","ER_Positive vs Normal",3.53831294230879,0.676147199745154,9.80760924611876,0.00524050303905796,0.0271399609994671,"ER_Positive_higher"
"PIGX","Luminal_Epithelial","ER_Positive","Normal","ER_Positive vs Normal",1.13085058106149,5.15653630902107,10.3549821142248,0.00524240213174673,0.0271399609994671,"ER_Positive_higher"
"CDKN2D","Luminal_Epithelial","ER_Positive","Normal","ER_Positive vs Normal",-1.59416695426926,3.23801820870994,10.2475863806072,0.0052428031543583,0.0271399609994671,"Normal_higher"
"ISYNA1","Luminal_Epithelial","ER_Positive","Normal","ER_Positive vs Normal",1.49796337707817,5.42845914742775,10.3473134378709,0.00525502020305513,0.0271938235128443,"ER_Positive_higher"
"CABLES2","Luminal_Epithelial","ER_Positive","Normal","ER_Positive vs Normal",1.63642207158389,0.724826727525137,9.90392786058109,0.00526679998821875,0.0272359984228804,"ER_Positive_higher"
"CD79B","Luminal_Epithelial","ER_Positive","Normal","ER_Positive vs Normal",-2.91090024102453,0.41746548634492,9.86841101337509,0.00527482039022531,0.0272680777113714,"Normal_higher"
"GLMP","Luminal_Epithelial","ER_Positive","Normal","ER_Positive vs Normal",1.43545953344572,4.72596043944561,10.3302308104567,0.00528569043724987,0.0273148610164631,"ER_Positive_higher"
"PHKA2","Luminal_Epithelial","ER_Positive","Normal","ER_Positive vs Normal",1.88741581719345,2.40250804403336,10.2517403776027,0.00529266551963882,0.0273414910338106,"ER_Positive_higher"
"SIX1","Luminal_Epithelial","ER_Positive","Normal","ER_Positive vs Normal",4.75364803552767,2.83190527393118,10.2267296982309,0.00529768893081784,0.0273580240140342,"ER_Positive_higher"
"GABARAP","Luminal_Epithelial","ER_Positive","Normal","ER_Positive vs Normal",3.29805008644383,8.06950400002805,10.3136604829132,0.00530745448514586,0.0273990263015424,"ER_Positive_higher"
"FHL3","Luminal_Epithelial","ER_Positive","Normal","ER_Positive vs Normal",-1.2448348243812,2.45885009120607,10.0997696189146,0.0053136001207993,0.0274213194679625,"Normal_higher"
"NPIPB4","Luminal_Epithelial","ER_Positive","Normal","ER_Positive vs Normal",1.93027400777089,0.636893792463553,9.84698104627483,0.005317476692455,0.0274318916203755,"ER_Positive_higher"
"TLR6","Luminal_Epithelial","ER_Positive","Normal","ER_Positive vs Normal",-1.75541736553568,0.104170216241182,9.78311824948294,0.00532667278369397,0.0274698895068369,"Normal_higher"
"FNTA","Luminal_Epithelial","ER_Positive","Normal","ER_Positive vs Normal",-1.5489313162564,5.78320496712908,10.3019543506043,0.00533469268477323,0.0275017977053905,"Normal_higher"
"MEGF9","Luminal_Epithelial","ER_Positive","Normal","ER_Positive vs Normal",1.7021969985227,3.72588282040515,10.2909782363243,0.00534205518021544,0.027530296047216,"ER_Positive_higher"
"PPTC7","Luminal_Epithelial","ER_Positive","Normal","ER_Positive vs Normal",-1.18821358057163,3.47433983797001,10.2304328118669,0.00535651699290392,0.027595348613975,"Normal_higher"
"CDC42EP4","Luminal_Epithelial","ER_Positive","Normal","ER_Positive vs Normal",1.30122643187958,5.38301664270033,10.2871320475539,0.00536065167495489,0.0276071721640522,"ER_Positive_higher"
"GTPBP2","Luminal_Epithelial","ER_Positive","Normal","ER_Positive vs Normal",-1.36129870755078,2.275758688233,10.0246203917263,0.00536497076768484,0.0276199369847843,"Normal_higher"
"DIAPH1","Luminal_Epithelial","ER_Positive","Normal","ER_Positive vs Normal",-1.34259570276953,4.27681915557728,10.2619955534228,0.00537378428314725,0.0276523625362203,"Normal_higher"
"SIPA1L3","Luminal_Epithelial","ER_Positive","Normal","ER_Positive vs Normal",1.714112405366,3.67082826447123,10.2712259527323,0.00537495445579761,0.0276523625362203,"ER_Positive_higher"
"ARHGAP29","Luminal_Epithelial","ER_Positive","Normal","ER_Positive vs Normal",-1.36871971999739,6.45039814878475,10.2755120564375,0.00537999140614533,0.0276595444944891,"Normal_higher"
"OSR2","Luminal_Epithelial","ER_Positive","Normal","ER_Positive vs Normal",3.6240152058705,2.6812546791166,10.2206554193263,0.00538090505283698,0.0276595444944891,"ER_Positive_higher"
"AC022007.5","Luminal_Epithelial","ER_Positive","Normal","ER_Positive vs Normal",2.2742038952833,2.21864190212082,10.1799018995397,0.00538843419023227,0.0276837493641957,"ER_Positive_higher"
"PTPRN2","Luminal_Epithelial","ER_Positive","Normal","ER_Positive vs Normal",4.61737609301255,2.72004759934904,10.1685814760019,0.00539325562338269,0.0276921046008009,"ER_Positive_higher"
"WDR18","Luminal_Epithelial","ER_Positive","Normal","ER_Positive vs Normal",-1.12891161403286,5.24435113763889,10.2679452649187,0.00539375103272747,0.0276921046008009,"Normal_higher"
"RP11-440L14.1","Luminal_Epithelial","ER_Positive","Normal","ER_Positive vs Normal",-1.25398714062743,1.66747102233627,9.85325989148816,0.00540469456363863,0.0277388000398512,"Normal_higher"
"AKT2","Luminal_Epithelial","ER_Positive","Normal","ER_Positive vs Normal",1.10036516936025,4.87976935576462,10.2614753058944,0.00540723765481566,0.027742364268656,"ER_Positive_higher"
"ZNF714","Luminal_Epithelial","ER_Positive","Normal","ER_Positive vs Normal",1.30932750529311,2.52700622901774,10.1875572369921,0.00541481364697696,0.0277717390294543,"ER_Positive_higher"
"LINC01006","Luminal_Epithelial","ER_Positive","Normal","ER_Positive vs Normal",1.22684857355278,3.86546481974532,10.2470802384517,0.00542136924129292,0.0277958620444424,"ER_Positive_higher"
"GRTP1","Luminal_Epithelial","ER_Positive","Normal","ER_Positive vs Normal",1.54567899044589,4.56725807352913,10.2475524394637,0.00543240416289874,0.0278376120354718,"ER_Positive_higher"
"CTD-2538C1.2","Luminal_Epithelial","ER_Positive","Normal","ER_Positive vs Normal",-2.15602273671851,-0.454027426554585,9.80384552207475,0.00543322220643013,0.0278376120354718,"Normal_higher"
"SAP18","Luminal_Epithelial","ER_Positive","Normal","ER_Positive vs Normal",-1.26652847168944,8.4980649321153,10.2384426322415,0.00544157442745913,0.0278708899088325,"Normal_higher"
"PNMT","Luminal_Epithelial","ER_Positive","Normal","ER_Positive vs Normal",3.65274131460001,2.35006522517384,10.1452680471776,0.00544819389971571,0.027895273235426,"ER_Positive_higher"
"ARNT2","Luminal_Epithelial","ER_Positive","Normal","ER_Positive vs Normal",2.93911766523442,2.32805185840616,10.1562747043646,0.00545273457492647,0.0279079863125911,"ER_Positive_higher"
"PAXIP1","Luminal_Epithelial","ER_Positive","Normal","ER_Positive vs Normal",1.08414324762997,2.8153196268338,10.1848112017771,0.00545594245277746,0.0279079863125911,"ER_Positive_higher"
"FAM117B","Luminal_Epithelial","ER_Positive","Normal","ER_Positive vs Normal",1.69384134758061,1.58114068057303,10.0306051862868,0.00545625587000348,0.0279079863125911,"ER_Positive_higher"
"TRIB1","Luminal_Epithelial","ER_Positive","Normal","ER_Positive vs Normal",1.41076305612818,6.6787954904059,10.2290563112832,0.00546036756577346,0.0279195012127981,"ER_Positive_higher"
"CCT4","Luminal_Epithelial","ER_Positive","Normal","ER_Positive vs Normal",-1.14188770544435,7.50853503527929,10.221057768795,0.00547480660331876,0.0279837951961869,"Normal_higher"
"FDX1L","Luminal_Epithelial","ER_Positive","Normal","ER_Positive vs Normal",-1.35055164423116,4.01811031034418,10.1925827317305,0.00547774349372969,0.0279892736160713,"Normal_higher"
"SLC22A18","Luminal_Epithelial","ER_Positive","Normal","ER_Positive vs Normal",1.2625866499069,5.21187866261759,10.2172036314099,0.00548684141486731,0.0280155392502402,"ER_Positive_higher"
"ABCF2","Luminal_Epithelial","ER_Positive","Normal","ER_Positive vs Normal",-1.08235836975314,4.47872933400676,10.2076485831747,0.00548703440304997,0.0280155392502402,"Normal_higher"
"EPB41L4A","Luminal_Epithelial","ER_Positive","Normal","ER_Positive vs Normal",1.59048949797735,3.00935778578213,10.185426254671,0.00548848440032692,0.0280155392502402,"ER_Positive_higher"
"KLHDC1","Luminal_Epithelial","ER_Positive","Normal","ER_Positive vs Normal",1.71796439372297,1.44809447833414,9.9839945750639,0.0054921254612488,0.0280245925865218,"ER_Positive_higher"
"TTC25","Luminal_Epithelial","ER_Positive","Normal","ER_Positive vs Normal",2.10923210242589,0.405051355334577,9.68223882551855,0.00549926061896316,0.0280514629873488,"ER_Positive_higher"
"NDUFAF5","Luminal_Epithelial","ER_Positive","Normal","ER_Positive vs Normal",-1.09894245261937,3.44866968787895,10.1478885696338,0.00550864345825782,0.0280897765470864,"Normal_higher"
"RP11-44F14.8","Luminal_Epithelial","ER_Positive","Normal","ER_Positive vs Normal",2.25668945129126,-0.849341983601714,9.44782751302686,0.00551622181058494,0.0281116363370677,"ER_Positive_higher"
"TGFBR3","Luminal_Epithelial","ER_Positive","Normal","ER_Positive vs Normal",3.43012244723164,1.86188951983457,10.0342753084083,0.00551841621850855,0.0281116363370677,"ER_Positive_higher"
"RHPN1-AS1","Luminal_Epithelial","ER_Positive","Normal","ER_Positive vs Normal",1.81029940020909,0.361212427807394,9.66823601905023,0.00551856530108049,0.0281116363370677,"ER_Positive_higher"
"RP11-386G11.5","Luminal_Epithelial","ER_Positive","Normal","ER_Positive vs Normal",-1.69694291284224,1.14354795001505,9.62330078040088,0.00552042328815476,0.0281116363370677,"Normal_higher"
"MAP1A","Luminal_Epithelial","ER_Positive","Normal","ER_Positive vs Normal",3.60862381973353,0.761302494630633,9.6709429911736,0.00553491459650963,0.0281758695216486,"ER_Positive_higher"
"SELL","Luminal_Epithelial","ER_Positive","Normal","ER_Positive vs Normal",5.29316792910081,-0.0973855468153465,9.36936798984047,0.00554238319381531,0.0282043216648309,"ER_Positive_higher"
"ZNF664","Luminal_Epithelial","ER_Positive","Normal","ER_Positive vs Normal",1.04821714551425,4.87110206874631,10.1836097186866,0.00554866283044664,0.0282267061344111,"ER_Positive_higher"
"NOP10","Luminal_Epithelial","ER_Positive","Normal","ER_Positive vs Normal",-1.50816713475087,8.07571507189728,10.1775136537806,0.0055534925128532,0.0282417018435744,"Normal_higher"
"PLRG1","Luminal_Epithelial","ER_Positive","Normal","ER_Positive vs Normal",-1.31015956555248,5.02220640192757,10.1663082817269,0.00557443980370007,0.0283199450190892,"Normal_higher"
"AARD","Luminal_Epithelial","ER_Positive","Normal","ER_Positive vs Normal",-2.6865672964932,5.11153707568967,10.150168964599,0.00557495673046967,0.0283199450190892,"Normal_higher"
"RP11-894P9.1","Luminal_Epithelial","ER_Positive","Normal","ER_Positive vs Normal",-1.94583015238091,0.454826862119132,9.62355703638122,0.005576426836237,0.0283199450190892,"Normal_higher"
"HECTD2","Luminal_Epithelial","ER_Positive","Normal","ER_Positive vs Normal",1.56323408698158,2.83545786655807,10.1253679470695,0.00557983023269321,0.0283272911143898,"ER_Positive_higher"
"SHTN1","Luminal_Epithelial","ER_Positive","Normal","ER_Positive vs Normal",1.14879739912513,4.78640713218289,10.165814511608,0.00558164855235895,0.0283272911143898,"ER_Positive_higher"
"ECHDC1","Luminal_Epithelial","ER_Positive","Normal","ER_Positive vs Normal",-2.7874419931195,5.176046235725,10.1370297025965,0.00559776706185255,0.0283947486516909,"Normal_higher"
"PLEKHO2","Luminal_Epithelial","ER_Positive","Normal","ER_Positive vs Normal",1.84392297303882,0.922084819971588,9.79677160055986,0.00559993390260511,0.0283947486516909,"ER_Positive_higher"
"PSMB1","Luminal_Epithelial","ER_Positive","Normal","ER_Positive vs Normal",-1.2485575201099,8.45314634053901,10.1517340343797,0.00560061677943661,0.0283947486516909,"Normal_higher"
"THTPA","Luminal_Epithelial","ER_Positive","Normal","ER_Positive vs Normal",1.01102455422404,3.93139397901331,10.1446358251793,0.005609522947666,0.0284302974926118,"ER_Positive_higher"
"TBC1D2","Luminal_Epithelial","ER_Positive","Normal","ER_Positive vs Normal",1.29899816809696,2.35704991085026,10.0609900251459,0.00561408193038802,0.0284437972752643,"ER_Positive_higher"
"CCDC174","Luminal_Epithelial","ER_Positive","Normal","ER_Positive vs Normal",-1.12590858578498,4.8493293749116,10.1408367698192,0.00562059144747614,0.028467167010555,"Normal_higher"
"SETBP1","Luminal_Epithelial","ER_Positive","Normal","ER_Positive vs Normal",2.14040805564503,2.32377320544931,10.0602222403882,0.00563256034844997,0.0285181623310353,"ER_Positive_higher"
"DLG5","Luminal_Epithelial","ER_Positive","Normal","ER_Positive vs Normal",1.34085470360989,4.91532998221353,10.1301511775395,0.00564829060702161,0.0285881609239708,"ER_Positive_higher"
"ATP7B","Luminal_Epithelial","ER_Positive","Normal","ER_Positive vs Normal",2.01712246933426,1.11904798084659,9.82554252383867,0.00565342933491098,0.0285970316578839,"ER_Positive_higher"
"RP11-386I14.4","Luminal_Epithelial","ER_Positive","Normal","ER_Positive vs Normal",-2.32181742388674,1.96244654933296,9.62054129617649,0.00565385439654438,0.0285970316578839,"Normal_higher"
"SLC17A9","Luminal_Epithelial","ER_Positive","Normal","ER_Positive vs Normal",2.79034073530258,1.45181892272012,9.89258357912787,0.00566962434798051,0.028667133622016,"ER_Positive_higher"
"RASL11A","Luminal_Epithelial","ER_Positive","Normal","ER_Positive vs Normal",3.19238786303622,3.29545740604362,10.1038780669603,0.00567274430739768,0.0286732481714776,"ER_Positive_higher"
"MTRF1L","Luminal_Epithelial","ER_Positive","Normal","ER_Positive vs Normal",-1.22898448871069,4.16982761724331,10.0954106868738,0.00567707515012083,0.0286807201059383,"Normal_higher"
"ST20-AS1","Luminal_Epithelial","ER_Positive","Normal","ER_Positive vs Normal",-1.48009055014664,1.64374067754321,9.67634793820602,0.00567804487470799,0.0286807201059383,"Normal_higher"
"RAPGEF3","Luminal_Epithelial","ER_Positive","Normal","ER_Positive vs Normal",1.77047148419812,1.10143003315399,9.80138293121268,0.00568474452459502,0.0287048994214662,"ER_Positive_higher"
"RP11-631N16.4","Luminal_Epithelial","ER_Positive","Normal","ER_Positive vs Normal",-1.98913014427354,0.403751105505158,9.58077743703644,0.00569068857291957,0.0287230433890299,"Normal_higher"
"PARM1","Luminal_Epithelial","ER_Positive","Normal","ER_Positive vs Normal",-2.14014422938226,2.57771375540632,9.81361721845022,0.00569216572525987,0.0287230433890299,"Normal_higher"
"INAFM2","Luminal_Epithelial","ER_Positive","Normal","ER_Positive vs Normal",-2.07585296328375,0.196560602137602,9.61264549441591,0.0056987008482337,0.02874196907574,"Normal_higher"
"PLIN4","Luminal_Epithelial","ER_Positive","Normal","ER_Positive vs Normal",3.15676595781696,0.547046040443317,9.56678050047281,0.00569974678279486,0.02874196907574,"ER_Positive_higher"
"DIO3OS","Luminal_Epithelial","ER_Positive","Normal","ER_Positive vs Normal",-2.8192603446189,-0.77204449351369,9.59974461243004,0.00571075728966219,0.0287781513250371,"Normal_higher"
"RP11-380O24.1","Luminal_Epithelial","ER_Positive","Normal","ER_Positive vs Normal",2.35633229688708,0.324664397324791,9.53939580949327,0.0057217539437516,0.0288238876918027,"ER_Positive_higher"
"CGN","Luminal_Epithelial","ER_Positive","Normal","ER_Positive vs Normal",1.14796259668261,4.0745426049235,10.0828473554693,0.00573105779267961,0.0288602146591901,"ER_Positive_higher"
"PNPLA6","Luminal_Epithelial","ER_Positive","Normal","ER_Positive vs Normal",-1.01381138010566,3.10702029266777,10.0007021966195,0.005732811347974,0.0288602146591901,"Normal_higher"
"NFATC4","Luminal_Epithelial","ER_Positive","Normal","ER_Positive vs Normal",3.51434963898528,4.74758540663235,10.0858966263546,0.0057367359806215,0.0288702873444624,"ER_Positive_higher"
"ZNF107","Luminal_Epithelial","ER_Positive","Normal","ER_Positive vs Normal",2.03312995274299,3.53268885177999,10.0702140641257,0.005744111256983,0.028897712917715,"ER_Positive_higher"
"STAC2","Luminal_Epithelial","ER_Positive","Normal","ER_Positive vs Normal",-3.45173189235104,1.78718513009502,9.51016945801737,0.005750613493229,0.0289207294547211,"Normal_higher"
"QPCT","Luminal_Epithelial","ER_Positive","Normal","ER_Positive vs Normal",-3.15139244262499,3.80777884653646,9.88328240075737,0.00575451645052856,0.0289254790788821,"Normal_higher"
"CCDC94","Luminal_Epithelial","ER_Positive","Normal","ER_Positive vs Normal",-1.16208554174382,3.77920345978022,10.0372362840454,0.0057568943365158,0.0289254790788821,"Normal_higher"
"OTUD3","Luminal_Epithelial","ER_Positive","Normal","ER_Positive vs Normal",-1.33182469793935,2.31615627170573,9.83137053726131,0.00575734030843078,0.0289254790788821,"Normal_higher"
"WI2-87327B8.2","Luminal_Epithelial","ER_Positive","Normal","ER_Positive vs Normal",3.10544679907975,-0.157096042328623,9.30776677238,0.00577786240174952,0.0290188691643424,"ER_Positive_higher"
"IFT52","Luminal_Epithelial","ER_Positive","Normal","ER_Positive vs Normal",1.65288236354232,4.73885003156425,10.052542624077,0.00579677089976284,0.0290993643191271,"ER_Positive_higher"
"PRRG1","Luminal_Epithelial","ER_Positive","Normal","ER_Positive vs Normal",-2.52109686486517,1.24085967340305,9.48676316093795,0.0057977676627034,0.0290993643191271,"Normal_higher"
"TNFRSF1B","Luminal_Epithelial","ER_Positive","Normal","ER_Positive vs Normal",-2.59374557043859,1.25147192210611,9.47472296852189,0.00581114770523109,0.029156768175327,"Normal_higher"
"SNCAIP","Luminal_Epithelial","ER_Positive","Normal","ER_Positive vs Normal",-3.14275406370742,-0.839033885999322,9.46765777410135,0.00582708161531854,0.029226943115336,"Normal_higher"
"TSKU","Luminal_Epithelial","ER_Positive","Normal","ER_Positive vs Normal",2.54943734369534,4.69380287425696,10.0333422744464,0.00583594566973679,0.0292460017428625,"ER_Positive_higher"
"RP5-908M14.9","Luminal_Epithelial","ER_Positive","Normal","ER_Positive vs Normal",1.81178377933773,3.57671122282272,10.022408570977,0.00583643587566538,0.0292460017428625,"ER_Positive_higher"
"ACAP1","Luminal_Epithelial","ER_Positive","Normal","ER_Positive vs Normal",-1.47304338263157,1.9266258526799,9.66486725917412,0.005842699115301,0.0292460017428625,"Normal_higher"
"CDC14A","Luminal_Epithelial","ER_Positive","Normal","ER_Positive vs Normal",3.32193787450241,2.66530947026933,9.97973585803741,0.00584345961894652,0.0292460017428625,"ER_Positive_higher"
"GSK3A","Luminal_Epithelial","ER_Positive","Normal","ER_Positive vs Normal",-1.01226313582207,3.94955746595618,10.0046135511681,0.00584395018206078,0.0292460017428625,"Normal_higher"
"SSR1","Luminal_Epithelial","ER_Positive","Normal","ER_Positive vs Normal",-1.0953797783022,6.44261082821262,10.0267369021817,0.00584400330437496,0.0292460017428625,"Normal_higher"
"BCAS3","Luminal_Epithelial","ER_Positive","Normal","ER_Positive vs Normal",1.61803523180331,2.69257953691987,9.97724649371956,0.00584683020242027,0.0292460017428625,"ER_Positive_higher"
"SPINK8","Luminal_Epithelial","ER_Positive","Normal","ER_Positive vs Normal",4.16746165560825,3.74545638545258,10.0196355589001,0.0058475976199685,0.0292460017428625,"ER_Positive_higher"
"SSR3","Luminal_Epithelial","ER_Positive","Normal","ER_Positive vs Normal",-1.48112744980202,8.13098958662204,10.0224113463487,0.00584842081897316,0.0292460017428625,"Normal_higher"
"ANOS1","Luminal_Epithelial","ER_Positive","Normal","ER_Positive vs Normal",3.27458270441581,2.16712867189754,9.91975127524486,0.00585607305405026,0.0292678416431982,"ER_Positive_higher"
"DRAXIN","Luminal_Epithelial","ER_Positive","Normal","ER_Positive vs Normal",-2.49520833940408,0.162284760190246,9.57197203544882,0.00585741685020235,0.0292678416431982,"Normal_higher"
"CCT8","Luminal_Epithelial","ER_Positive","Normal","ER_Positive vs Normal",-1.39884935524399,7.24992129960638,10.0181968812447,0.00585863905485222,0.0292678416431982,"Normal_higher"
"SH3D19","Luminal_Epithelial","ER_Positive","Normal","ER_Positive vs Normal",-1.2160358899811,3.21973991531355,9.93438227958517,0.00586767954534942,0.0293032502286385,"Normal_higher"
"PKNOX1","Luminal_Epithelial","ER_Positive","Normal","ER_Positive vs Normal",-1.13794983317195,3.69373674640497,9.97123813932753,0.00587772941636405,0.0293436744349219,"Normal_higher"
"RNASET2","Luminal_Epithelial","ER_Positive","Normal","ER_Positive vs Normal",2.37367496085641,6.90392017427281,10.0018571448854,0.0058894328667164,0.0293923242536791,"ER_Positive_higher"
"MPHOSPH10","Luminal_Epithelial","ER_Positive","Normal","ER_Positive vs Normal",-1.28070239665086,5.15171876111377,9.99283724507368,0.00590939773522593,0.0294821581823589,"Normal_higher"
"HOXC11","Luminal_Epithelial","ER_Positive","Normal","ER_Positive vs Normal",3.34148419947613,1.98806147408926,9.85679805183119,0.00592323958647352,0.0295409016421287,"ER_Positive_higher"
"PPIL1","Luminal_Epithelial","ER_Positive","Normal","ER_Positive vs Normal",-1.65408927729673,4.147562905488,9.95708432853442,0.00592510921188828,0.0295409016421287,"Normal_higher"
"ITPA","Luminal_Epithelial","ER_Positive","Normal","ER_Positive vs Normal",-1.06178307572565,6.01624720300668,9.96965837793594,0.0059581483760695,0.0296948089962178,"Normal_higher"
"GBAS","Luminal_Epithelial","ER_Positive","Normal","ER_Positive vs Normal",1.34320253435184,6.7343895075575,9.96663148015301,0.00595993634281388,0.0296948089962178,"ER_Positive_higher"
"LGALSL","Luminal_Epithelial","ER_Positive","Normal","ER_Positive vs Normal",-1.50015115837856,2.7609082927783,9.8012337165399,0.00596533727215076,0.0297118541132315,"Normal_higher"
"LINC00926","Luminal_Epithelial","ER_Positive","Normal","ER_Positive vs Normal",2.15559359087234,2.02772066004629,9.85232050432646,0.00596807443409031,0.0297156247619089,"ER_Positive_higher"
"SIAE","Luminal_Epithelial","ER_Positive","Normal","ER_Positive vs Normal",1.46595663315302,3.02957061865961,9.93403277729978,0.00597136368988201,0.0297221409267195,"ER_Positive_higher"
"WDR77","Luminal_Epithelial","ER_Positive","Normal","ER_Positive vs Normal",-1.11675728704643,4.56637818955381,9.95187997181835,0.00597904360633663,0.029728486087027,"Normal_higher"
"ETF1","Luminal_Epithelial","ER_Positive","Normal","ER_Positive vs Normal",-1.17348142492964,6.1923366372961,9.9589792660356,0.00597931557616621,0.029728486087027,"Normal_higher"
"CENPC","Luminal_Epithelial","ER_Positive","Normal","ER_Positive vs Normal",1.13783375298058,3.82228915036537,9.95227022344693,0.00598020544182874,0.029728486087027,"ER_Positive_higher"
"GMCL1","Luminal_Epithelial","ER_Positive","Normal","ER_Positive vs Normal",1.1002859023857,4.60651680442551,9.95883594407767,0.00598056237067599,0.029728486087027,"ER_Positive_higher"
"ENHO","Luminal_Epithelial","ER_Positive","Normal","ER_Positive vs Normal",4.10551978663945,1.94750581998206,9.77007258200782,0.00598297394818161,0.0297306258411793,"ER_Positive_higher"
"ANXA11","Luminal_Epithelial","ER_Positive","Normal","ER_Positive vs Normal",-1.15179277997042,6.66556470515834,9.95444438073409,0.00598681593637752,0.0297398698302606,"Normal_higher"
"VIPR1","Luminal_Epithelial","ER_Positive","Normal","ER_Positive vs Normal",2.05318510779519,3.04316263427916,9.9291276755012,0.00599117473497951,0.0297425276277359,"ER_Positive_higher"
"TNK2-AS1","Luminal_Epithelial","ER_Positive","Normal","ER_Positive vs Normal",2.81622230067533,-1.72690909517043,9.17950402644528,0.00599167405243181,0.0297425276277359,"ER_Positive_higher"
"ULK2","Luminal_Epithelial","ER_Positive","Normal","ER_Positive vs Normal",1.57377648489903,2.44126089310427,9.88225414166813,0.00599329669795917,0.0297425276277359,"ER_Positive_higher"
"RP11-521B24.3","Luminal_Epithelial","ER_Positive","Normal","ER_Positive vs Normal",1.87762188155555,0.900093037178941,9.59682286977807,0.00599955820629539,0.0297637586783057,"ER_Positive_higher"
"C9orf172","Luminal_Epithelial","ER_Positive","Normal","ER_Positive vs Normal",1.78773457342342,3.23166808698895,9.92715996705819,0.00600640822626429,0.0297878943329637,"ER_Positive_higher"
"CCNI2","Luminal_Epithelial","ER_Positive","Normal","ER_Positive vs Normal",2.25873405162066,-0.613779635744453,9.24221276143198,0.00600977935419498,0.0297947666892646,"ER_Positive_higher"
"VWA8","Luminal_Epithelial","ER_Positive","Normal","ER_Positive vs Normal",1.47462057441835,2.82206673678226,9.89475852574714,0.00602700553182671,0.0298703011942284,"ER_Positive_higher"
"SPAG6","Luminal_Epithelial","ER_Positive","Normal","ER_Positive vs Normal",4.28399511836249,1.98089804592014,9.73210086153667,0.00604148006478959,0.0299321529654333,"ER_Positive_higher"
"PA2G4","Luminal_Epithelial","ER_Positive","Normal","ER_Positive vs Normal",-1.4098596497796,7.2391939606546,9.92438158554993,0.00604601200853548,0.0299447202020105,"Normal_higher"
"CHODL","Luminal_Epithelial","ER_Positive","Normal","ER_Positive vs Normal",-3.69503992064337,0.109321458974308,9.48774575852857,0.00605853497705339,0.0299968440780733,"Normal_higher"
"LSP1","Luminal_Epithelial","ER_Positive","Normal","ER_Positive vs Normal",2.53462377217676,1.92169597013124,9.78874881333616,0.00606711721204833,0.030026230323728,"ER_Positive_higher"
"S100A10","Luminal_Epithelial","ER_Positive","Normal","ER_Positive vs Normal",-2.04979402226604,10.1937257060858,9.911669511475,0.00606847181794276,0.030026230323728,"Normal_higher"
"ANKEF1","Luminal_Epithelial","ER_Positive","Normal","ER_Positive vs Normal",1.5590010062394,3.01331238974694,9.8834682192158,0.00607357538751714,0.0300343318253648,"ER_Positive_higher"
"MCAM","Luminal_Epithelial","ER_Positive","Normal","ER_Positive vs Normal",-2.44396819539077,0.609074629528764,9.41126139660284,0.00607529702265859,0.0300343318253648,"Normal_higher"
"EMC9","Luminal_Epithelial","ER_Positive","Normal","ER_Positive vs Normal",-1.05452757771592,4.7070021492398,9.90670596777878,0.00607611324194093,0.0300343318253648,"Normal_higher"
"RDX","Luminal_Epithelial","ER_Positive","Normal","ER_Positive vs Normal",-1.29299834811228,5.41311143777328,9.90781844084411,0.00608316880567495,0.0300593066403569,"Normal_higher"
"ANKHD1-EIF4EBP3","Luminal_Epithelial","ER_Positive","Normal","ER_Positive vs Normal",2.15866144095293,0.449682347490433,9.40890445933605,0.0061108992427043,0.0301863939879077,"ER_Positive_higher"
"MDP1","Luminal_Epithelial","ER_Positive","Normal","ER_Positive vs Normal",1.56533016276954,3.8397021231639,9.88774517706878,0.00611409129637339,0.030192223785678,"ER_Positive_higher"
"DSG2","Luminal_Epithelial","ER_Positive","Normal","ER_Positive vs Normal",-1.37355975067618,5.6069201268128,9.89184383634595,0.00611646174802997,0.0301939938989098,"Normal_higher"
"YTHDF2","Luminal_Epithelial","ER_Positive","Normal","ER_Positive vs Normal",-1.1171777263777,6.57823156038465,9.88510402694023,0.00612823704436772,0.0302421747204296,"Normal_higher"
"SMARCA5-AS1","Luminal_Epithelial","ER_Positive","Normal","ER_Positive vs Normal",3.21903145917446,-0.417709672259618,9.07762956906138,0.00613382311936621,0.0302597907798582,"ER_Positive_higher"
"APOA1","Luminal_Epithelial","ER_Positive","Normal","ER_Positive vs Normal",5.23049307776299,2.49056719542447,9.66841928749589,0.00613652988505933,0.030263195525825,"ER_Positive_higher"
"TMEM19","Luminal_Epithelial","ER_Positive","Normal","ER_Positive vs Normal",1.09939329024858,3.07989888988583,9.8439054880952,0.00615235618489519,0.0303202470325081,"ER_Positive_higher"
"DYNC1LI1","Luminal_Epithelial","ER_Positive","Normal","ER_Positive vs Normal",-1.19955111925347,5.12921763322866,9.87219270649504,0.00615418438123123,0.0303202470325081,"Normal_higher"
"RP11-903H12.3","Luminal_Epithelial","ER_Positive","Normal","ER_Positive vs Normal",-3.09889116174273,-0.23621975917174,9.45299996447153,0.00615632381254257,0.0303202470325081,"Normal_higher"
"GVQW2","Luminal_Epithelial","ER_Positive","Normal","ER_Positive vs Normal",2.13636651397197,-0.490722419241953,9.202184949399,0.00615820037016623,0.0303202470325081,"ER_Positive_higher"
"SLC2A13","Luminal_Epithelial","ER_Positive","Normal","ER_Positive vs Normal",2.85479448702129,1.84874804984174,9.72951449396535,0.00616452377857084,0.0303323451808507,"ER_Positive_higher"
"DCAF15","Luminal_Epithelial","ER_Positive","Normal","ER_Positive vs Normal",-1.39178838873821,2.41462418850559,9.65457249145435,0.00616469999344271,0.0303323451808507,"Normal_higher"
"RP11-1069G10.2","Luminal_Epithelial","ER_Positive","Normal","ER_Positive vs Normal",-2.37824347478017,-0.710934723172248,9.43728462399999,0.00618289558880048,0.0304094768566037,"Normal_higher"
"ENKD1","Luminal_Epithelial","ER_Positive","Normal","ER_Positive vs Normal",-1.2951047425308,2.44454107693943,9.66093342666374,0.00618442882430562,0.0304094768566037,"Normal_higher"
"DDIT4","Luminal_Epithelial","ER_Positive","Normal","ER_Positive vs Normal",-1.813069301094,7.50699113633994,9.8541370736708,0.00619062434970454,0.0304215989254687,"Normal_higher"
"TM9SF1","Luminal_Epithelial","ER_Positive","Normal","ER_Positive vs Normal",2.06625684731025,4.49775199972725,9.85688333223235,0.00619094843195719,0.0304215989254687,"ER_Positive_higher"
"RIOK3","Luminal_Epithelial","ER_Positive","Normal","ER_Positive vs Normal",-1.2595840309469,5.0842160348164,9.85164317215966,0.00619587417496948,0.0304358375593345,"Normal_higher"
"ACOX1","Luminal_Epithelial","ER_Positive","Normal","ER_Positive vs Normal",1.26659268556542,4.14939187211336,9.84931644247874,0.00620045914301189,0.0304453895872582,"ER_Positive_higher"
"KANSL1-AS1","Luminal_Epithelial","ER_Positive","Normal","ER_Positive vs Normal",1.62086529779895,3.84112143782886,9.84511733694872,0.00620350068251317,0.0304453895872582,"ER_Positive_higher"
"SMG9","Luminal_Epithelial","ER_Positive","Normal","ER_Positive vs Normal",-1.18622081465487,3.68133929374498,9.80891827235506,0.00620390493488609,0.0304453895872582,"Normal_higher"
"TNNT1","Luminal_Epithelial","ER_Positive","Normal","ER_Positive vs Normal",4.00785767545469,6.15006579339972,9.84007694842942,0.00622280118211533,0.0305281390454412,"ER_Positive_higher"
"RHOBTB1","Luminal_Epithelial","ER_Positive","Normal","ER_Positive vs Normal",1.6050076805368,2.36594119152844,9.76074482249477,0.00623304506272953,0.0305684010641772,"ER_Positive_higher"
"EFCC1","Luminal_Epithelial","ER_Positive","Normal","ER_Positive vs Normal",3.02164299882015,-0.496301866762177,9.05564701361809,0.00624367022754879,0.0306105060780218,"ER_Positive_higher"
"GLRX2","Luminal_Epithelial","ER_Positive","Normal","ER_Positive vs Normal",-1.10872779462879,5.31445314145091,9.82914120203166,0.0062465441846956,0.0306145945720858,"Normal_higher"
"MPP2","Luminal_Epithelial","ER_Positive","Normal","ER_Positive vs Normal",2.54322074998669,-0.28221423992426,9.14715401723433,0.00625447727918889,0.0306434673616675,"ER_Positive_higher"
"SELK","Luminal_Epithelial","ER_Positive","Normal","ER_Positive vs Normal",-1.28473977914832,8.21104990852892,9.82045858355704,0.00625896415282219,0.0306554422458886,"Normal_higher"
"CPB1","Luminal_Epithelial","ER_Positive","Normal","ER_Positive vs Normal",5.69901955360357,3.76312661176013,9.75766096924949,0.00626238302015384,0.0306621800924792,"ER_Positive_higher"
"QSOX2","Luminal_Epithelial","ER_Positive","Normal","ER_Positive vs Normal",-1.56132771316646,1.32110743646702,9.30642074769574,0.00628573673452113,0.0307664876630654,"Normal_higher"
"REEP4","Luminal_Epithelial","ER_Positive","Normal","ER_Positive vs Normal",-1.0264231176688,3.40557141095964,9.7520953933522,0.00629550222681114,0.030803351604948,"Normal_higher"
"LDHD","Luminal_Epithelial","ER_Positive","Normal","ER_Positive vs Normal",2.17283788394265,1.25424868677708,9.55493517010261,0.00629737340734193,0.030803351604948,"ER_Positive_higher"
"ABHD17C","Luminal_Epithelial","ER_Positive","Normal","ER_Positive vs Normal",1.61999420575991,2.64938506618858,9.75405919199027,0.00629947015062939,0.0308035674651337,"ER_Positive_higher"
"IRF1","Luminal_Epithelial","ER_Positive","Normal","ER_Positive vs Normal",1.78246151506751,7.67691563574135,9.80016977258652,0.00630170645551489,0.0308044653999713,"ER_Positive_higher"
"DUBR","Luminal_Epithelial","ER_Positive","Normal","ER_Positive vs Normal",1.88361725679593,1.37075032198914,9.57335833070279,0.00631022889998613,0.0308360811143249,"ER_Positive_higher"
"CYB561D2.1","Luminal_Epithelial","ER_Positive","Normal","ER_Positive vs Normal",1.92961107588171,2.9761053117542,9.76886030913961,0.00631633484061169,0.0308505915817169,"ER_Positive_higher"
"HELB","Luminal_Epithelial","ER_Positive","Normal","ER_Positive vs Normal",1.59480322014563,3.37891260167266,9.78028410800543,0.00632051449133008,0.0308505915817169,"ER_Positive_higher"
"RP11-611O2.5","Luminal_Epithelial","ER_Positive","Normal","ER_Positive vs Normal",3.1412975832715,-0.0799317414128082,9.09405956629387,0.00632319010834634,0.0308505915817169,"ER_Positive_higher"
"ALG3","Luminal_Epithelial","ER_Positive","Normal","ER_Positive vs Normal",-1.05719747587545,5.80779425211993,9.79087029311052,0.00632834836524871,0.0308505915817169,"Normal_higher"
"CLDN11","Luminal_Epithelial","ER_Positive","Normal","ER_Positive vs Normal",-2.72959322107806,0.928972764883948,9.29618472781829,0.00632904322036303,0.0308505915817169,"Normal_higher"
"CLDN7","Luminal_Epithelial","ER_Positive","Normal","ER_Positive vs Normal",-1.15272745836157,8.67941384686372,9.78694325350538,0.00632964426468357,0.0308505915817169,"Normal_higher"
"PSMB8","Luminal_Epithelial","ER_Positive","Normal","ER_Positive vs Normal",-1.43402525570466,6.67442152100272,9.78757837021127,0.00633345496894965,0.0308591424412427,"Normal_higher"
"SLC36A4","Luminal_Epithelial","ER_Positive","Normal","ER_Positive vs Normal",-1.86463858323199,3.42509218993561,9.67693184531982,0.00636323922521186,0.0309942002767784,"Normal_higher"
"NDUFS5","Luminal_Epithelial","ER_Positive","Normal","ER_Positive vs Normal",-1.2448108452391,8.69697935493331,9.76789401492799,0.0063709011839586,0.0310214516767251,"Normal_higher"
"CRIP1","Luminal_Epithelial","ER_Positive","Normal","ER_Positive vs Normal",3.11246441929322,7.2015631088205,9.7662850462591,0.00637528322016722,0.0310327198459453,"ER_Positive_higher"
"SYNGR2","Luminal_Epithelial","ER_Positive","Normal","ER_Positive vs Normal",1.08221853651934,8.0859784245067,9.76420884201257,0.00637854116145478,0.0310385107684669,"ER_Positive_higher"
"SHANK2","Luminal_Epithelial","ER_Positive","Normal","ER_Positive vs Normal",1.37622241952887,3.51415879968571,9.75195657830691,0.0063874489972045,0.0310596515159415,"ER_Positive_higher"
"ZNF497","Luminal_Epithelial","ER_Positive","Normal","ER_Positive vs Normal",1.9533029167496,1.37773075068166,9.53958039243016,0.00638909470445202,0.0310596515159415,"ER_Positive_higher"
"CCDC189","Luminal_Epithelial","ER_Positive","Normal","ER_Positive vs Normal",1.95925487503068,3.44030722074684,9.750134464946,0.00639341844017773,0.0310706057421461,"ER_Positive_higher"
"BCAR3","Luminal_Epithelial","ER_Positive","Normal","ER_Positive vs Normal",-2.06684912014707,4.75677328924656,9.74066242362907,0.00640403606423669,0.0311121298853998,"Normal_higher"
"ASMTL-AS1","Luminal_Epithelial","ER_Positive","Normal","ER_Positive vs Normal",1.6339380589073,-0.60921909610434,9.13705963389157,0.0064229222735836,0.0311777691179451,"ER_Positive_higher"
"INTS3","Luminal_Epithelial","ER_Positive","Normal","ER_Positive vs Normal",1.33462550545789,4.10385012639439,9.74457174338854,0.0064232859687341,0.0311777691179451,"ER_Positive_higher"
"MKS1","Luminal_Epithelial","ER_Positive","Normal","ER_Positive vs Normal",1.25510934154133,3.13311969565665,9.72121684621889,0.00642377971031427,0.0311777691179451,"ER_Positive_higher"
"SEPHS2","Luminal_Epithelial","ER_Positive","Normal","ER_Positive vs Normal",4.01678888605763,5.22569584063443,9.7456072019505,0.00643106490853882,0.031203036237453,"ER_Positive_higher"
"CD7","Luminal_Epithelial","ER_Positive","Normal","ER_Positive vs Normal",3.58723686330624,1.32564696742702,9.44889979901202,0.00643997123788237,0.031236150086264,"ER_Positive_higher"
"RAET1E-AS1","Luminal_Epithelial","ER_Positive","Normal","ER_Positive vs Normal",2.8862353473646,-0.864195087736736,8.95102032303768,0.00644246776973298,0.031238162785261,"ER_Positive_higher"
"ZNF530","Luminal_Epithelial","ER_Positive","Normal","ER_Positive vs Normal",-1.93086483266372,1.35537963034065,9.21674638722559,0.00644683230466847,0.0312492288101291,"Normal_higher"
"MUT","Luminal_Epithelial","ER_Positive","Normal","ER_Positive vs Normal",1.15872051021276,4.1790761297463,9.73107610234854,0.00645335026003572,0.0312650212735853,"ER_Positive_higher"
"KXD1","Luminal_Epithelial","ER_Positive","Normal","ER_Positive vs Normal",-1.01836005969463,5.87804269948443,9.73269996078527,0.00645425707373674,0.0312650212735853,"Normal_higher"
"PSMD13","Luminal_Epithelial","ER_Positive","Normal","ER_Positive vs Normal",-1.21954541802815,6.2673185137739,9.73100524931197,0.00645715564171004,0.0312689689303461,"Normal_higher"
"HTRA1","Luminal_Epithelial","ER_Positive","Normal","ER_Positive vs Normal",-2.01638271247417,0.35308541838256,9.23978372498551,0.00647583106534487,0.0313419853190349,"Normal_higher"
"CAPN13","Luminal_Epithelial","ER_Positive","Normal","ER_Positive vs Normal",1.8192657615578,2.9807276494977,9.69467451865824,0.00647655768020834,0.0313419853190349,"ER_Positive_higher"
"CLGN","Luminal_Epithelial","ER_Positive","Normal","ER_Positive vs Normal",3.41225571604304,4.306425035107,9.72413906383599,0.00647849926431974,0.0313419853190349,"ER_Positive_higher"
"KIAA1109","Luminal_Epithelial","ER_Positive","Normal","ER_Positive vs Normal",1.06922396271203,3.98220351486249,9.71570454443343,0.00648197672458865,0.0313434062097914,"ER_Positive_higher"
"TOR3A","Luminal_Epithelial","ER_Positive","Normal","ER_Positive vs Normal",1.22968391687785,4.73969999579019,9.71943272836066,0.00648420233410542,0.0313434062097914,"ER_Positive_higher"
"RHOV","Luminal_Epithelial","ER_Positive","Normal","ER_Positive vs Normal",-1.56005674620869,6.59128051737218,9.71759781921455,0.00648581692228634,0.0313434062097914,"Normal_higher"
"EIF3M","Luminal_Epithelial","ER_Positive","Normal","ER_Positive vs Normal",-1.05207850124944,7.13503032184262,9.71577972089592,0.00648714731042928,0.0313434062097914,"Normal_higher"
"PMF1","Luminal_Epithelial","ER_Positive","Normal","ER_Positive vs Normal",-1.81635408626215,5.48166023126982,9.7138469966691,0.0064927683182594,0.0313604680244992,"Normal_higher"
"SLC11A1","Luminal_Epithelial","ER_Positive","Normal","ER_Positive vs Normal",2.10099948045497,1.07057341707456,9.41392142751304,0.00649522069176667,0.031362219086661,"ER_Positive_higher"
"HEPACAM2","Luminal_Epithelial","ER_Positive","Normal","ER_Positive vs Normal",3.13890317932519,1.98473046685405,9.58940418560604,0.00649929283208169,0.0313717875622547,"ER_Positive_higher"
"RP11-692D12.1","Luminal_Epithelial","ER_Positive","Normal","ER_Positive vs Normal",2.60377125137445,0.446926730765539,9.21663041831659,0.00650394799660448,0.0313841632106249,"ER_Positive_higher"
"CROT","Luminal_Epithelial","ER_Positive","Normal","ER_Positive vs Normal",2.34853585940568,4.4103103735674,9.70681397392707,0.00651353372270082,0.0314158688130145,"ER_Positive_higher"
"SLC26A2","Luminal_Epithelial","ER_Positive","Normal","ER_Positive vs Normal",-1.97828135585881,3.85642453906872,9.64724150977558,0.00651470538722603,0.0314158688130145,"Normal_higher"
"FAM111A","Luminal_Epithelial","ER_Positive","Normal","ER_Positive vs Normal",1.33352011577645,4.2728739134299,9.70105461856732,0.00652173245979746,0.0314396527543143,"ER_Positive_higher"
"TMOD3","Luminal_Epithelial","ER_Positive","Normal","ER_Positive vs Normal",-1.07693468426549,5.55698526346488,9.69075222109995,0.00654710612331223,0.0315518373771826,"Normal_higher"
"SPSB2","Luminal_Epithelial","ER_Positive","Normal","ER_Positive vs Normal",-1.33048220773799,3.02886207573566,9.57362133904463,0.00657309850302171,0.0316669307334982,"Normal_higher"
"NSMCE3","Luminal_Epithelial","ER_Positive","Normal","ER_Positive vs Normal",-1.30093581067024,3.58196206417272,9.62099420624357,0.00659232097915187,0.0317459817839573,"Normal_higher"
"KLK10","Luminal_Epithelial","ER_Positive","Normal","ER_Positive vs Normal",-3.02746385645408,4.29116804799218,9.5830757034789,0.00659373793700238,0.0317459817839573,"Normal_higher"
"WDR7","Luminal_Epithelial","ER_Positive","Normal","ER_Positive vs Normal",1.67773734957217,1.56630154830687,9.47796567195179,0.00660839000102502,0.0318063209574671,"ER_Positive_higher"
"NARS","Luminal_Epithelial","ER_Positive","Normal","ER_Positive vs Normal",-1.09944793366877,6.30657551349796,9.65656214644766,0.00662181319989947,0.0318607087819466,"Normal_higher"
"RP11-263K19.4","Luminal_Epithelial","ER_Positive","Normal","ER_Positive vs Normal",2.43551415161339,1.08117799913724,9.36479752154662,0.00662435550905887,0.0318627253603995,"ER_Positive_higher"
"KIF5C","Luminal_Epithelial","ER_Positive","Normal","ER_Positive vs Normal",2.17725477736702,2.11421302200767,9.56030873608527,0.00662891743858483,0.0318744517785461,"ER_Positive_higher"
"ABLIM2","Luminal_Epithelial","ER_Positive","Normal","ER_Positive vs Normal",1.54562674388567,0.0796669707121213,9.11015863120732,0.00663560118490724,0.0318963699493603,"ER_Positive_higher"
"DKK3","Luminal_Epithelial","ER_Positive","Normal","ER_Positive vs Normal",-2.67115799109955,1.21213301935447,9.12847474653556,0.00663939500145843,0.0319043870595218,"Normal_higher"
"SALL2","Luminal_Epithelial","ER_Positive","Normal","ER_Positive vs Normal",2.3974678258856,0.943599508702514,9.32235681290879,0.00664358331771176,0.0319126480491044,"ER_Positive_higher"
"ENTPD1","Luminal_Epithelial","ER_Positive","Normal","ER_Positive vs Normal",3.20670430315498,-1.19243751689717,8.85418577204765,0.00664536717221638,0.0319126480491044,"ER_Positive_higher"
"OPTN","Luminal_Epithelial","ER_Positive","Normal","ER_Positive vs Normal",-1.48612813214848,5.4268868035611,9.63449295687951,0.00667202739673675,0.0320304271090302,"Normal_higher"
"NUBPL","Luminal_Epithelial","ER_Positive","Normal","ER_Positive vs Normal",1.11634605110237,3.29891771410324,9.6131022341196,0.0066772064402866,0.0320450390308222,"ER_Positive_higher"
"DCN","Luminal_Epithelial","ER_Positive","Normal","ER_Positive vs Normal",5.94715503812624,2.74111257209666,9.34921789846676,0.00668810958406264,0.0320871037493696,"ER_Positive_higher"
"PIEZO2","Luminal_Epithelial","ER_Positive","Normal","ER_Positive vs Normal",4.34186037604637,1.60550595892851,9.33511201224537,0.00669750470935955,0.0321219089719907,"ER_Positive_higher"
"RANBP9","Luminal_Epithelial","ER_Positive","Normal","ER_Positive vs Normal",1.27099672675878,3.88481035749038,9.61644355988117,0.00670293780356661,0.0321376957246403,"ER_Positive_higher"
"KCTD1","Luminal_Epithelial","ER_Positive","Normal","ER_Positive vs Normal",1.08303387167032,3.90438038247706,9.61496941119376,0.00670538907876228,0.0321391804231829,"ER_Positive_higher"
"B4GALT1","Luminal_Epithelial","ER_Positive","Normal","ER_Positive vs Normal",1.61082206826629,6.4309266607802,9.61608565136761,0.0067105466145675,0.0321536312403622,"ER_Positive_higher"
"RGS1","Luminal_Epithelial","ER_Positive","Normal","ER_Positive vs Normal",3.30742707830624,2.23643214310351,9.52680875012712,0.00671517600981689,0.032165543051172,"ER_Positive_higher"
"CWF19L2","Luminal_Epithelial","ER_Positive","Normal","ER_Positive vs Normal",-1.20290064919062,3.83675825804884,9.58267338832355,0.00672130278435191,0.0321846173850572,"Normal_higher"
"AHCYL2","Luminal_Epithelial","ER_Positive","Normal","ER_Positive vs Normal",1.3275783626854,2.12860491354996,9.50669527017241,0.00673016612085733,0.0322167792585984,"ER_Positive_higher"
"CPT1B","Luminal_Epithelial","ER_Positive","Normal","ER_Positive vs Normal",1.89601664221723,0.352267180203772,9.11713171371272,0.00673832337520469,0.0322455417384237,"ER_Positive_higher"
"PDGFC","Luminal_Epithelial","ER_Positive","Normal","ER_Positive vs Normal",-1.54986153398325,2.28471356847872,9.35242598924843,0.00674236390001365,0.0322545919819907,"Normal_higher"
"RP11-793H13.3","Luminal_Epithelial","ER_Positive","Normal","ER_Positive vs Normal",3.09885768439823,0.243687696565021,9.02591477901064,0.00675058877580957,0.0322754136152926,"ER_Positive_higher"
"EDC4","Luminal_Epithelial","ER_Positive","Normal","ER_Positive vs Normal",3.3211021768257,1.13512898600177,9.28939912272153,0.0067533555323688,0.0322754136152926,"ER_Positive_higher"
"RP11-22C11.2","Luminal_Epithelial","ER_Positive","Normal","ER_Positive vs Normal",1.29608499580969,2.22026529696968,9.50462005796882,0.00675475022135936,0.0322754136152926,"ER_Positive_higher"
"KCTD13","Luminal_Epithelial","ER_Positive","Normal","ER_Positive vs Normal",1.46148465236893,4.44797583762598,9.59863251478585,0.00675531912878217,0.0322754136152926,"ER_Positive_higher"
"SNRPG","Luminal_Epithelial","ER_Positive","Normal","ER_Positive vs Normal",-1.2866852973987,8.32293976274447,9.59440799666555,0.00675794495755684,0.0322776829974715,"Normal_higher"
"IGFBP5","Luminal_Epithelial","ER_Positive","Normal","ER_Positive vs Normal",4.58548961641628,7.36821667323931,9.59215563884295,0.00676469364296503,0.0322996364937881,"ER_Positive_higher"
"CDC34","Luminal_Epithelial","ER_Positive","Normal","ER_Positive vs Normal",-1.24503039779058,4.2610628680918,9.57575224178207,0.00677431476677182,0.0323352868018272,"Normal_higher"
"PGBD2","Luminal_Epithelial","ER_Positive","Normal","ER_Positive vs Normal",1.18970962815779,2.94352337130263,9.55473126846732,0.00677646987275335,0.0323352888331986,"ER_Positive_higher"
"AC093375.1","Luminal_Epithelial","ER_Positive","Normal","ER_Positive vs Normal",3.23900094933658,0.0503629107832098,8.93533828558363,0.00678714498819315,0.0323759328791528,"ER_Positive_higher"
"SAMHD1","Luminal_Epithelial","ER_Positive","Normal","ER_Positive vs Normal",1.46841637094328,2.53254595875178,9.50984472878873,0.0068229110971335,0.0325269605730081,"ER_Positive_higher"
"SPEG","Luminal_Epithelial","ER_Positive","Normal","ER_Positive vs Normal",-1.24071896971544,1.87935607605327,9.2585223251888,0.00682314065994732,0.0325269605730081,"Normal_higher"
"C16orf62","Luminal_Epithelial","ER_Positive","Normal","ER_Positive vs Normal",1.25637507186509,3.77761448665221,9.5614087448633,0.00682640304254065,0.0325321786152453,"ER_Positive_higher"
"PTEN","Luminal_Epithelial","ER_Positive","Normal","ER_Positive vs Normal",-1.30242536263269,4.5033210598935,9.55164091850276,0.00684141376119032,0.0325933639092645,"Normal_higher"
"ZNF443","Luminal_Epithelial","ER_Positive","Normal","ER_Positive vs Normal",1.64256586423176,2.07881825986802,9.45365536352404,0.00685190998717255,0.0326330095771179,"ER_Positive_higher"
"NELFE","Luminal_Epithelial","ER_Positive","Normal","ER_Positive vs Normal",-1.04988396971479,6.25165276997246,9.54730283059728,0.00687328643718743,0.0327140531439492,"Normal_higher"
"FOLR1","Luminal_Epithelial","ER_Positive","Normal","ER_Positive vs Normal",-2.88884658278494,3.36238391929093,9.33552553274008,0.00687627763113421,0.0327179132563193,"Normal_higher"
"RNF125","Luminal_Epithelial","ER_Positive","Normal","ER_Positive vs Normal",2.21297457068202,1.75013799340133,9.40208458444702,0.0068803589853661,0.0327269563528967,"ER_Positive_higher"
"TACR2","Luminal_Epithelial","ER_Positive","Normal","ER_Positive vs Normal",2.62148344549037,0.057047877563036,8.96248331413665,0.00689360178410542,0.032769173891058,"ER_Positive_higher"
"USP51","Luminal_Epithelial","ER_Positive","Normal","ER_Positive vs Normal",1.74612161686643,-0.0553437784258082,8.97871154536402,0.00690907107999882,0.0328323083272775,"ER_Positive_higher"
"TMEM256-PLSCR3","Luminal_Epithelial","ER_Positive","Normal","ER_Positive vs Normal",3.6626874680713,1.5898816084688,9.31453460462231,0.006913027447025,0.0328407100023755,"ER_Positive_higher"
"COX7B","Luminal_Epithelial","ER_Positive","Normal","ER_Positive vs Normal",-1.12269588105738,8.414262326384,9.52682030202534,0.00691588080302303,0.0328438681047363,"Normal_higher"
"C1orf194","Luminal_Epithelial","ER_Positive","Normal","ER_Positive vs Normal",5.01140465817465,1.69042697663617,9.14576517330949,0.00692427485853006,0.0328733289471561,"ER_Positive_higher"
"RAD23B","Luminal_Epithelial","ER_Positive","Normal","ER_Positive vs Normal",-1.27838999721896,6.58480732973197,9.52173076912983,0.00693308358664127,0.0328923651083787,"Normal_higher"
"NFKBID","Luminal_Epithelial","ER_Positive","Normal","ER_Positive vs Normal",1.85897615864436,3.24771841783112,9.5050695868734,0.00693640104478786,0.0328923651083787,"ER_Positive_higher"
"RP11-88H9.2","Luminal_Epithelial","ER_Positive","Normal","ER_Positive vs Normal",2.06389279561519,0.912360088337358,9.19304432849709,0.00693705174705262,0.0328923651083787,"ER_Positive_higher"
"NKD1","Luminal_Epithelial","ER_Positive","Normal","ER_Positive vs Normal",3.25609833976188,-0.0855652619326162,8.83824613965496,0.00694077836305316,0.0328996402066768,"ER_Positive_higher"
"CTC-543D15.8","Luminal_Epithelial","ER_Positive","Normal","ER_Positive vs Normal",-1.85486791427706,0.609263705306064,9.01143282016049,0.00694578954511705,0.0329129976961072,"Normal_higher"
"HIST1H3J","Luminal_Epithelial","ER_Positive","Normal","ER_Positive vs Normal",3.43432352508814,-0.484696425037888,8.72897315960547,0.00694939506997165,0.0329196880729371,"ER_Positive_higher"
"KCNC2","Luminal_Epithelial","ER_Positive","Normal","ER_Positive vs Normal",3.9146493944288,2.22374965599351,9.40383665316677,0.00695245749857966,0.03292380236074,"ER_Positive_higher"
"PDGFRA","Luminal_Epithelial","ER_Positive","Normal","ER_Positive vs Normal",-3.09132731421663,-0.170985240535778,9.12183612179566,0.00696421496735366,0.0329690769763648,"Normal_higher"
"NBPF26","Luminal_Epithelial","ER_Positive","Normal","ER_Positive vs Normal",3.02566647294655,2.73366600061286,9.46791863498083,0.00697551170297997,0.0330121425817157,"ER_Positive_higher"
"SOX13","Luminal_Epithelial","ER_Positive","Normal","ER_Positive vs Normal",1.78976391136694,2.99484375572928,9.47733728022615,0.00697896534381114,0.033018074689336,"ER_Positive_higher"
"CTU2","Luminal_Epithelial","ER_Positive","Normal","ER_Positive vs Normal",-1.07872259988523,3.03664606903555,9.41345668568675,0.00698875871856004,0.0330539874218186,"Normal_higher"
"KLHL11","Luminal_Epithelial","ER_Positive","Normal","ER_Positive vs Normal",2.15238504492158,1.99366053634845,9.38427160881933,0.0070090105748899,0.0331320733920576,"ER_Positive_higher"
"PCSK6","Luminal_Epithelial","ER_Positive","Normal","ER_Positive vs Normal",2.74817086253073,2.31855734385404,9.42018422742099,0.00700968434862283,0.0331320733920576,"ER_Positive_higher"
"NEK5","Luminal_Epithelial","ER_Positive","Normal","ER_Positive vs Normal",2.31283436903645,2.13034862495776,9.39938315734545,0.00701546951278406,0.0331355608528923,"ER_Positive_higher"
"RC3H1","Luminal_Epithelial","ER_Positive","Normal","ER_Positive vs Normal",1.82926553826785,5.15223388233597,9.48820808646279,0.0070157671987542,0.0331355608528923,"ER_Positive_higher"
"CDC42","Luminal_Epithelial","ER_Positive","Normal","ER_Positive vs Normal",-1.04769426234841,7.63875537172761,9.48362428853581,0.00702020054831091,0.0331355608528923,"Normal_higher"
"ADAR","Luminal_Epithelial","ER_Positive","Normal","ER_Positive vs Normal",1.00214199053827,5.83159734119071,9.48515425487913,0.00702046578358486,0.0331355608528923,"ER_Positive_higher"
"SDCCAG3","Luminal_Epithelial","ER_Positive","Normal","ER_Positive vs Normal",-1.2831231523721,2.81636640047544,9.35659011429158,0.00702146221844455,0.0331355608528923,"Normal_higher"
"SBNO1","Luminal_Epithelial","ER_Positive","Normal","ER_Positive vs Normal",-1.01291668571033,5.15077989005415,9.47843753013491,0.00703714456356871,0.0331991287222495,"Normal_higher"
"STOX2","Luminal_Epithelial","ER_Positive","Normal","ER_Positive vs Normal",-2.28057481256118,-0.137906826469227,9.07709779145758,0.00703964289432299,0.0332004779745773,"Normal_higher"
"PSG4","Luminal_Epithelial","ER_Positive","Normal","ER_Positive vs Normal",-4.92182662566753,1.66010645188079,9.09247482488888,0.00705027611913137,0.0332401802449904,"Normal_higher"
"CCDC18","Luminal_Epithelial","ER_Positive","Normal","ER_Positive vs Normal",-1.43691198519599,1.91058102121409,9.14649767194562,0.00706659310776641,0.033300217499004,"Normal_higher"
"RP11-355F16.1","Luminal_Epithelial","ER_Positive","Normal","ER_Positive vs Normal",2.00268216007036,-0.494927588166404,8.8585497675874,0.0070674480398699,0.033300217499004,"ER_Positive_higher"
"TMEM232","Luminal_Epithelial","ER_Positive","Normal","ER_Positive vs Normal",2.26272481203438,0.896353929627325,9.13054991919419,0.00707730268896451,0.0333361837580949,"ER_Positive_higher"
"FRS2","Luminal_Epithelial","ER_Positive","Normal","ER_Positive vs Normal",1.28056134339925,4.23078882813983,9.45343695620175,0.00709622619499567,0.0334148310349231,"ER_Positive_higher"
"RP11-544A12.8","Luminal_Epithelial","ER_Positive","Normal","ER_Positive vs Normal",-2.3404714062079,1.26781844986249,8.93696129470176,0.00709974436008806,0.0334209107941786,"Normal_higher"
"ENPP5","Luminal_Epithelial","ER_Positive","Normal","ER_Positive vs Normal",2.26322671097818,4.08399408682727,9.44898759125197,0.00710864684728408,0.033443141402767,"ER_Positive_higher"
"SIGIRR","Luminal_Epithelial","ER_Positive","Normal","ER_Positive vs Normal",1.0113648135445,6.11215365059557,9.44828402695024,0.0071089239071651,0.033443141402767,"ER_Positive_higher"
"FHAD1","Luminal_Epithelial","ER_Positive","Normal","ER_Positive vs Normal",2.41123212751479,-0.0110162790375131,8.8702460140258,0.00711570076979114,0.0334645319499391,"ER_Positive_higher"
"BRMS1","Luminal_Epithelial","ER_Positive","Normal","ER_Positive vs Normal",-1.12413260378688,5.66955778951381,9.44435166357573,0.00712174721166854,0.0334824750643828,"Normal_higher"
"AC034243.1","Luminal_Epithelial","ER_Positive","Normal","ER_Positive vs Normal",3.36806114289458,0.830634750749827,9.04020585797053,0.00712527449549445,0.0334831680388498,"ER_Positive_higher"
"DYRK4","Luminal_Epithelial","ER_Positive","Normal","ER_Positive vs Normal",-1.12166151655536,4.34517575768714,9.43098904802524,0.007127798144145,0.0334831680388498,"Normal_higher"
"MT2A","Luminal_Epithelial","ER_Positive","Normal","ER_Positive vs Normal",-2.33102426174381,10.4464024786076,9.43807090073866,0.00712858811782002,0.0334831680388498,"Normal_higher"
"WRB","Luminal_Epithelial","ER_Positive","Normal","ER_Positive vs Normal",1.11135545187554,5.45638232209851,9.43574359334743,0.00714258563119776,0.0335084607221314,"ER_Positive_higher"
"SLC1A1","Luminal_Epithelial","ER_Positive","Normal","ER_Positive vs Normal",3.50399452173281,2.43523566548654,9.36717588497732,0.00714377238280382,0.0335084607221314,"ER_Positive_higher"
"ALG1L","Luminal_Epithelial","ER_Positive","Normal","ER_Positive vs Normal",3.50662663741717,2.47995076495875,9.37082659141984,0.00714646958129938,0.0335084607221314,"ER_Positive_higher"
"LPIN1","Luminal_Epithelial","ER_Positive","Normal","ER_Positive vs Normal",-1.65093065107209,3.69013334841892,9.38106091352335,0.00714741462833896,0.0335084607221314,"Normal_higher"
"HYDIN","Luminal_Epithelial","ER_Positive","Normal","ER_Positive vs Normal",1.67096078589943,0.77934609530421,9.07595358293956,0.00714960293411507,0.0335084607221314,"ER_Positive_higher"
"ARL4D","Luminal_Epithelial","ER_Positive","Normal","ER_Positive vs Normal",1.75766747136356,4.25761323642934,9.43137970266155,0.00715254098428413,0.0335116175787753,"ER_Positive_higher"
"CLIP1","Luminal_Epithelial","ER_Positive","Normal","ER_Positive vs Normal",-1.01933001698069,5.38391846339036,9.43091000650358,0.00715474263493011,0.0335116175787753,"Normal_higher"
"AIMP1","Luminal_Epithelial","ER_Positive","Normal","ER_Positive vs Normal",-1.2004777392538,6.81661877110951,9.42462500295285,0.00716705588277991,0.0335434635556408,"Normal_higher"
"CISH","Luminal_Epithelial","ER_Positive","Normal","ER_Positive vs Normal",2.24015791230347,4.96995777593505,9.42647434749033,0.00716738264913768,0.0335434635556408,"ER_Positive_higher"
"ZNF76","Luminal_Epithelial","ER_Positive","Normal","ER_Positive vs Normal",1.09337196714316,3.42397522404744,9.41030588941718,0.00716824732611048,0.0335434635556408,"ER_Positive_higher"
"AHNAK2","Luminal_Epithelial","ER_Positive","Normal","ER_Positive vs Normal",-2.46985994364437,2.26080204719489,9.02494908794967,0.0071712817598155,0.03354720242193,"Normal_higher"
"MAN2B1","Luminal_Epithelial","ER_Positive","Normal","ER_Positive vs Normal",1.83475664622573,2.74627758749608,9.38383231684322,0.00717458196698981,0.0335521818568452,"ER_Positive_higher"
"DDX10","Luminal_Epithelial","ER_Positive","Normal","ER_Positive vs Normal",-1.18364557222632,4.06520218462807,9.39788248536994,0.00718777033341807,0.0336018418755423,"Normal_higher"
"OPLAH","Luminal_Epithelial","ER_Positive","Normal","ER_Positive vs Normal",1.73599772255577,2.36225963115359,9.34660194463957,0.00718967910057749,0.0336018418755423,"ER_Positive_higher"
"SAMD15","Luminal_Epithelial","ER_Positive","Normal","ER_Positive vs Normal",1.62313410231301,0.631845220495142,9.0223777419041,0.00719662405075495,0.0336238284961642,"ER_Positive_higher"
"RBP5","Luminal_Epithelial","ER_Positive","Normal","ER_Positive vs Normal",4.43045827433747,2.49171425978201,9.30904039596681,0.00720121253298932,0.0336267888513213,"ER_Positive_higher"
"DNAJB4","Luminal_Epithelial","ER_Positive","Normal","ER_Positive vs Normal",2.75199675337613,6.19262169550116,9.41046249327809,0.00720173914627484,0.0336267888513213,"ER_Positive_higher"
"PLEKHF2","Luminal_Epithelial","ER_Positive","Normal","ER_Positive vs Normal",1.40368444428793,6.05134131633053,9.40850650504971,0.00720711351686967,0.0336288565260005,"ER_Positive_higher"
"SESN1","Luminal_Epithelial","ER_Positive","Normal","ER_Positive vs Normal",1.57053260299076,3.70301650430973,9.4027062807864,0.00720780774032816,0.0336288565260005,"ER_Positive_higher"
"AC022182.1","Luminal_Epithelial","ER_Positive","Normal","ER_Positive vs Normal",3.73366929866621,-0.902313474313169,8.63188371604522,0.00721018406111761,0.0336288565260005,"ER_Positive_higher"
"SSU72","Luminal_Epithelial","ER_Positive","Normal","ER_Positive vs Normal",-1.05178385264536,7.08881445759387,9.40624459918008,0.00721114548548474,0.0336288565260005,"Normal_higher"
"DRAP1","Luminal_Epithelial","ER_Positive","Normal","ER_Positive vs Normal",-1.03887796229048,7.78063816712421,9.4024215248003,0.0072188400750183,0.0336502314658136,"Normal_higher"
"TRAM2-AS1","Luminal_Epithelial","ER_Positive","Normal","ER_Positive vs Normal",1.22288908155516,1.25527837351859,9.15298363749827,0.00722021358832011,0.0336502314658136,"ER_Positive_higher"
"CRIPT","Luminal_Epithelial","ER_Positive","Normal","ER_Positive vs Normal",-1.00494186151148,5.7985053437034,9.40298236301046,0.00722360891350966,0.0336556035284196,"Normal_higher"
"FAM185A","Luminal_Epithelial","ER_Positive","Normal","ER_Positive vs Normal",1.44924774384939,3.54182961637001,9.38847144772578,0.00723465017981731,0.0336861294596706,"ER_Positive_higher"
"TIMM8A","Luminal_Epithelial","ER_Positive","Normal","ER_Positive vs Normal",-1.09494501208226,3.85439179376299,9.36605924886054,0.007250275199665,0.0337484118862818,"Normal_higher"
"JAKMIP3","Luminal_Epithelial","ER_Positive","Normal","ER_Positive vs Normal",2.81942256833515,-0.868118037862633,8.6596565713684,0.00725305884464936,0.033750900490435,"ER_Positive_higher"
"NDN","Luminal_Epithelial","ER_Positive","Normal","ER_Positive vs Normal",-2.08725476226127,0.0664214173696816,8.96736935529994,0.00727043140772488,0.033821253606859,"Normal_higher"
"KLF3","Luminal_Epithelial","ER_Positive","Normal","ER_Positive vs Normal",-1.18317847139347,5.02179780230581,9.3760813787547,0.00728605969541016,0.0338834514561575,"Normal_higher"
"FBXL13","Luminal_Epithelial","ER_Positive","Normal","ER_Positive vs Normal",2.10170197079309,0.234316567148504,8.87766045991876,0.0072889470080644,0.0338863778655584,"ER_Positive_higher"
"ANKZF1","Luminal_Epithelial","ER_Positive","Normal","ER_Positive vs Normal",-1.11627319819597,4.20323406690889,9.34520964927286,0.00733376473088507,0.034084176932918,"Normal_higher"
"FERMT2","Luminal_Epithelial","ER_Positive","Normal","ER_Positive vs Normal",-1.79340717253797,4.21402712889823,9.32643973159992,0.00734848836997132,0.0341296140588179,"Normal_higher"
"RP11-775D22.2","Luminal_Epithelial","ER_Positive","Normal","ER_Positive vs Normal",2.48524035799797,-0.0810448973479004,8.7720581653855,0.00735010355449831,0.0341296140588179,"ER_Positive_higher"
"HIVEP2","Luminal_Epithelial","ER_Positive","Normal","ER_Positive vs Normal",-1.80496889742501,2.23641852152115,9.05249006382563,0.00735036400600384,0.0341296140588179,"Normal_higher"
"RP11-123K19.1","Luminal_Epithelial","ER_Positive","Normal","ER_Positive vs Normal",1.96104619633605,1.71473267941144,9.203328582909,0.00735717705077561,0.0341506823386915,"ER_Positive_higher"
"EEF1A2","Luminal_Epithelial","ER_Positive","Normal","ER_Positive vs Normal",2.61953005164614,2.22464761734651,9.2713193968878,0.00736041407331408,0.034155143475023,"ER_Positive_higher"
"C1orf53","Luminal_Epithelial","ER_Positive","Normal","ER_Positive vs Normal",2.09974927286111,3.64244074099536,9.34011742440159,0.00736708921186065,0.0341755510981121,"ER_Positive_higher"
"TMEM99","Luminal_Epithelial","ER_Positive","Normal","ER_Positive vs Normal",1.5955036350379,6.24275413037712,9.34223527679138,0.0073726269178019,0.0341906712470498,"ER_Positive_higher"
"TACSTD2","Luminal_Epithelial","ER_Positive","Normal","ER_Positive vs Normal",-2.11361696119734,10.0976476447315,9.33960325884864,0.00737495335322062,0.0341908943378999,"Normal_higher"
"TEKT3","Luminal_Epithelial","ER_Positive","Normal","ER_Positive vs Normal",2.30408613895523,-0.736939913030412,8.7005710698353,0.00737977699433584,0.0342000123524271,"ER_Positive_higher"
"HSPA1A","Luminal_Epithelial","ER_Positive","Normal","ER_Positive vs Normal",2.71721418224037,10.1734461003076,9.33689533303392,0.00738147797757789,0.0342000123524271,"ER_Positive_higher"
"MAPK8IP3","Luminal_Epithelial","ER_Positive","Normal","ER_Positive vs Normal",1.43297520030788,3.04041201249821,9.30780042038489,0.00739791264331045,0.0342655787154815,"ER_Positive_higher"
"MNAT1","Luminal_Epithelial","ER_Positive","Normal","ER_Positive vs Normal",-1.05960159213928,5.12582600944309,9.33009255089624,0.00740515476659577,0.0342885398279243,"Normal_higher"
"RP11-849H4.4","Luminal_Epithelial","ER_Positive","Normal","ER_Positive vs Normal",1.91716752045557,-0.0129590772750071,8.79166050096375,0.00742595813104604,0.0343742608490462,"ER_Positive_higher"
"TMEM102","Luminal_Epithelial","ER_Positive","Normal","ER_Positive vs Normal",-1.29531348316601,2.94072649212484,9.21118579662314,0.00743746958012748,0.0344096596191016,"Normal_higher"
"ULK3","Luminal_Epithelial","ER_Positive","Normal","ER_Positive vs Normal",1.1135697248619,3.87392371583043,9.31254155514358,0.00743819123104988,0.0344096596191016,"ER_Positive_higher"
"VPS37B","Luminal_Epithelial","ER_Positive","Normal","ER_Positive vs Normal",-1.02328509359503,5.09867484712391,9.31359598466883,0.00744732863774093,0.0344413130559563,"Normal_higher"
"TOM1","Luminal_Epithelial","ER_Positive","Normal","ER_Positive vs Normal",-1.17457840229896,4.73063681493033,9.30814683770899,0.00745171192614381,0.034448242507218,"Normal_higher"
"C2orf73","Luminal_Epithelial","ER_Positive","Normal","ER_Positive vs Normal",2.47993408460597,-0.891005949630476,8.63657465699479,0.00745341796634482,0.034448242507218,"ER_Positive_higher"
"RPSA","Luminal_Epithelial","ER_Positive","Normal","ER_Positive vs Normal",-1.71510381194497,10.4049924784759,9.30072994211127,0.00747433268475683,0.034534270504971,"Normal_higher"
"COL12A1","Luminal_Epithelial","ER_Positive","Normal","ER_Positive vs Normal",2.98250650034902,3.15026117058821,9.28754054184972,0.00747737753307342,0.0345377053366675,"ER_Positive_higher"
"LRIG3","Luminal_Epithelial","ER_Positive","Normal","ER_Positive vs Normal",-2.24001780853595,0.613885444967588,8.84432896227929,0.00748325366395904,0.0345542116107795,"Normal_higher"
"TBC1D24","Luminal_Epithelial","ER_Positive","Normal","ER_Positive vs Normal",1.4788063221057,2.88394255527828,9.26471363403193,0.00749103379848549,0.034579496836011,"ER_Positive_higher"
"REEP2","Luminal_Epithelial","ER_Positive","Normal","ER_Positive vs Normal",2.32068034299517,0.716362505331222,8.92993385192747,0.00749636325540357,0.0345934573720299,"ER_Positive_higher"
"HRAS","Luminal_Epithelial","ER_Positive","Normal","ER_Positive vs Normal",-1.5440672277466,4.97430588243294,9.28535479613837,0.00751238505149725,0.0346567360798706,"Normal_higher"
"RPS6KA5","Luminal_Epithelial","ER_Positive","Normal","ER_Positive vs Normal",1.52725589839963,4.2366989980827,9.28553788332802,0.00751993112049778,0.0346808870083928,"ER_Positive_higher"
"ZNF92","Luminal_Epithelial","ER_Positive","Normal","ER_Positive vs Normal",1.8947659259515,3.95963004904746,9.28313237490611,0.00752289031543744,0.0346838755649062,"ER_Positive_higher"
"PARD3","Luminal_Epithelial","ER_Positive","Normal","ER_Positive vs Normal",-1.01728700973254,3.26408001095536,9.22421187345597,0.0075282456872865,0.0346911081368585,"Normal_higher"
"ZNF652","Luminal_Epithelial","ER_Positive","Normal","ER_Positive vs Normal",1.26532980280002,4.8318711663631,9.28223058834063,0.00753230011245096,0.0346911081368585,"ER_Positive_higher"
"MMP12","Luminal_Epithelial","ER_Positive","Normal","ER_Positive vs Normal",-3.50947067906752,0.382909462066269,8.91494625501081,0.00753370569854214,0.0346911081368585,"Normal_higher"
"RMND5A","Luminal_Epithelial","ER_Positive","Normal","ER_Positive vs Normal",-1.19407383900308,4.09931280692833,9.25183426625109,0.00756320876307095,0.0348118095407872,"Normal_higher"
"FMOD","Luminal_Epithelial","ER_Positive","Normal","ER_Positive vs Normal",5.08250496845662,4.2783299715452,9.26245054978319,0.00756612909562697,0.0348118095407872,"ER_Positive_higher"
"SLC35D2","Luminal_Epithelial","ER_Positive","Normal","ER_Positive vs Normal",-1.21344775936949,2.52668902083165,9.10981565817477,0.00756687697221616,0.0348118095407872,"Normal_higher"
"WDR59","Luminal_Epithelial","ER_Positive","Normal","ER_Positive vs Normal",-1.22535622177021,2.86099657512209,9.15086875475694,0.007587405307414,0.0348910799812256,"Normal_higher"
"FCHSD2","Luminal_Epithelial","ER_Positive","Normal","ER_Positive vs Normal",1.59348167302311,2.11309671189416,9.16709850410198,0.00758875758370897,0.0348910799812256,"ER_Positive_higher"
"RP11-290D2.6","Luminal_Epithelial","ER_Positive","Normal","ER_Positive vs Normal",4.1415207176483,3.36055264655134,9.24148280693096,0.00759355844265292,0.0349024598924632,"ER_Positive_higher"
"ZEB2","Luminal_Epithelial","ER_Positive","Normal","ER_Positive vs Normal",2.28579988574555,-0.919821691800296,8.60904385623102,0.00760798946319235,0.0349555419285713,"ER_Positive_higher"
"PCP4","Luminal_Epithelial","ER_Positive","Normal","ER_Positive vs Normal",2.74323461322022,-1.35353101772888,8.53430876225603,0.0076097658079991,0.0349555419285713,"ER_Positive_higher"
"ADAMTS8","Luminal_Epithelial","ER_Positive","Normal","ER_Positive vs Normal",3.93607135452837,0.175101331649048,8.58875645900488,0.00762192358263594,0.0350006753992098,"ER_Positive_higher"
"ABCA3","Luminal_Epithelial","ER_Positive","Normal","ER_Positive vs Normal",2.09843030834173,3.44413746270607,9.23624617079389,0.00762822925534521,0.0350189160094725,"ER_Positive_higher"
"RP11-111M22.2","Luminal_Epithelial","ER_Positive","Normal","ER_Positive vs Normal",1.69952916962824,0.863174983908756,8.91733060770942,0.0076362249430543,0.0350320613425046,"ER_Positive_higher"
"KIAA0319L","Luminal_Epithelial","ER_Positive","Normal","ER_Positive vs Normal",1.08641057023916,4.54193818719435,9.24198762208874,0.00763650830073214,0.0350320613425046,"ER_Positive_higher"
"RP1","Luminal_Epithelial","ER_Positive","Normal","ER_Positive vs Normal",4.02497632169418,1.53105733264719,8.98989657834096,0.00763974643736335,0.0350320613425046,"ER_Positive_higher"
"ABCC6","Luminal_Epithelial","ER_Positive","Normal","ER_Positive vs Normal",3.39105935904702,2.16206885268039,9.14804901866518,0.00764063503429402,0.0350320613425046,"ER_Positive_higher"
"SURF4","Luminal_Epithelial","ER_Positive","Normal","ER_Positive vs Normal",-1.14884845768984,6.24223424878696,9.23918694524126,0.00764276463219565,0.0350320613425046,"Normal_higher"
"ZNF736","Luminal_Epithelial","ER_Positive","Normal","ER_Positive vs Normal",1.69102878215367,2.98686853884219,9.21148477891766,0.00764884991004156,0.035049249038166,"ER_Positive_higher"
"POFUT1","Luminal_Epithelial","ER_Positive","Normal","ER_Positive vs Normal",1.14597510850415,3.44683214730618,9.21615940909087,0.0076698030725912,0.0351202822993048,"ER_Positive_higher"
"FKBP1C","Luminal_Epithelial","ER_Positive","Normal","ER_Positive vs Normal",2.98134719196958,3.94283040068659,9.22915305474745,0.00767036414802853,0.0351202822993048,"ER_Positive_higher"
"RPL27","Luminal_Epithelial","ER_Positive","Normal","ER_Positive vs Normal",-1.51672846067094,10.5649633210439,9.22474407991968,0.00767377036368473,0.0351202822993048,"Normal_higher"
"FGFR1OP","Luminal_Epithelial","ER_Positive","Normal","ER_Positive vs Normal",1.18129676775742,4.27042498752855,9.22550938456336,0.00767726333673558,0.0351202822993048,"ER_Positive_higher"
"PDSS1","Luminal_Epithelial","ER_Positive","Normal","ER_Positive vs Normal",-1.5006438890557,2.11453264409387,8.95606687578626,0.00767731742181456,0.0351202822993048,"Normal_higher"
"PRTN3","Luminal_Epithelial","ER_Positive","Normal","ER_Positive vs Normal",3.13959724226854,0.30338245125942,8.70180348947436,0.00767839316479103,0.0351202822993048,"ER_Positive_higher"
"NAT1","Luminal_Epithelial","ER_Positive","Normal","ER_Positive vs Normal",3.45400714207789,5.75365113113393,9.22538463407713,0.00768092998781123,0.0351211810868626,"ER_Positive_higher"
"MED28","Luminal_Epithelial","ER_Positive","Normal","ER_Positive vs Normal",-1.03913085325458,5.96348847626886,9.22345630885964,0.0076855256117551,0.0351314903611358,"Normal_higher"
"SAR1A","Luminal_Epithelial","ER_Positive","Normal","ER_Positive vs Normal",-1.23754451221148,6.30489782026468,9.21025228079264,0.00771984729697453,0.035258765403133,"Normal_higher"
"IFT22","Luminal_Epithelial","ER_Positive","Normal","ER_Positive vs Normal",1.45836090694172,5.91153834855897,9.20897713100237,0.0077223028073039,0.035258765403133,"ER_Positive_higher"
"BBC3","Luminal_Epithelial","ER_Positive","Normal","ER_Positive vs Normal",-1.61920132253587,5.36691323532879,9.20871736086306,0.00772234223549986,0.035258765403133,"Normal_higher"
"NAA50","Luminal_Epithelial","ER_Positive","Normal","ER_Positive vs Normal",-1.15584481427828,5.83141795175172,9.20968254463524,0.00772276683415062,0.035258765403133,"Normal_higher"
"ADAT2","Luminal_Epithelial","ER_Positive","Normal","ER_Positive vs Normal",-1.98388413234833,1.97724914568836,8.83019237175953,0.00772687992192991,0.0352668147774946,"Normal_higher"
"TERF2","Luminal_Epithelial","ER_Positive","Normal","ER_Positive vs Normal",-1.12502264997427,2.43548288465744,9.04152425321409,0.0077330797987925,0.0352843808271448,"Normal_higher"
"PLPP3","Luminal_Epithelial","ER_Positive","Normal","ER_Positive vs Normal",-1.96986698326895,3.99162337536126,9.15774144413998,0.00774549707780234,0.035330296245161,"Normal_higher"
"LPAR3","Luminal_Epithelial","ER_Positive","Normal","ER_Positive vs Normal",-2.49791241960409,-1.08392809165536,8.73729999411144,0.00778390790223384,0.0354929898781144,"Normal_higher"
"RAC3","Luminal_Epithelial","ER_Positive","Normal","ER_Positive vs Normal",2.08829056365328,5.84535982406368,9.18548734025452,0.00778589476102836,0.0354929898781144,"ER_Positive_higher"
"COL1A1","Luminal_Epithelial","ER_Positive","Normal","ER_Positive vs Normal",1.99633681453528,2.69279420556115,9.14544725287463,0.00779101952554241,0.035505566358887,"ER_Positive_higher"
"ANKS1B","Luminal_Epithelial","ER_Positive","Normal","ER_Positive vs Normal",1.89920825904388,2.23357907392384,9.10527099120134,0.0077993310730897,0.0355326015989616,"ER_Positive_higher"
"SLC2A3","Luminal_Epithelial","ER_Positive","Normal","ER_Positive vs Normal",3.35614564575834,1.44948778050593,8.96435431613816,0.00780168736380213,0.0355326015989616,"ER_Positive_higher"
"BISPR","Luminal_Epithelial","ER_Positive","Normal","ER_Positive vs Normal",1.84964113390877,2.35166203675265,9.11336583710726,0.00780549154979043,0.0355391418955415,"ER_Positive_higher"
"NOP16","Luminal_Epithelial","ER_Positive","Normal","ER_Positive vs Normal",-1.415618559988,5.94017020227892,9.17653073422796,0.00781250796012014,0.0355555344391976,"Normal_higher"
"FAM26F","Luminal_Epithelial","ER_Positive","Normal","ER_Positive vs Normal",-2.88311890903659,0.711393089249402,8.76976157743747,0.00781394224694688,0.0355555344391976,"Normal_higher"
"RP11-539L10.3","Luminal_Epithelial","ER_Positive","Normal","ER_Positive vs Normal",1.72054918748334,3.69610221200561,9.16902350215048,0.0078161996478252,0.0355555344391976,"ER_Positive_higher"
"ZMAT3","Luminal_Epithelial","ER_Positive","Normal","ER_Positive vs Normal",-1.72439560899904,3.41369417876999,9.09612112443047,0.0078232143722435,0.0355764761416133,"Normal_higher"
"SCIN","Luminal_Epithelial","ER_Positive","Normal","ER_Positive vs Normal",3.50559762296536,1.10634770057695,8.86294247557713,0.00782554459541983,0.0355764761416133,"ER_Positive_higher"
"ALCAM","Luminal_Epithelial","ER_Positive","Normal","ER_Positive vs Normal",2.04673833110988,6.00954630257875,9.167692974584,0.00783327336662235,0.0356008278052397,"ER_Positive_higher"
"TMA16","Luminal_Epithelial","ER_Positive","Normal","ER_Positive vs Normal",-1.37989670265894,5.54341875250474,9.16624764954329,0.00784027605884001,0.0356069152802351,"Normal_higher"
"MGAT1","Luminal_Epithelial","ER_Positive","Normal","ER_Positive vs Normal",-1.12102883392368,5.2666997912697,9.16477865432581,0.00784326123138597,0.0356069152802351,"Normal_higher"
"HRH1","Luminal_Epithelial","ER_Positive","Normal","ER_Positive vs Normal",-2.11457208160881,0.961942056965046,8.67788148717399,0.00784410354610896,0.0356069152802351,"Normal_higher"
"SEC22A","Luminal_Epithelial","ER_Positive","Normal","ER_Positive vs Normal",-1.36571476302266,3.2517728194631,9.08633180560905,0.00785463709017786,0.035643948839522,"Normal_higher"
"PGM3","Luminal_Epithelial","ER_Positive","Normal","ER_Positive vs Normal",-1.47481373394142,5.02339873386344,9.1536341863976,0.00786648943396494,0.0356869428462853,"Normal_higher"
"PSMG3","Luminal_Epithelial","ER_Positive","Normal","ER_Positive vs Normal",-1.05155453628726,5.67636889232977,9.15075048903767,0.00788288534311106,0.0357415418782565,"Normal_higher"
"RPS6","Luminal_Epithelial","ER_Positive","Normal","ER_Positive vs Normal",-1.67666444900135,11.9409553985062,9.14729305273145,0.00788328804004992,0.0357415418782565,"Normal_higher"
"CCNYL1","Luminal_Epithelial","ER_Positive","Normal","ER_Positive vs Normal",-1.79208368507091,2.30301536137658,8.89298193386801,0.00788962765020993,0.0357594811678346,"Normal_higher"
"CHST1","Luminal_Epithelial","ER_Positive","Normal","ER_Positive vs Normal",2.58620942055762,0.636628879310093,8.76508997434282,0.00789664843375505,0.035769696059572,"ER_Positive_higher"
"HCN3","Luminal_Epithelial","ER_Positive","Normal","ER_Positive vs Normal",1.40391439750999,0.946641338069579,8.83595296279015,0.00791077110730004,0.0358228551621158,"ER_Positive_higher"
"CHAC1","Luminal_Epithelial","ER_Positive","Normal","ER_Positive vs Normal",-1.94147855717039,2.37856695645514,8.87548313302668,0.00792118127325566,0.0358591756765453,"Normal_higher"
"ELAC1","Luminal_Epithelial","ER_Positive","Normal","ER_Positive vs Normal",-1.28611761525155,2.19913678374066,8.91342554572204,0.00792743208154481,0.0358766505572204,"Normal_higher"
"DYRK1B","Luminal_Epithelial","ER_Positive","Normal","ER_Positive vs Normal",1.23768916401599,3.48162896459625,9.11885895995916,0.0079380467254295,0.0359138580670849,"ER_Positive_higher"
"AC026471.6","Luminal_Epithelial","ER_Positive","Normal","ER_Positive vs Normal",2.96000831753737,-0.996881593042054,8.41340081952607,0.00794204578636219,0.035921121493652,"ER_Positive_higher"
"RPL37A","Luminal_Epithelial","ER_Positive","Normal","ER_Positive vs Normal",-1.91928404805652,11.3209905085208,9.12310873875785,0.00795003527261496,0.0359464234215525,"Normal_higher"
"ELOF1","Luminal_Epithelial","ER_Positive","Normal","ER_Positive vs Normal",-1.17415269982137,5.84664380351773,9.12428859093592,0.00795567658166672,0.0359610959220098,"Normal_higher"
"AMZ1","Luminal_Epithelial","ER_Positive","Normal","ER_Positive vs Normal",3.68699262473125,0.216005383855129,8.50374793193708,0.00797811409454212,0.0360349707197702,"ER_Positive_higher"
"PRDX3","Luminal_Epithelial","ER_Positive","Normal","ER_Positive vs Normal",1.29607253547153,7.68844288308417,9.11237505119771,0.00798102156013048,0.0360349707197702,"ER_Positive_higher"
"PSMA5","Luminal_Epithelial","ER_Positive","Normal","ER_Positive vs Normal",-1.15425496858009,6.98016771439898,9.11293470602377,0.00798312148023348,0.0360349707197702,"Normal_higher"
"SRP9","Luminal_Epithelial","ER_Positive","Normal","ER_Positive vs Normal",1.40356874709897,8.82185960912132,9.10919205162047,0.0079891272803533,0.0360471536669459,"ER_Positive_higher"
"ADAMTS13","Luminal_Epithelial","ER_Positive","Normal","ER_Positive vs Normal",1.92573767935223,-0.0163368146582538,8.59538121587788,0.00800123185836993,0.0360874994607697,"ER_Positive_higher"
"KLHL12","Luminal_Epithelial","ER_Positive","Normal","ER_Positive vs Normal",1.09591431856384,3.94494893054123,9.10301009990787,0.00800287853704548,0.0360874994607697,"ER_Positive_higher"
"CLSPN","Luminal_Epithelial","ER_Positive","Normal","ER_Positive vs Normal",-2.43762433009952,0.795982260957603,8.65992841827895,0.00800772018264391,0.0360984850648655,"Normal_higher"
"KCNK15","Luminal_Epithelial","ER_Positive","Normal","ER_Positive vs Normal",2.70351061631659,5.51924994021905,9.09878288256367,0.00802696207095363,0.0361743602999403,"ER_Positive_higher"
"RAB35","Luminal_Epithelial","ER_Positive","Normal","ER_Positive vs Normal",-1.15543678166893,3.92126331599626,9.07040822786515,0.00804146398009164,0.0362245492104556,"Normal_higher"
"ORMDL3","Luminal_Epithelial","ER_Positive","Normal","ER_Positive vs Normal",1.30510255548488,4.81621891960904,9.0935078662568,0.00804292649891637,0.0362245492104556,"ER_Positive_higher"
"EARS2","Luminal_Epithelial","ER_Positive","Normal","ER_Positive vs Normal",1.13317115262724,3.2406437320445,9.0720399094626,0.00804752597134973,0.0362259805507015,"ER_Positive_higher"
"PNO1","Luminal_Epithelial","ER_Positive","Normal","ER_Positive vs Normal",-1.56714425378605,5.41192877830873,9.09023333563377,0.00804857649026637,0.0362259805507015,"Normal_higher"
"RPRD2","Luminal_Epithelial","ER_Positive","Normal","ER_Positive vs Normal",1.2599490804507,4.11702174907097,9.08713275052757,0.00805382088061077,0.0362301228882871,"ER_Positive_higher"
"ZNF689","Luminal_Epithelial","ER_Positive","Normal","ER_Positive vs Normal",2.06886292717377,3.62904498725068,9.07802266773843,0.00806863147620673,0.0362756638120768,"ER_Positive_higher"
"CMPK1","Luminal_Epithelial","ER_Positive","Normal","ER_Positive vs Normal",-1.28063088947998,6.7837198889973,9.08281575504782,0.00806877895680098,0.0362756638120768,"Normal_higher"
"HSPA1B","Luminal_Epithelial","ER_Positive","Normal","ER_Positive vs Normal",2.77796365853865,9.35130032543129,9.07466909529222,0.00808566322434926,0.0363406852374391,"ER_Positive_higher"
"SETMAR","Luminal_Epithelial","ER_Positive","Normal","ER_Positive vs Normal",1.30939527997415,3.13191302019297,9.05366403822697,0.0080916483667576,0.0363566967185423,"ER_Positive_higher"
"TJP1","Luminal_Epithelial","ER_Positive","Normal","ER_Positive vs Normal",-1.19761160083572,5.13732071722928,9.06310454654406,0.00812430179222078,0.0364815670244935,"Normal_higher"
"ST5","Luminal_Epithelial","ER_Positive","Normal","ER_Positive vs Normal",-2.26678342548045,4.23384468458856,9.02340129661032,0.00812780660218633,0.0364863875797219,"Normal_higher"
"GID8","Luminal_Epithelial","ER_Positive","Normal","ER_Positive vs Normal",1.44280932453689,6.61552579833853,9.05650265274233,0.00814077441762485,0.0365336727527799,"ER_Positive_higher"
"SREBF1","Luminal_Epithelial","ER_Positive","Normal","ER_Positive vs Normal",2.10891984079406,5.67815695685889,9.05072304203645,0.00816114878303458,0.0366032157163777,"ER_Positive_higher"
"CTD-2528L19.6","Luminal_Epithelial","ER_Positive","Normal","ER_Positive vs Normal",1.5132777365905,-0.10127759859554,8.54594376189815,0.00816981292746375,0.0366311271593811,"ER_Positive_higher"
"CLTCL1","Luminal_Epithelial","ER_Positive","Normal","ER_Positive vs Normal",2.86393363414808,-0.81402716071056,8.35937076730583,0.00818419826378205,0.0366750623810723,"ER_Positive_higher"
"MAGI2","Luminal_Epithelial","ER_Positive","Normal","ER_Positive vs Normal",3.54442907411723,1.72764603945708,8.8791914378856,0.00818449949451664,0.0366750623810723,"ER_Positive_higher"
"PLA2G6","Luminal_Epithelial","ER_Positive","Normal","ER_Positive vs Normal",1.51864443559999,1.87705057296775,8.91901549463379,0.00818947613684056,0.0366864084733034,"ER_Positive_higher"
"CENPN","Luminal_Epithelial","ER_Positive","Normal","ER_Positive vs Normal",-1.45971602109764,2.55300883268028,8.86584056561041,0.00819814734405173,0.0367122204754921,"Normal_higher"
"MLXIP","Luminal_Epithelial","ER_Positive","Normal","ER_Positive vs Normal",-1.24981071371073,4.11936194981017,9.02041628827762,0.00820013080787963,0.0367122204754921,"Normal_higher"
"NADSYN1","Luminal_Epithelial","ER_Positive","Normal","ER_Positive vs Normal",1.11561222095677,4.25952072162505,9.03405901753748,0.00820628693552766,0.0367182494272805,"ER_Positive_higher"
"KIAA1468","Luminal_Epithelial","ER_Positive","Normal","ER_Positive vs Normal",1.41219361370834,3.20137282923468,9.01686955936468,0.00820637093217157,0.0367182494272805,"ER_Positive_higher"
"ERVMER34-1","Luminal_Epithelial","ER_Positive","Normal","ER_Positive vs Normal",-1.62546061738915,1.74747780027058,8.6781822408094,0.00821837508092729,0.0367609999521538,"Normal_higher"
"KRT23","Luminal_Epithelial","ER_Positive","Normal","ER_Positive vs Normal",-3.10833873279639,7.69194728937559,9.02505920936197,0.00823450547112977,0.0367990837550795,"Normal_higher"
"TM7SF2","Luminal_Epithelial","ER_Positive","Normal","ER_Positive vs Normal",1.706317970094,5.38935278154169,9.02527678513244,0.00823564330152159,0.0367990837550795,"ER_Positive_higher"
"HSD17B14","Luminal_Epithelial","ER_Positive","Normal","ER_Positive vs Normal",4.09887134397384,2.50514411034508,8.94704190588029,0.00823669769662903,0.0367990837550795,"ER_Positive_higher"
"ZC2HC1C","Luminal_Epithelial","ER_Positive","Normal","ER_Positive vs Normal",1.21857882797149,2.00759580232422,8.91365296964689,0.0082441984549652,0.0368216328016853,"ER_Positive_higher"
"MED12L","Luminal_Epithelial","ER_Positive","Normal","ER_Positive vs Normal",2.21645932619982,-0.493681617694611,8.44078769717141,0.00826037484489052,0.0368731803622158,"ER_Positive_higher"
"EFR3A","Luminal_Epithelial","ER_Positive","Normal","ER_Positive vs Normal",1.08151097212065,5.12801654148281,9.0166935543045,0.00826125258545751,0.0368731803622158,"ER_Positive_higher"
"INTS2","Luminal_Epithelial","ER_Positive","Normal","ER_Positive vs Normal",1.30071533060206,2.33998008444832,8.94413315321712,0.00826311091878003,0.0368731803622158,"ER_Positive_higher"
"MAFG","Luminal_Epithelial","ER_Positive","Normal","ER_Positive vs Normal",-1.30768001752721,4.2155291477101,8.99903223755541,0.00826674668561966,0.0368784386180423,"Normal_higher"
"TTC7A","Luminal_Epithelial","ER_Positive","Normal","ER_Positive vs Normal",-1.73950925294742,2.26542269913335,8.75980417408017,0.00827040506578707,0.0368799048735118,"Normal_higher"
"IL20RA","Luminal_Epithelial","ER_Positive","Normal","ER_Positive vs Normal",1.92201990804256,5.09967174066312,9.01322259218982,0.00827199039143338,0.0368799048735118,"ER_Positive_higher"
"MADCAM1","Luminal_Epithelial","ER_Positive","Normal","ER_Positive vs Normal",1.74089586783483,0.77707495879037,8.67346145249418,0.00829416313935045,0.0369454522705836,"ER_Positive_higher"
"CCDC163P","Luminal_Epithelial","ER_Positive","Normal","ER_Positive vs Normal",-1.95875385803779,0.917842057867858,8.53038480417721,0.00829653989150842,0.0369454522705836,"Normal_higher"
"NPC2","Luminal_Epithelial","ER_Positive","Normal","ER_Positive vs Normal",-1.63327153168552,7.73403819586598,9.00112340835405,0.00830011850339979,0.0369504237260518,"Normal_higher"
"ERICH5","Luminal_Epithelial","ER_Positive","Normal","ER_Positive vs Normal",-2.80676431185945,-0.087375089733476,8.64839927035356,0.00831558068726041,0.03700827976682,"Normal_higher"
"DCHS1","Luminal_Epithelial","ER_Positive","Normal","ER_Positive vs Normal",1.79071264403467,-0.151353318581752,8.48058013758676,0.0083202964226346,0.0370182888865928,"ER_Positive_higher"
"MPC2","Luminal_Epithelial","ER_Positive","Normal","ER_Positive vs Normal",1.60830892412352,8.33913152216885,8.99184322416013,0.00832449836062279,0.0370260067865638,"ER_Positive_higher"
"MCTS1","Luminal_Epithelial","ER_Positive","Normal","ER_Positive vs Normal",-1.03351657890703,6.45621139310157,8.99305270392608,0.00832708457786324,0.0370265357807388,"Normal_higher"
"CDH5","Luminal_Epithelial","ER_Positive","Normal","ER_Positive vs Normal",3.51203594254193,-1.03364077027716,8.28096482698767,0.00833824604254815,0.0370542073913296,"ER_Positive_higher"
"HSD17B6","Luminal_Epithelial","ER_Positive","Normal","ER_Positive vs Normal",2.19439401049147,-0.419281173726865,8.42034850680839,0.00834397665330838,0.0370614193099107,"ER_Positive_higher"
"CYP51A1","Luminal_Epithelial","ER_Positive","Normal","ER_Positive vs Normal",2.68689640123498,4.65510761943053,8.98921008655793,0.00834480814607772,0.0370614193099107,"ER_Positive_higher"
"TCP1","Luminal_Epithelial","ER_Positive","Normal","ER_Positive vs Normal",-1.24862297405901,7.23934539565488,8.98493961992044,0.00834817236511464,0.0370653913264128,"Normal_higher"
"C5orf51","Luminal_Epithelial","ER_Positive","Normal","ER_Positive vs Normal",1.23875658534862,4.35514693782595,8.97220824893472,0.0083884358242222,0.0372221337711717,"ER_Positive_higher"
"CLPB","Luminal_Epithelial","ER_Positive","Normal","ER_Positive vs Normal",-1.29499651283732,3.00971996916103,8.87729818782993,0.00839470722673227,0.0372389510350491,"Normal_higher"
"PPIAL4A","Luminal_Epithelial","ER_Positive","Normal","ER_Positive vs Normal",4.27847348134846,-0.234591601694412,8.23021815966978,0.0084147382889923,0.0373167782218994,"ER_Positive_higher"
"KIAA1324L","Luminal_Epithelial","ER_Positive","Normal","ER_Positive vs Normal",2.68154688207179,1.85050531083365,8.84692509918034,0.00841756094564505,0.0373182679797032,"ER_Positive_higher"
"MAG","Luminal_Epithelial","ER_Positive","Normal","ER_Positive vs Normal",3.52434989557538,-0.228007332106298,8.283803401545,0.0084221251537445,0.0373274755411234,"ER_Positive_higher"
"ATP6V0D1","Luminal_Epithelial","ER_Positive","Normal","ER_Positive vs Normal",-1.2109906445277,5.80210082845428,8.95599376013286,0.00843865268463416,0.0373799709818803,"Normal_higher"
"MAPK8IP2","Luminal_Epithelial","ER_Positive","Normal","ER_Positive vs Normal",2.13389230524775,2.3151018720715,8.89215336912308,0.00843895126851539,0.0373799709818803,"ER_Positive_higher"
"YBX3","Luminal_Epithelial","ER_Positive","Normal","ER_Positive vs Normal",-2.58111482617817,6.9972039661929,8.95436913866215,0.00844259958696272,0.0373850964890969,"Normal_higher"
"SIDT2","Luminal_Epithelial","ER_Positive","Normal","ER_Positive vs Normal",1.6714166224564,2.8268499611013,8.92112470665377,0.00844658039077617,0.0373916908331498,"ER_Positive_higher"
"RP11-486I11.2","Luminal_Epithelial","ER_Positive","Normal","ER_Positive vs Normal",2.14369184899551,1.54930878851129,8.79088385092369,0.00845283483174353,0.0373973149528229,"ER_Positive_higher"
"CDC5L","Luminal_Epithelial","ER_Positive","Normal","ER_Positive vs Normal",-1.03948473729194,4.99468814353552,8.94736114886259,0.00845965961535194,0.0374164785875587,"Normal_higher"
"RP11-72I8.1","Luminal_Epithelial","ER_Positive","Normal","ER_Positive vs Normal",2.55858260654591,-0.829323627519682,8.31122515903198,0.00846604450586157,0.0374336858867014,"ER_Positive_higher"
"CCDC7.1","Luminal_Epithelial","ER_Positive","Normal","ER_Positive vs Normal",1.9157445555211,0.0166515172734431,8.45605099932551,0.00847435153671084,0.0374593795320824,"ER_Positive_higher"
"PANK1","Luminal_Epithelial","ER_Positive","Normal","ER_Positive vs Normal",2.60167506250424,0.48376215984349,8.529346996329,0.0084918376718696,0.0375256207131175,"ER_Positive_higher"
"SPI1","Luminal_Epithelial","ER_Positive","Normal","ER_Positive vs Normal",2.03660766978111,-0.0521294144667255,8.43136996064712,0.00849862041617182,0.0375445382942274,"ER_Positive_higher"
"GCNT2","Luminal_Epithelial","ER_Positive","Normal","ER_Positive vs Normal",-1.95660537025177,3.60320990993681,8.859198593049,0.00852223131316449,0.0376377649548733,"Normal_higher"
"CD96","Luminal_Epithelial","ER_Positive","Normal","ER_Positive vs Normal",4.30958201387946,-0.787839200290395,8.25569280572668,0.00853066285086108,0.0376639180355611,"ER_Positive_higher"
"DOC2A","Luminal_Epithelial","ER_Positive","Normal","ER_Positive vs Normal",2.04742766412798,2.36290315074678,8.86291695548706,0.00853617273151275,0.0376771600534741,"ER_Positive_higher"
"IMMP2L","Luminal_Epithelial","ER_Positive","Normal","ER_Positive vs Normal",1.0502162211132,5.01352999514726,8.92008753734493,0.00854656937678134,0.037700872027442,"ER_Positive_higher"
"CTC-241N9.1","Luminal_Epithelial","ER_Positive","Normal","ER_Positive vs Normal",1.67510430937182,2.00245386024778,8.81747618226593,0.00855647531971691,0.0377334778498359,"ER_Positive_higher"
"OSBPL6","Luminal_Epithelial","ER_Positive","Normal","ER_Positive vs Normal",2.13866793081082,1.42789533449886,8.73448279932068,0.00856455424340136,0.0377567759856094,"ER_Positive_higher"
"HIST1H2BL","Luminal_Epithelial","ER_Positive","Normal","ER_Positive vs Normal",2.32601800769311,-0.738700701960042,8.31602572766762,0.0085667903132538,0.0377567759856094,"ER_Positive_higher"
"COX6C","Luminal_Epithelial","ER_Positive","Normal","ER_Positive vs Normal",2.90381156660623,11.9502280195342,8.90287141289233,0.00858828971216979,0.0378393821842168,"ER_Positive_higher"
"HLA-F","Luminal_Epithelial","ER_Positive","Normal","ER_Positive vs Normal",-1.75071238680331,4.83322671653893,8.89773658656909,0.00859057607127518,0.0378393821842168,"Normal_higher"
"TCN1","Luminal_Epithelial","ER_Positive","Normal","ER_Positive vs Normal",-3.57581141220241,5.32084675397155,8.86887582482301,0.00859538390573242,0.0378494501975723,"Normal_higher"
"HCG18","Luminal_Epithelial","ER_Positive","Normal","ER_Positive vs Normal",1.01260284507625,4.22534630247911,8.89847067703278,0.00860546889441574,0.0378827432380455,"ER_Positive_higher"
"DENND4C","Luminal_Epithelial","ER_Positive","Normal","ER_Positive vs Normal",1.41599746829082,3.74866428994812,8.89000642582278,0.00861927374341718,0.0379323874098128,"ER_Positive_higher"
"TGDS","Luminal_Epithelial","ER_Positive","Normal","ER_Positive vs Normal",-1.13650785157859,3.27230212824835,8.83615004455459,0.0086222308060895,0.0379342766657828,"Normal_higher"
"NRL","Luminal_Epithelial","ER_Positive","Normal","ER_Positive vs Normal",1.32153840575674,1.10659952412942,8.63433306785084,0.00863225308337156,0.0379672397485806,"ER_Positive_higher"
"ZNF436-AS1","Luminal_Epithelial","ER_Positive","Normal","ER_Positive vs Normal",-1.95347750742374,1.47023524351217,8.45313995326069,0.00863771194978368,0.037980118145445,"Normal_higher"
"CYFIP2","Luminal_Epithelial","ER_Positive","Normal","ER_Positive vs Normal",2.46996782612097,1.99570094263363,8.78933917602231,0.00865366336738627,0.0380304845949538,"ER_Positive_higher"
"RALGPS2","Luminal_Epithelial","ER_Positive","Normal","ER_Positive vs Normal",1.61824816474357,5.31988186807525,8.88275991845516,0.00865883319111607,0.0380304845949538,"ER_Positive_higher"
"ZNF701","Luminal_Epithelial","ER_Positive","Normal","ER_Positive vs Normal",-1.21303609521865,3.13048202729156,8.80700540833145,0.00865911310135768,0.0380304845949538,"Normal_higher"
"C21orf58","Luminal_Epithelial","ER_Positive","Normal","ER_Positive vs Normal",1.8254251842543,2.08002876847131,8.79292863176804,0.0086600824919467,0.0380304845949538,"ER_Positive_higher"
"MPP1","Luminal_Epithelial","ER_Positive","Normal","ER_Positive vs Normal",1.5353870526866,0.525372900565709,8.50410761991571,0.00866183756550623,0.0380304845949538,"ER_Positive_higher"
"STX18-AS1","Luminal_Epithelial","ER_Positive","Normal","ER_Positive vs Normal",1.83491932262243,0.5989107376992,8.51663959939579,0.00866700938511324,0.0380420619603376,"ER_Positive_higher"
"SMIM3","Luminal_Epithelial","ER_Positive","Normal","ER_Positive vs Normal",-1.37536154235657,2.98189972371576,8.77799769765707,0.00867727331122316,0.0380619878106106,"Normal_higher"
"BTG1","Luminal_Epithelial","ER_Positive","Normal","ER_Positive vs Normal",-1.42335284846482,9.0983319136141,8.87319577073326,0.00867948339633309,0.0380619878106106,"Normal_higher"
"GIMAP2","Luminal_Epithelial","ER_Positive","Normal","ER_Positive vs Normal",2.46727258959917,1.91224023083509,8.77180633454481,0.00868002048343828,0.0380619878106106,"ER_Positive_higher"
"MANEA","Luminal_Epithelial","ER_Positive","Normal","ER_Positive vs Normal",1.6484315825842,2.64711057965739,8.83223862188297,0.00868334229813893,0.0380619878106106,"ER_Positive_higher"
"TMEM88","Luminal_Epithelial","ER_Positive","Normal","ER_Positive vs Normal",1.68147708949095,-0.0173828815112718,8.39293673490733,0.00868423044336182,0.0380619878106106,"ER_Positive_higher"
"FAM24B","Luminal_Epithelial","ER_Positive","Normal","ER_Positive vs Normal",-1.45448137285916,1.93752367834969,8.58655003563944,0.00870250626034548,0.0381205719279326,"Normal_higher"
"ARMC2","Luminal_Epithelial","ER_Positive","Normal","ER_Positive vs Normal",2.16376092807311,1.66766551945356,8.72893273061008,0.00870306780288119,0.0381205719279326,"ER_Positive_higher"
"OR2A1-AS1","Luminal_Epithelial","ER_Positive","Normal","ER_Positive vs Normal",1.72346025749192,1.71587979504629,8.73246837115861,0.00870521756493803,0.0381205719279326,"ER_Positive_higher"
"LINC00657","Luminal_Epithelial","ER_Positive","Normal","ER_Positive vs Normal",1.16592066843983,6.73076173348828,8.86332349513704,0.00871256062942275,0.0381415978313148,"ER_Positive_higher"
"SHROOM2","Luminal_Epithelial","ER_Positive","Normal","ER_Positive vs Normal",1.51780942202613,1.19150377456465,8.63173566612818,0.00871894051763361,0.0381506901645937,"ER_Positive_higher"
"SCGB1D2","Luminal_Epithelial","ER_Positive","Normal","ER_Positive vs Normal",5.32455843277101,9.74452331791131,8.85912423901798,0.00872223301863198,0.0381506901645937,"ER_Positive_higher"
"SLC24A1","Luminal_Epithelial","ER_Positive","Normal","ER_Positive vs Normal",1.35434284741384,1.49901250709828,8.68269303921074,0.00872226414038255,0.0381506901645937,"ER_Positive_higher"
"SLC25A44","Luminal_Epithelial","ER_Positive","Normal","ER_Positive vs Normal",1.28800291001094,3.42110880774265,8.84798956976117,0.00872747592030306,0.0381623633846119,"ER_Positive_higher"
"TLE6","Luminal_Epithelial","ER_Positive","Normal","ER_Positive vs Normal",1.98231983261438,2.20429911533724,8.77925080300934,0.00874880354767103,0.0382444785435185,"ER_Positive_higher"
"UFM1","Luminal_Epithelial","ER_Positive","Normal","ER_Positive vs Normal",-1.0858955762576,7.00840960407092,8.84619849636751,0.00876670868561184,0.0383115891802495,"Normal_higher"
"IRX5","Luminal_Epithelial","ER_Positive","Normal","ER_Positive vs Normal",1.21724640069575,3.9140457118842,8.84224505370534,0.00877084277396592,0.0383184970913847,"ER_Positive_higher"
"NOCT","Luminal_Epithelial","ER_Positive","Normal","ER_Positive vs Normal",2.58931413038998,3.26886549616704,8.83314742094701,0.00877688712623188,0.0383337442093603,"ER_Positive_higher"
"PLEKHA4","Luminal_Epithelial","ER_Positive","Normal","ER_Positive vs Normal",-1.91904045446018,2.84016126884594,8.67915914893904,0.0087838260428257,0.0383528883982209,"Normal_higher"
"CLN3","Luminal_Epithelial","ER_Positive","Normal","ER_Positive vs Normal",1.26211909686206,6.03425032384338,8.83638773193759,0.00879840102608802,0.038401888752953,"ER_Positive_higher"
"IPO9-AS1","Luminal_Epithelial","ER_Positive","Normal","ER_Positive vs Normal",2.29147963695915,0.491709458735694,8.44028841703913,0.00880016628382791,0.038401888752953,"ER_Positive_higher"
"AC010226.4","Luminal_Epithelial","ER_Positive","Normal","ER_Positive vs Normal",2.40804102067145,0.241736152100135,8.37778020497588,0.0088057836558477,0.0384152311986356,"ER_Positive_higher"
"LINC00885","Luminal_Epithelial","ER_Positive","Normal","ER_Positive vs Normal",2.62745351160034,0.801433570628645,8.51020157564276,0.00881371780438513,0.0384386698896854,"ER_Positive_higher"
"CD44","Luminal_Epithelial","ER_Positive","Normal","ER_Positive vs Normal",-1.49240004766406,7.62532434151505,8.82874257723494,0.00881970118029891,0.0384535896608791,"Normal_higher"
"MIA3","Luminal_Epithelial","ER_Positive","Normal","ER_Positive vs Normal",1.07696832171743,5.17428918903985,8.82801225223323,0.00882854180763851,0.0384792047153917,"ER_Positive_higher"
"DEDD","Luminal_Epithelial","ER_Positive","Normal","ER_Positive vs Normal",1.02702112915402,4.35953421884137,8.82621386243266,0.00883070440726387,0.0384792047153917,"ER_Positive_higher"
"CBLC","Luminal_Epithelial","ER_Positive","Normal","ER_Positive vs Normal",-1.35699448516245,4.92119041285206,8.81501841841659,0.00885857637729481,0.0385894501289008,"Normal_higher"
"MOCOS","Luminal_Epithelial","ER_Positive","Normal","ER_Positive vs Normal",-1.20124993186864,2.7272684876404,8.69212235356256,0.00888423718705969,0.0386900021666294,"Normal_higher"
"HLX","Luminal_Epithelial","ER_Positive","Normal","ER_Positive vs Normal",2.31419079465309,-0.220502481429095,8.27986103584638,0.00888922158574297,0.038700478194733,"ER_Positive_higher"
"GHDC","Luminal_Epithelial","ER_Positive","Normal","ER_Positive vs Normal",1.16769937614463,3.43912374480043,8.79361154029166,0.00889680981112674,0.0387222809847967,"ER_Positive_higher"
"UHMK1","Luminal_Epithelial","ER_Positive","Normal","ER_Positive vs Normal",1.17403645343893,5.87800803396763,8.80046197013566,0.00891199231690198,0.0387771147288339,"ER_Positive_higher"
"ACTR1A","Luminal_Epithelial","ER_Positive","Normal","ER_Positive vs Normal",-1.0255701131419,4.8451530094758,8.79373651241115,0.00892829607476678,0.0388281423482337,"Normal_higher"
"LINC01001","Luminal_Epithelial","ER_Positive","Normal","ER_Positive vs Normal",-1.64104685871977,1.70128917084274,8.43729071995263,0.00894819679560411,0.0389006071386757,"Normal_higher"
"E4F1","Luminal_Epithelial","ER_Positive","Normal","ER_Positive vs Normal",1.18747221961525,4.39556298013451,8.78761670919045,0.00895333491417245,0.0389006071386757,"ER_Positive_higher"
"TRUB1","Luminal_Epithelial","ER_Positive","Normal","ER_Positive vs Normal",1.05724843109424,3.45817202652788,8.77047722101964,0.00896919457212596,0.0389494017712568,"ER_Positive_higher"
"RP11-498B4.5","Luminal_Epithelial","ER_Positive","Normal","ER_Positive vs Normal",3.90738322277813,0.77975472352383,8.34901201217209,0.00896975628183272,0.0389494017712568,"ER_Positive_higher"
"TSC2","Luminal_Epithelial","ER_Positive","Normal","ER_Positive vs Normal",1.0080153172716,4.18202471877113,8.7800347685959,0.00897270766075489,0.0389509470248622,"ER_Positive_higher"
"GPR143","Luminal_Epithelial","ER_Positive","Normal","ER_Positive vs Normal",1.866381745846,2.14661392471167,8.70152052831215,0.00897810307945107,0.0389512756359484,"ER_Positive_higher"
"ARPC1B","Luminal_Epithelial","ER_Positive","Normal","ER_Positive vs Normal",-1.31877197399609,7.30333358150437,8.77828227459023,0.00897911359052631,0.0389512756359484,"Normal_higher"
"XAF1","Luminal_Epithelial","ER_Positive","Normal","ER_Positive vs Normal",3.17723660323274,3.24833950454077,8.76662672094267,0.00898491877643615,0.0389512756359484,"ER_Positive_higher"
"IQUB","Luminal_Epithelial","ER_Positive","Normal","ER_Positive vs Normal",2.40032838668367,1.26188506684919,8.56771569159941,0.00898576106161481,0.0389512756359484,"ER_Positive_higher"
"RP11-89K10.1","Luminal_Epithelial","ER_Positive","Normal","ER_Positive vs Normal",2.86467938282047,-0.0029492474328567,8.22882328090295,0.00898910849243432,0.0389545339722674,"ER_Positive_higher"
"PRPF38B","Luminal_Epithelial","ER_Positive","Normal","ER_Positive vs Normal",-1.00046250324288,6.2202635459121,8.77405507673919,0.00899640875451415,0.0389749151786934,"Normal_higher"
"SCAMP5","Luminal_Epithelial","ER_Positive","Normal","ER_Positive vs Normal",1.88873531152541,1.31152861022217,8.57424621664758,0.00900821776117215,0.0390148121044474,"ER_Positive_higher"
"WDR31","Luminal_Epithelial","ER_Positive","Normal","ER_Positive vs Normal",1.20516337086581,2.00278223419692,8.66315220877484,0.00901799228227838,0.0390458771437252,"ER_Positive_higher"
"BIRC3","Luminal_Epithelial","ER_Positive","Normal","ER_Positive vs Normal",-2.25033278351678,6.78419967737856,8.76431376461356,0.00902847998413679,0.0390714335974756,"Normal_higher"
"ZNF526","Luminal_Epithelial","ER_Positive","Normal","ER_Positive vs Normal",-1.04605285856597,2.3814412749461,8.61106831558717,0.00902910186686516,0.0390714335974756,"Normal_higher"
"ALKBH2","Luminal_Epithelial","ER_Positive","Normal","ER_Positive vs Normal",-1.08290782735947,4.87186647551148,8.75862489983724,0.0090398753686816,0.0390997664239483,"Normal_higher"
"IGFLR1","Luminal_Epithelial","ER_Positive","Normal","ER_Positive vs Normal",2.4055862209069,-0.0481371920618679,8.25194819899461,0.00904258624218858,0.0390997664239483,"ER_Positive_higher"
"AC010504.2","Luminal_Epithelial","ER_Positive","Normal","ER_Positive vs Normal",2.8238999884308,-1.08759250627104,8.10101404060503,0.009043795177807,0.0390997664239483,"ER_Positive_higher"
"ANKRD13A","Luminal_Epithelial","ER_Positive","Normal","ER_Positive vs Normal",-1.26083702345019,3.49447474750613,8.71410203852805,0.00904607110174908,0.0390997664239483,"Normal_higher"
"CYBRD1","Luminal_Epithelial","ER_Positive","Normal","ER_Positive vs Normal",3.09208195925934,5.48072868638642,8.74833900771045,0.00908155319369791,0.0392368370882571,"ER_Positive_higher"
"C2orf40","Luminal_Epithelial","ER_Positive","Normal","ER_Positive vs Normal",-3.08555723584072,1.50791546120579,8.30467406041795,0.00908301273036617,0.0392368370882571,"Normal_higher"
"TRIT1","Luminal_Epithelial","ER_Positive","Normal","ER_Positive vs Normal",-1.02625790364986,3.14053806421125,8.68024604752834,0.00909447229013514,0.0392750347217433,"Normal_higher"
"RP11-489E7.4","Luminal_Epithelial","ER_Positive","Normal","ER_Positive vs Normal",-1.66636559942098,2.00159106985661,8.44425392439196,0.0091187384320315,0.0393685004745387,"Normal_higher"
"GHR","Luminal_Epithelial","ER_Positive","Normal","ER_Positive vs Normal",2.21835300059658,1.45317413034369,8.56253456588063,0.00913696305194235,0.03943583679048,"ER_Positive_higher"
"TFAP2C","Luminal_Epithelial","ER_Positive","Normal","ER_Positive vs Normal",1.49760667174557,5.19808675401368,8.72795739251352,0.00914677081967329,0.0394668170473942,"ER_Positive_higher"
"THAP9-AS1","Luminal_Epithelial","ER_Positive","Normal","ER_Positive vs Normal",-1.68116262389993,5.06527191641487,8.7206586032086,0.00915812360325732,0.0395044440684342,"Normal_higher"
"RNPC3","Luminal_Epithelial","ER_Positive","Normal","ER_Positive vs Normal",1.18010602976947,3.85282776587052,8.7141381723486,0.00917568108387757,0.039560505438733,"ER_Positive_higher"
"SLC6A6","Luminal_Epithelial","ER_Positive","Normal","ER_Positive vs Normal",-1.58867644272179,2.98026297306495,8.60674251247207,0.00917639231240284,0.039560505438733,"Normal_higher"
"CYP4F11","Luminal_Epithelial","ER_Positive","Normal","ER_Positive vs Normal",-2.22709472610472,2.07286330376197,8.36975956578258,0.0091801112107556,0.0395651720102841,"Normal_higher"
"THNSL2","Luminal_Epithelial","ER_Positive","Normal","ER_Positive vs Normal",1.14165743988118,3.99216679838494,8.70730877126684,0.00920299334164381,0.0396524034102925,"ER_Positive_higher"
"RP1-151F17.1","Luminal_Epithelial","ER_Positive","Normal","ER_Positive vs Normal",3.13145021859201,0.186535636593775,8.19974430379557,0.00922554189617398,0.0397267452613724,"ER_Positive_higher"
"ZNF587","Luminal_Epithelial","ER_Positive","Normal","ER_Positive vs Normal",1.93217580631958,4.51946361582468,8.70224245774847,0.00923276971121736,0.039746464445278,"ER_Positive_higher"
"PDGFD","Luminal_Epithelial","ER_Positive","Normal","ER_Positive vs Normal",3.16075022856255,-0.00281974517454311,8.13773531821255,0.00924745790789754,0.0397982795594547,"ER_Positive_higher"
"AKAP3","Luminal_Epithelial","ER_Positive","Normal","ER_Positive vs Normal",-1.6434429336663,-0.76091871209896,8.36133548299912,0.00925305155024147,0.0398109359559845,"Normal_higher"
"PVALB","Luminal_Epithelial","ER_Positive","Normal","ER_Positive vs Normal",5.39590495847498,1.83003592013725,8.34296237667052,0.00926437645087463,0.0398482365715895,"ER_Positive_higher"
"DOCK10","Luminal_Epithelial","ER_Positive","Normal","ER_Positive vs Normal",2.39469756022429,0.0410031907518836,8.19998874924207,0.00928598894316506,0.0399297524556098,"ER_Positive_higher"
"CCDC153","Luminal_Epithelial","ER_Positive","Normal","ER_Positive vs Normal",2.1392765742367,1.72846907900935,8.55369470396735,0.00930770264178764,0.0399846081950134,"ER_Positive_higher"
"RBM47","Luminal_Epithelial","ER_Positive","Normal","ER_Positive vs Normal",1.05545820892627,6.57484448425108,8.67702882857866,0.00930793322282261,0.0399846081950134,"ER_Positive_higher"
"ATP6V0E2-AS1","Luminal_Epithelial","ER_Positive","Normal","ER_Positive vs Normal",1.76372125423028,0.530778222286163,8.31558553194476,0.009308407738277,0.0399846081950134,"ER_Positive_higher"
"TRAF2","Luminal_Epithelial","ER_Positive","Normal","ER_Positive vs Normal",-1.39286221696645,4.05125664912431,8.6569744068368,0.00930940368050755,0.0399846081950134,"Normal_higher"
"IL10RB","Luminal_Epithelial","ER_Positive","Normal","ER_Positive vs Normal",-1.06734963718125,3.80033453034727,8.6439513611947,0.00934380990201031,0.0401209027752414,"Normal_higher"
"ZDHHC7","Luminal_Epithelial","ER_Positive","Normal","ER_Positive vs Normal",-1.17769908561744,3.61538002927626,8.62727408191401,0.00936179705456205,0.0401866385577268,"Normal_higher"
"RPS6KA4","Luminal_Epithelial","ER_Positive","Normal","ER_Positive vs Normal",-1.32778321884413,2.87903543579534,8.55897670340509,0.00936710844819793,0.0401979400863901,"Normal_higher"
"CANT1","Luminal_Epithelial","ER_Positive","Normal","ER_Positive vs Normal",1.60366455205638,5.82499172352078,8.65559890273733,0.00938304170969499,0.0402433000678459,"ER_Positive_higher"
"RPS6KC1","Luminal_Epithelial","ER_Positive","Normal","ER_Positive vs Normal",1.25418282914323,3.28804930128922,8.63857160158182,0.00938970701924014,0.0402603809250676,"ER_Positive_higher"
"KDM6B","Luminal_Epithelial","ER_Positive","Normal","ER_Positive vs Normal",1.66644669670714,5.18926062764913,8.6528001086521,0.00939505255558895,0.0402717948305408,"ER_Positive_higher"
"TRAPPC1","Luminal_Epithelial","ER_Positive","Normal","ER_Positive vs Normal",-1.20870281314499,7.44087020240171,8.64907045761217,0.0094009454723084,0.0402753526515066,"Normal_higher"
"PRR5L","Luminal_Epithelial","ER_Positive","Normal","ER_Positive vs Normal",-1.88725418780847,-0.422895997188769,8.31080764368922,0.0094013013985239,0.0402753526515066,"Normal_higher"
"PIGN","Luminal_Epithelial","ER_Positive","Normal","ER_Positive vs Normal",1.20246162318246,3.02201457880775,8.62400125761178,0.00940630151226815,0.0402753526515066,"ER_Positive_higher"
"BOC","Luminal_Epithelial","ER_Positive","Normal","ER_Positive vs Normal",-2.28610538742028,0.390767931480241,8.26638222770554,0.00940661764799965,0.0402753526515066,"Normal_higher"
"PPIB","Luminal_Epithelial","ER_Positive","Normal","ER_Positive vs Normal",-1.18678401909045,8.65878867220827,8.64386165882987,0.00941585051247593,0.0403006124263353,"Normal_higher"
"C1QBP","Luminal_Epithelial","ER_Positive","Normal","ER_Positive vs Normal",-1.10942694097808,7.88580087095216,8.64354294204314,0.00941788817079748,0.0403006124263353,"Normal_higher"
"RP11-468N14.13","Luminal_Epithelial","ER_Positive","Normal","ER_Positive vs Normal",4.0648552855541,-1.13313222554999,8.05340107330985,0.00942912401873112,0.0403371904643951,"ER_Positive_higher"
"CMTM3","Luminal_Epithelial","ER_Positive","Normal","ER_Positive vs Normal",-1.78690185502033,2.7823851483764,8.48767487443309,0.00943552182402977,0.0403530567150797,"Normal_higher"
"FAM50A","Luminal_Epithelial","ER_Positive","Normal","ER_Positive vs Normal",-1.01818414402451,6.0052111714118,8.63425982692557,0.00945621708005485,0.0404300426553798,"Normal_higher"
"SPDYE5","Luminal_Epithelial","ER_Positive","Normal","ER_Positive vs Normal",2.58609934404972,-1.74324119215192,8.01545067890004,0.00946797255659586,0.0404687736134532,"ER_Positive_higher"
"RBX1","Luminal_Epithelial","ER_Positive","Normal","ER_Positive vs Normal",-1.22601400376105,8.13455007657358,8.62655801775412,0.00947461272109122,0.0404856244605399,"Normal_higher"
"KIF18A","Luminal_Epithelial","ER_Positive","Normal","ER_Positive vs Normal",1.96215355269984,0.285034703877223,8.20784825153364,0.0094934433793916,0.0405545416437602,"ER_Positive_higher"
"TP53TG1","Luminal_Epithelial","ER_Positive","Normal","ER_Positive vs Normal",1.89942809639387,6.548728206756,8.61739702103463,0.0095079040472554,0.0405982869665274,"ER_Positive_higher"
"ZNF317","Luminal_Epithelial","ER_Positive","Normal","ER_Positive vs Normal",-1.03867568145837,2.64270331535979,8.50655499356473,0.00950909433513318,0.0405982869665274,"Normal_higher"
"MX2","Luminal_Epithelial","ER_Positive","Normal","ER_Positive vs Normal",2.16686274295769,0.150322488034628,8.17390917812054,0.00951766289089528,0.040623312572146,"ER_Positive_higher"
"RAB42","Luminal_Epithelial","ER_Positive","Normal","ER_Positive vs Normal",-2.52593639352919,1.42674492840866,8.17348176521182,0.00952876104567225,0.0406423411366548,"Normal_higher"
"CRAMP1","Luminal_Epithelial","ER_Positive","Normal","ER_Positive vs Normal",1.04439656980576,2.76941496700334,8.5726874823391,0.00953250901541508,0.0406423411366548,"ER_Positive_higher"
"KCNQ1","Luminal_Epithelial","ER_Positive","Normal","ER_Positive vs Normal",-2.41083327483718,1.35691312146252,8.1728896041283,0.00953295400819783,0.0406423411366548,"Normal_higher"
"RP11-1000B6.3","Luminal_Epithelial","ER_Positive","Normal","ER_Positive vs Normal",2.6940513641308,3.51346891729449,8.59819039540199,0.00955986295941627,0.0407454880522465,"ER_Positive_higher"
"KREMEN2","Luminal_Epithelial","ER_Positive","Normal","ER_Positive vs Normal",3.83741513628704,1.83293378059131,8.45450114280211,0.0095712556306878,0.0407678539550684,"ER_Positive_higher"
"DUOX1","Luminal_Epithelial","ER_Positive","Normal","ER_Positive vs Normal",-1.83670654738019,0.524881342947887,8.1810080233365,0.00957444715027708,0.0407678539550684,"Normal_higher"
"SLC2A8","Luminal_Epithelial","ER_Positive","Normal","ER_Positive vs Normal",1.03197616209953,3.46327358806095,8.586953219107,0.00957655547295833,0.0407678539550684,"ER_Positive_higher"
"TST","Luminal_Epithelial","ER_Positive","Normal","ER_Positive vs Normal",1.46285406046287,4.49998643917074,8.59860882975494,0.00957869347941434,0.0407678539550684,"ER_Positive_higher"
"AGO2","Luminal_Epithelial","ER_Positive","Normal","ER_Positive vs Normal",-1.15244292549338,4.46393802786089,8.58916304621082,0.00958448874827181,0.0407809534009966,"Normal_higher"
"ALOX15B","Luminal_Epithelial","ER_Positive","Normal","ER_Positive vs Normal",3.34559427405227,3.41947277122419,8.58538810594404,0.00959877638873953,0.0408301692930312,"ER_Positive_higher"
"MICU3","Luminal_Epithelial","ER_Positive","Normal","ER_Positive vs Normal",-2.83120724435378,-0.115972823303316,8.26888504127216,0.009612807487959,0.0408711364644156,"Normal_higher"
"STBD1","Luminal_Epithelial","ER_Positive","Normal","ER_Positive vs Normal",2.74249257980341,2.12286269997975,8.51247539807711,0.00961385431594502,0.0408711364644156,"ER_Positive_higher"
"NET1","Luminal_Epithelial","ER_Positive","Normal","ER_Positive vs Normal",2.30195980599052,6.67054759367419,8.57974295977863,0.00963691124490308,0.0409575550983462,"ER_Positive_higher"
"ADORA1","Luminal_Epithelial","ER_Positive","Normal","ER_Positive vs Normal",-2.15373135843776,1.25543670033088,8.14464389328103,0.00964556692160296,0.0409802259084964,"Normal_higher"
"HSBP1","Luminal_Epithelial","ER_Positive","Normal","ER_Positive vs Normal",-1.16636287396579,8.36089371611328,8.57483233798828,0.00965108313126136,0.0409829667659421,"Normal_higher"
"CYR61","Luminal_Epithelial","ER_Positive","Normal","ER_Positive vs Normal",-2.10252443935271,7.5630467457197,8.57247086344402,0.00966321675707818,0.0410228836982948,"Normal_higher"
"KREMEN1","Luminal_Epithelial","ER_Positive","Normal","ER_Positive vs Normal",-1.93680445036327,2.10982216698691,8.27242955349132,0.00968427390191811,0.0411006500130331,"Normal_higher"
"CYP27B1","Luminal_Epithelial","ER_Positive","Normal","ER_Positive vs Normal",-1.97530973917364,1.76525210915073,8.21138063153975,0.00968760033657704,0.0411031434127825,"Normal_higher"
"PATL2","Luminal_Epithelial","ER_Positive","Normal","ER_Positive vs Normal",-1.63291720968897,-0.409217309858119,8.22397205525892,0.00969437582429361,0.0411202651201736,"Normal_higher"
"RP11-148B18.1","Luminal_Epithelial","ER_Positive","Normal","ER_Positive vs Normal",-1.89447406435218,1.93449370435025,8.23732071106431,0.0097207730232149,0.0412113105755928,"Normal_higher"
"HSBP1L1","Luminal_Epithelial","ER_Positive","Normal","ER_Positive vs Normal",-1.14938658992605,6.63575990436271,8.55627246619766,0.0097213326739254,0.0412113105755928,"Normal_higher"
"ANO1","Luminal_Epithelial","ER_Positive","Normal","ER_Positive vs Normal",2.10138672847289,3.70738614220117,8.55183060599463,0.00972559891439991,0.041217752868794,"ER_Positive_higher"
"POLG2","Luminal_Epithelial","ER_Positive","Normal","ER_Positive vs Normal",1.30437581942799,3.44948108833604,8.54299669532808,0.00973222147404485,0.0412341749466378,"ER_Positive_higher"
"LRP3","Luminal_Epithelial","ER_Positive","Normal","ER_Positive vs Normal",1.57157846679006,2.50315042402489,8.50322050935712,0.00973740394691995,0.0412444880133863,"ER_Positive_higher"
"GINS3","Luminal_Epithelial","ER_Positive","Normal","ER_Positive vs Normal",-1.15983090651025,0.956040683678881,8.13627271426024,0.00974624792371661,0.041270299828221,"Normal_higher"
"NIFK","Luminal_Epithelial","ER_Positive","Normal","ER_Positive vs Normal",-1.21384867220122,6.12782145691978,8.54760806232837,0.00975377398421907,0.0412905179636603,"Normal_higher"
"HIST1H4A","Luminal_Epithelial","ER_Positive","Normal","ER_Positive vs Normal",2.50869208442585,-1.06592845166647,7.92952332001691,0.00982707588627064,0.0415890941413602,"ER_Positive_higher"
"LTF","Luminal_Epithelial","ER_Positive","Normal","ER_Positive vs Normal",-4.19279429442983,10.2557538636447,8.52208432657932,0.00983629834945342,0.0416163883084994,"Normal_higher"
"MED31","Luminal_Epithelial","ER_Positive","Normal","ER_Positive vs Normal",-1.12277024724087,5.36732923015545,8.51520227108962,0.00986819698674476,0.0417278197182527,"Normal_higher"
"NOV","Luminal_Epithelial","ER_Positive","Normal","ER_Positive vs Normal",-2.03066034578517,0.0837728280456372,8.15482733148983,0.00987779100982067,0.0417566224463039,"Normal_higher"
"AZIN1-AS1","Luminal_Epithelial","ER_Positive","Normal","ER_Positive vs Normal",1.3762228549061,3.43207586982339,8.49824555483207,0.00988887406152376,0.04178196257063,"ER_Positive_higher"
"PLEKHA7","Luminal_Epithelial","ER_Positive","Normal","ER_Positive vs Normal",1.58950556313748,1.60541481732073,8.3657245891668,0.00988935370499618,0.04178196257063,"ER_Positive_higher"
"AFMID","Luminal_Epithelial","ER_Positive","Normal","ER_Positive vs Normal",1.32517035243541,5.0479797616746,8.50506312981273,0.00990546161664752,0.041838238806932,"ER_Positive_higher"
"RP11-362K14.5","Luminal_Epithelial","ER_Positive","Normal","ER_Positive vs Normal",2.62348989249206,-0.497466919161119,7.94332587717673,0.00990896660631163,0.0418412667025657,"ER_Positive_higher"
"TCEAL2","Luminal_Epithelial","ER_Positive","Normal","ER_Positive vs Normal",-2.61085372285982,0.161977723414905,8.16826463506018,0.00993840309228154,0.0419537595515806,"Normal_higher"
"ZNF300","Luminal_Epithelial","ER_Positive","Normal","ER_Positive vs Normal",-2.12246353633449,0.0829279649215622,8.14596205141641,0.00994136836789656,0.0419544755615927,"Normal_higher"
"MAZ","Luminal_Epithelial","ER_Positive","Normal","ER_Positive vs Normal",1.0399026520288,5.89986717808789,8.48922899316414,0.00995814546763003,0.0420134633209794,"ER_Positive_higher"
"RP11-158H5.8","Luminal_Epithelial","ER_Positive","Normal","ER_Positive vs Normal",-1.67420022906413,-0.720389722902953,8.16583387770633,0.00997190220259807,0.0420529113022599,"Normal_higher"
"ACSM1","Luminal_Epithelial","ER_Positive","Normal","ER_Positive vs Normal",2.49819748726409,2.30743013627546,8.42880848847039,0.00997309997499453,0.0420529113022599,"ER_Positive_higher"
"NLRP1","Luminal_Epithelial","ER_Positive","Normal","ER_Positive vs Normal",-2.49837088211178,-0.130587343013434,8.16394914460923,0.00998625417277663,0.0420858863003144,"Normal_higher"
"ADAMTS15","Luminal_Epithelial","ER_Positive","Normal","ER_Positive vs Normal",3.58294188710662,2.08458210120739,8.38752484111832,0.00998652902748181,0.0420858863003144,"ER_Positive_higher"
"B4GALNT4","Luminal_Epithelial","ER_Positive","Normal","ER_Positive vs Normal",1.52081043379522,2.58381433623195,8.43603151386151,0.00999389813268013,0.0421051177083466,"ER_Positive_higher"
"MT-CO2","Luminal_Epithelial","ER_Positive","Normal","ER_Positive vs Normal",1.49340067313383,13.647684044973,8.47538228299341,0.0100004772588791,0.042118553196978,"ER_Positive_higher"
"EFHC2","Luminal_Epithelial","ER_Positive","Normal","ER_Positive vs Normal",3.76627479007966,0.311393383659325,7.94853020695419,0.0100027003127893,0.042118553196978,"ER_Positive_higher"
"RPF1","Luminal_Epithelial","ER_Positive","Normal","ER_Positive vs Normal",-1.45295218773179,5.20347694920289,8.46935940486454,0.0100272606314234,0.0422086723345463,"Normal_higher"
"RP13-650J16.1","Luminal_Epithelial","ER_Positive","Normal","ER_Positive vs Normal",1.6249365658334,0.0381099435380808,8.03446653516184,0.010030112229775,0.0422086723345463,"ER_Positive_higher"
"C9orf91","Luminal_Epithelial","ER_Positive","Normal","ER_Positive vs Normal",1.21220724729058,2.99524710858329,8.44356954975753,0.0100348173791186,0.0422086723345463,"ER_Positive_higher"
"IGSF9","Luminal_Epithelial","ER_Positive","Normal","ER_Positive vs Normal",1.72085497179109,2.67684797044208,8.43211452574704,0.0100353530278977,0.0422086723345463,"ER_Positive_higher"
"PIK3R4","Luminal_Epithelial","ER_Positive","Normal","ER_Positive vs Normal",1.31598805145068,2.82085288058653,8.43304851071026,0.0100465931301168,0.0422416194149673,"ER_Positive_higher"
"KIF1B","Luminal_Epithelial","ER_Positive","Normal","ER_Positive vs Normal",-1.03148156589118,3.95437422230106,8.4474656977486,0.010048815973308,0.0422416194149673,"Normal_higher"
"ERBB3","Luminal_Epithelial","ER_Positive","Normal","ER_Positive vs Normal",1.28933572242662,6.26709278109481,8.46178935368513,0.0100548774950347,0.0422552636706766,"ER_Positive_higher"
"KLF9","Luminal_Epithelial","ER_Positive","Normal","ER_Positive vs Normal",1.62287943181249,4.46795228583887,8.46018208202579,0.010066627738162,0.0422928002426084,"ER_Positive_higher"
"SKIL","Luminal_Epithelial","ER_Positive","Normal","ER_Positive vs Normal",2.02610821076665,5.77418394974255,8.44796558203373,0.0101078335803204,0.0424540326168119,"ER_Positive_higher"
"HERC4","Luminal_Epithelial","ER_Positive","Normal","ER_Positive vs Normal",-1.0216633466874,4.61604443632986,8.44004032818169,0.0101227152385479,0.0425046411821176,"Normal_higher"
"PSMB6","Luminal_Epithelial","ER_Positive","Normal","ER_Positive vs Normal",-1.48407400727215,8.13873859715483,8.43885143877619,0.010135234906589,0.0425419195900347,"Normal_higher"
"DENND2C","Luminal_Epithelial","ER_Positive","Normal","ER_Positive vs Normal",-2.5902049105388,0.721393850217152,8.06584790345166,0.0101374788605742,0.0425419195900347,"Normal_higher"
"SNRNP48","Luminal_Epithelial","ER_Positive","Normal","ER_Positive vs Normal",-1.17579014290375,3.97269760348446,8.42117561671535,0.0101400977126377,0.0425419195900347,"Normal_higher"
"TTI2","Luminal_Epithelial","ER_Positive","Normal","ER_Positive vs Normal",-1.12036498806088,2.82057612512934,8.34363812494414,0.0101473396049989,0.0425604039832918,"Normal_higher"
"NUP50-AS1","Luminal_Epithelial","ER_Positive","Normal","ER_Positive vs Normal",-1.28308112218807,2.20485481330494,8.24716081434418,0.010151218597366,0.0425647771697879,"Normal_higher"
"FO538757.2","Luminal_Epithelial","ER_Positive","Normal","ER_Positive vs Normal",1.40596256013416,4.57230152008883,8.43379873680494,0.0101625441413644,0.0425903205569092,"ER_Positive_higher"
"CX3CL1","Luminal_Epithelial","ER_Positive","Normal","ER_Positive vs Normal",-3.21094690816449,5.37038125840501,8.40822925780189,0.0101926647492375,0.0426940429237989,"Normal_higher"
"TRERF1","Luminal_Epithelial","ER_Positive","Normal","ER_Positive vs Normal",1.64870264342196,2.60668162035418,8.38444776142091,0.0101934267872307,0.0426940429237989,"ER_Positive_higher"
"ACY3","Luminal_Epithelial","ER_Positive","Normal","ER_Positive vs Normal",3.20831251504086,-0.283543170999403,7.83753881092617,0.01019896384528,0.042705315409073,"ER_Positive_higher"
"SULT1A2","Luminal_Epithelial","ER_Positive","Normal","ER_Positive vs Normal",2.91073917843658,2.65602962607873,8.38164096308796,0.0102291873100601,0.0428060631658896,"ER_Positive_higher"
"ARHGAP40","Luminal_Epithelial","ER_Positive","Normal","ER_Positive vs Normal",3.03798585170255,2.70841177720944,8.38423269302335,0.0102306266880659,0.0428060631658896,"ER_Positive_higher"
"PHF13","Luminal_Epithelial","ER_Positive","Normal","ER_Positive vs Normal",1.29942437469013,3.79964385633562,8.40996442091655,0.0102315818335474,0.0428060631658896,"ER_Positive_higher"
"PARN","Luminal_Epithelial","ER_Positive","Normal","ER_Positive vs Normal",1.03774299239001,4.01584868203588,8.40984014805053,0.010238461834172,0.0428229087919228,"ER_Positive_higher"
"RPS10","Luminal_Epithelial","ER_Positive","Normal","ER_Positive vs Normal",-1.75215469164338,9.1755696050569,8.407181400925,0.0102502522163766,0.0428390033102879,"Normal_higher"
"SERTAD3","Luminal_Epithelial","ER_Positive","Normal","ER_Positive vs Normal",1.19530556755629,6.22725321216897,8.40827909886398,0.0102508736514456,0.0428390033102879,"ER_Positive_higher"
"LINC00893","Luminal_Epithelial","ER_Positive","Normal","ER_Positive vs Normal",1.38459409615261,1.64181491819338,8.26727197375631,0.0102579935722785,0.0428568233683697,"ER_Positive_higher"
"POT1","Luminal_Epithelial","ER_Positive","Normal","ER_Positive vs Normal",1.23448443268148,3.68870794810753,8.39919166279279,0.0102644961056858,0.0428660989291386,"ER_Positive_higher"
"LAMTOR5","Luminal_Epithelial","ER_Positive","Normal","ER_Positive vs Normal",-1.33099077404794,8.10406192968282,8.40333323175664,0.010265926537704,0.0428660989291386,"Normal_higher"
"SSX2IP","Luminal_Epithelial","ER_Positive","Normal","ER_Positive vs Normal",1.42135760076038,2.74660651979696,8.36970926411428,0.0102690880064499,0.0428673723818619,"ER_Positive_higher"
"MUC20","Luminal_Epithelial","ER_Positive","Normal","ER_Positive vs Normal",-1.90592851735158,1.85731337236897,8.08179379228386,0.0102857305991479,0.0429249052006152,"Normal_higher"
"ZNF512","Luminal_Epithelial","ER_Positive","Normal","ER_Positive vs Normal",1.19791925808612,2.90082987764937,8.3703829926188,0.0102888986541337,0.0429261890749469,"ER_Positive_higher"
"WBP5","Luminal_Epithelial","ER_Positive","Normal","ER_Positive vs Normal",-1.95133364388791,5.77032121443316,8.39648805628883,0.0102985067469291,0.0429543331715299,"Normal_higher"
"CTD-2366F13.1","Luminal_Epithelial","ER_Positive","Normal","ER_Positive vs Normal",1.97559484466131,1.93873277692933,8.29705368854387,0.0103109794766713,0.042994406503586,"ER_Positive_higher"
"RP11-496I9.1","Luminal_Epithelial","ER_Positive","Normal","ER_Positive vs Normal",2.01615606100468,1.90173507066494,8.29489831511325,0.0103173596811156,0.0430090602040284,"ER_Positive_higher"
"AUTS2","Luminal_Epithelial","ER_Positive","Normal","ER_Positive vs Normal",1.80637696297658,4.41466343344111,8.39062572927634,0.0103224039645854,0.0430181383772657,"ER_Positive_higher"
"EIF3B","Luminal_Epithelial","ER_Positive","Normal","ER_Positive vs Normal",-1.09257450080694,5.32450558477856,8.38770209363265,0.0103315557200381,0.0430443244560276,"Normal_higher"
"FAM134B","Luminal_Epithelial","ER_Positive","Normal","ER_Positive vs Normal",2.56914348877465,4.63233735276498,8.38772409819475,0.0103363685515312,0.0430524237726418,"ER_Positive_higher"
"CELSR2","Luminal_Epithelial","ER_Positive","Normal","ER_Positive vs Normal",1.68276442823455,4.14124878710253,8.38356273140713,0.0103436191255601,0.0430693276014613,"ER_Positive_higher"
"CENPBD1","Luminal_Epithelial","ER_Positive","Normal","ER_Positive vs Normal",-1.2207248469379,2.37273477472046,8.22874484303875,0.0103461668556852,0.0430693276014613,"Normal_higher"
"PAQR6","Luminal_Epithelial","ER_Positive","Normal","ER_Positive vs Normal",2.23525612226927,0.827656544314892,8.10568698303749,0.0103510652622311,0.0430715373140824,"ER_Positive_higher"
"RP11-932O9.7","Luminal_Epithelial","ER_Positive","Normal","ER_Positive vs Normal",2.68500858610416,-1.23085981390297,7.77920778796275,0.0103524378684544,0.0430715373140824,"ER_Positive_higher"
"GDF9","Luminal_Epithelial","ER_Positive","Normal","ER_Positive vs Normal",1.46184669960924,-0.463718752522731,7.92173124010066,0.0103668772670993,0.0431196583002659,"ER_Positive_higher"
"GLCE","Luminal_Epithelial","ER_Positive","Normal","ER_Positive vs Normal",1.20127829512521,4.17812205344942,8.37464985622444,0.0103754025729155,0.0431333734795465,"ER_Positive_higher"
"ZBTB37","Luminal_Epithelial","ER_Positive","Normal","ER_Positive vs Normal",1.26603062186452,2.48501450566338,8.32416459347676,0.0103759231199549,0.0431333734795465,"ER_Positive_higher"
"SMIM14","Luminal_Epithelial","ER_Positive","Normal","ER_Positive vs Normal",1.33541823784397,7.83506343002726,8.37044210824015,0.0103876536695104,0.043170179622914,"ER_Positive_higher"
"PCP2","Luminal_Epithelial","ER_Positive","Normal","ER_Positive vs Normal",2.26672876649161,2.71314253846917,8.33860701538051,0.0104004087195702,0.0432112219420237,"ER_Positive_higher"
"NEURL1","Luminal_Epithelial","ER_Positive","Normal","ER_Positive vs Normal",2.73951884633105,2.23404377823965,8.30713592701159,0.0104034734476952,0.043211991704833,"ER_Positive_higher"
"MUCL1","Luminal_Epithelial","ER_Positive","Normal","ER_Positive vs Normal",6.1076479457112,10.2953856823317,8.3646217806133,0.0104085927607085,0.043221292628653,"ER_Positive_higher"
"NPY1R","Luminal_Epithelial","ER_Positive","Normal","ER_Positive vs Normal",5.1194513102177,5.45817536333606,8.35364679254007,0.0104669548252913,0.0434275894562195,"ER_Positive_higher"
"RP11-77H9.2","Luminal_Epithelial","ER_Positive","Normal","ER_Positive vs Normal",-1.67808660589217,-0.462010453084219,8.02670711523587,0.0104760588578054,0.0434282833162699,"Normal_higher"
"ITM2C","Luminal_Epithelial","ER_Positive","Normal","ER_Positive vs Normal",-2.31103255296413,3.69940828091648,8.27372383007368,0.0104772057918513,0.0434282833162699,"Normal_higher"
"RP11-347C12.11","Luminal_Epithelial","ER_Positive","Normal","ER_Positive vs Normal",1.96133153206745,-1.48180000383969,7.80265208664387,0.0104775910736891,0.0434282833162699,"ER_Positive_higher"
"ARX","Luminal_Epithelial","ER_Positive","Normal","ER_Positive vs Normal",3.47546943258662,-0.139112373259561,7.76696443158772,0.0104786975336985,0.0434282833162699,"ER_Positive_higher"
"ENO2","Luminal_Epithelial","ER_Positive","Normal","ER_Positive vs Normal",-1.78888559170801,4.058510682684,8.31682874567522,0.0104936641116218,0.0434480558867617,"Normal_higher"
"TRAPPC4","Luminal_Epithelial","ER_Positive","Normal","ER_Positive vs Normal",-1.12072861435491,6.1599266263062,8.3437604162715,0.0104966739177918,0.0434480558867617,"Normal_higher"
"SULT1A3","Luminal_Epithelial","ER_Positive","Normal","ER_Positive vs Normal",2.45504737371462,0.893521576100385,8.07025507946828,0.0105000510746093,0.0434480558867617,"ER_Positive_higher"
"FADS3","Luminal_Epithelial","ER_Positive","Normal","ER_Positive vs Normal",-1.23172343823127,4.05004547088844,8.32572356513873,0.0105008395216422,0.0434480558867617,"Normal_higher"
"MTF2","Luminal_Epithelial","ER_Positive","Normal","ER_Positive vs Normal",-1.03750433901307,4.64328585404294,8.33746466018294,0.0105062293215063,0.0434583747044778,"Normal_higher"
"WDR3","Luminal_Epithelial","ER_Positive","Normal","ER_Positive vs Normal",-1.17488928378028,3.4915211267332,8.2993638862899,0.0105144558032628,0.0434804183630655,"Normal_higher"
"RP11-429J17.7","Luminal_Epithelial","ER_Positive","Normal","ER_Positive vs Normal",2.12349571905852,-0.592084475194555,7.83564499122917,0.0105217682063152,0.0434946924794472,"ER_Positive_higher"
"TBC1D8","Luminal_Epithelial","ER_Positive","Normal","ER_Positive vs Normal",1.74184952171931,4.73204576651109,8.33749584415563,0.0105237041642482,0.0434946924794472,"ER_Positive_higher"
"ZNF718","Luminal_Epithelial","ER_Positive","Normal","ER_Positive vs Normal",1.93908390699021,1.74811616468192,8.22055478858396,0.0105285309547955,0.0435026608035837,"ER_Positive_higher"
"GIPR","Luminal_Epithelial","ER_Positive","Normal","ER_Positive vs Normal",1.37172287531894,0.944072372651174,8.07416112526523,0.0105386600964048,0.0435233405349459,"ER_Positive_higher"
"USP2-AS1","Luminal_Epithelial","ER_Positive","Normal","ER_Positive vs Normal",-2.65592494167078,-0.294121068910889,8.02919600613687,0.0105393362766704,0.0435233405349459,"Normal_higher"
"DMKN","Luminal_Epithelial","ER_Positive","Normal","ER_Positive vs Normal",-1.51369979294342,6.4872989117897,8.33084361862795,0.0105449456293491,0.0435286846078359,"Normal_higher"
"TMEM126A","Luminal_Epithelial","ER_Positive","Normal","ER_Positive vs Normal",-1.09981006522223,5.93813176720464,8.33020897953937,0.0105492171150519,0.0435286846078359,"Normal_higher"
"TIGAR","Luminal_Epithelial","ER_Positive","Normal","ER_Positive vs Normal",-1.39942037331516,3.23346480235291,8.26272518976088,0.0105522325983412,0.0435286846078359,"Normal_higher"
"MPHOSPH9","Luminal_Epithelial","ER_Positive","Normal","ER_Positive vs Normal",1.50225412858036,2.19110305468585,8.25428785090013,0.0105645542072898,0.0435675364080238,"ER_Positive_higher"
"STK26","Luminal_Epithelial","ER_Positive","Normal","ER_Positive vs Normal",-1.5929436822233,2.05705171592667,8.07792823520401,0.0105767648263296,0.0436059092716288,"Normal_higher"
"LYSMD1","Luminal_Epithelial","ER_Positive","Normal","ER_Positive vs Normal",1.35184588262953,1.28425800950932,8.12245120080814,0.0105910635531448,0.0436489824055952,"ER_Positive_higher"
"RP11-420N3.2","Luminal_Epithelial","ER_Positive","Normal","ER_Positive vs Normal",2.96632707187513,-1.04052521855432,7.70638077195077,0.0105959380891306,0.0436489824055952,"ER_Positive_higher"
"AEN","Luminal_Epithelial","ER_Positive","Normal","ER_Positive vs Normal",-1.45041816793624,4.55950251554231,8.30291162972411,0.0106226755945364,0.0437471165332621,"Normal_higher"
"SNF8","Luminal_Epithelial","ER_Positive","Normal","ER_Positive vs Normal",-1.44361345833228,6.17173983912716,8.3093149394966,0.0106288460448575,0.0437536810276883,"Normal_higher"
"ZNF362","Luminal_Epithelial","ER_Positive","Normal","ER_Positive vs Normal",1.45474918650732,2.18593392737052,8.23670097922557,0.0106301006881423,0.0437536810276883,"ER_Positive_higher"
"STX12","Luminal_Epithelial","ER_Positive","Normal","ER_Positive vs Normal",-1.03154967003443,5.08783841928773,8.30474045038242,0.010643816125274,0.04379420099727,"Normal_higher"
"SEC61B","Luminal_Epithelial","ER_Positive","Normal","ER_Positive vs Normal",-1.02565129223101,8.96485192418505,8.30257300259743,0.0106457816510989,0.04379420099727,"Normal_higher"
"BDKRB2","Luminal_Epithelial","ER_Positive","Normal","ER_Positive vs Normal",3.13379198817557,0.94403626748943,8.02156038117843,0.0106580956162933,0.0438328421248874,"ER_Positive_higher"
"RAB37","Luminal_Epithelial","ER_Positive","Normal","ER_Positive vs Normal",1.88747383692186,0.24122354005939,7.90317443757797,0.0106738629511278,0.0438856606322122,"ER_Positive_higher"
"DPM1","Luminal_Epithelial","ER_Positive","Normal","ER_Positive vs Normal",-1.31576114635113,5.99871542258308,8.29625668237759,0.0106798763309614,0.0438983577372603,"Normal_higher"
"FEZ2","Luminal_Epithelial","ER_Positive","Normal","ER_Positive vs Normal",-1.02782733053927,5.34015570306802,8.28906150694767,0.010707628340876,0.0439782708018361,"Normal_higher"
"CDK5","Luminal_Epithelial","ER_Positive","Normal","ER_Positive vs Normal",1.21884383210548,4.65842347410147,8.28924517394396,0.0107081096494909,0.0439782708018361,"ER_Positive_higher"
"RP11-437B10.1","Luminal_Epithelial","ER_Positive","Normal","ER_Positive vs Normal",1.38933693783612,2.6071298978743,8.24264776713862,0.0107252874300462,0.0440367683892486,"ER_Positive_higher"
"TIMM50","Luminal_Epithelial","ER_Positive","Normal","ER_Positive vs Normal",-1.12137278334392,5.78013809821752,8.28185442756708,0.0107360841565426,0.0440690412848018,"Normal_higher"
"IVD","Luminal_Epithelial","ER_Positive","Normal","ER_Positive vs Normal",1.13155374389188,4.59457424807541,8.27624114292111,0.0107580909767004,0.0441234118761808,"ER_Positive_higher"
"ZC3H15","Luminal_Epithelial","ER_Positive","Normal","ER_Positive vs Normal",-1.00786051571485,6.99603494750726,8.27480367323293,0.0107581504667785,0.0441234118761808,"Normal_higher"
"SMYD5","Luminal_Epithelial","ER_Positive","Normal","ER_Positive vs Normal",-1.22557371504792,2.68448505421315,8.16238168156688,0.0107684601786252,0.0441430884975786,"Normal_higher"
"GREB1L","Luminal_Epithelial","ER_Positive","Normal","ER_Positive vs Normal",2.00594951155314,2.60324585903357,8.23621560623651,0.0107688310115036,0.0441430884975786,"ER_Positive_higher"
"RP11-490M8.1","Luminal_Epithelial","ER_Positive","Normal","ER_Positive vs Normal",-2.61799698656457,2.09036643253511,7.92016088847045,0.0107812237020471,0.0441629663197795,"Normal_higher"
"RP4-734G22.3","Luminal_Epithelial","ER_Positive","Normal","ER_Positive vs Normal",2.55810049131923,-1.27365399768716,7.6925197087224,0.0107825087356348,0.0441629663197795,"ER_Positive_higher"
"RP11-1277A3.1","Luminal_Epithelial","ER_Positive","Normal","ER_Positive vs Normal",-1.70281708590956,-0.452688953284348,7.95136057715123,0.010788599731497,0.0441758570724628,"Normal_higher"
"POLE4","Luminal_Epithelial","ER_Positive","Normal","ER_Positive vs Normal",-1.13813462173524,6.33373968481683,8.26032250171299,0.0108181515028411,0.0442847789424812,"Normal_higher"
"PLXNC1","Luminal_Epithelial","ER_Positive","Normal","ER_Positive vs Normal",2.29782615117348,-0.47481903385274,7.75799386591662,0.0108211818253717,0.0442851038051141,"ER_Positive_higher"
"LBHD1","Luminal_Epithelial","ER_Positive","Normal","ER_Positive vs Normal",2.16481509994254,-0.318451280772701,7.77878528833831,0.0108287608905517,0.0443035408848798,"ER_Positive_higher"
"RBM3","Luminal_Epithelial","ER_Positive","Normal","ER_Positive vs Normal",1.42433678274219,8.13082040908948,8.25218246110866,0.010842485860953,0.0443360177970904,"ER_Positive_higher"
"B4GALT6","Luminal_Epithelial","ER_Positive","Normal","ER_Positive vs Normal",-2.25983911484229,-0.938340454551296,7.93723547410989,0.0108464213326526,0.0443394870277924,"Normal_higher"
"HLA-A","Luminal_Epithelial","ER_Positive","Normal","ER_Positive vs Normal",-1.89202835889592,9.20210733694383,8.25047040303288,0.0108492434441297,0.0443394870277924,"Normal_higher"
"RP11-418J17.1","Luminal_Epithelial","ER_Positive","Normal","ER_Positive vs Normal",1.70128320956892,1.5169074058722,8.09856939122082,0.0108634001039682,0.0443852560196709,"ER_Positive_higher"
"MMP9","Luminal_Epithelial","ER_Positive","Normal","ER_Positive vs Normal",3.45294199474663,0.206919402509378,7.75977298380618,0.0108788992132698,0.0444364835311757,"ER_Positive_higher"
"CFAP57","Luminal_Epithelial","ER_Positive","Normal","ER_Positive vs Normal",2.72331446511108,-0.642117004717088,7.68493605692846,0.0108818982176033,0.0444366385174346,"ER_Positive_higher"
"LINC01353","Luminal_Epithelial","ER_Positive","Normal","ER_Positive vs Normal",2.76912812789107,-0.505447793300589,7.68756020065674,0.0109048854988094,0.0444973408009664,"ER_Positive_higher"
"SNX10","Luminal_Epithelial","ER_Positive","Normal","ER_Positive vs Normal",1.63291284529218,4.79800715510921,8.2391665915175,0.0109057217556076,0.0444973408009664,"ER_Positive_higher"
"PPP2R2A","Luminal_Epithelial","ER_Positive","Normal","ER_Positive vs Normal",-1.31380404419067,6.43275314405952,8.23741711345583,0.0109086237626944,0.0444973408009664,"Normal_higher"
"HDHD2","Luminal_Epithelial","ER_Positive","Normal","ER_Positive vs Normal",1.00245872363026,4.174660829136,8.23268047330697,0.0109221254423908,0.0445403088353149,"ER_Positive_higher"
"ZMYND15","Luminal_Epithelial","ER_Positive","Normal","ER_Positive vs Normal",-1.73598783684348,0.532847805818813,7.83990657451823,0.0109347569680995,0.0445750005238209,"Normal_higher"
"WDR19","Luminal_Epithelial","ER_Positive","Normal","ER_Positive vs Normal",1.04466597071969,2.37279111064936,8.16839793313872,0.010936573061152,0.0445750005238209,"ER_Positive_higher"
"SEPT8","Luminal_Epithelial","ER_Positive","Normal","ER_Positive vs Normal",1.33673287143664,3.3901606742904,8.21838123264189,0.0109408345596286,0.0445802618073166,"ER_Positive_higher"
"LINC00921","Luminal_Epithelial","ER_Positive","Normal","ER_Positive vs Normal",1.29239025427434,0.541837007922525,7.89342311532011,0.0109444960732905,0.0445830761595738,"ER_Positive_higher"
"GTF2I","Luminal_Epithelial","ER_Positive","Normal","ER_Positive vs Normal",1.02626559411551,6.61814516486843,8.22302845758065,0.0109615777579171,0.0446405420388227,"ER_Positive_higher"
"EBLN3","Luminal_Epithelial","ER_Positive","Normal","ER_Positive vs Normal",1.22343666496613,5.85863895152336,8.22259850360764,0.0109671228441064,0.0446510071951994,"ER_Positive_higher"
"ZFP2","Luminal_Epithelial","ER_Positive","Normal","ER_Positive vs Normal",1.66425934411362,0.2562996219005,7.84058540395789,0.0109757963573203,0.0446742001449162,"ER_Positive_higher"
"IFRD2","Luminal_Epithelial","ER_Positive","Normal","ER_Positive vs Normal",-1.1586534923739,5.63625704213223,8.2141401956727,0.0110036408224036,0.0447753898649162,"Normal_higher"
"LYZ","Luminal_Epithelial","ER_Positive","Normal","ER_Positive vs Normal",4.01203975893737,3.53087345648512,8.1909980165149,0.0110666660965699,0.0450013953677201,"ER_Positive_higher"
"RP11-758H9.2","Luminal_Epithelial","ER_Positive","Normal","ER_Positive vs Normal",1.17480848724597,3.57637946398526,8.18989630352799,0.0110681782036553,0.0450013953677201,"ER_Positive_higher"
"RP11-210M15.2","Luminal_Epithelial","ER_Positive","Normal","ER_Positive vs Normal",2.33607635182471,0.0362904970243998,7.75672382409706,0.0110951747104599,0.0450867281017795,"ER_Positive_higher"
"ERMP1","Luminal_Epithelial","ER_Positive","Normal","ER_Positive vs Normal",1.34359253664437,3.0167797073784,8.1635925974487,0.0111188342958979,0.0451706405735081,"ER_Positive_higher"
"POMK","Luminal_Epithelial","ER_Positive","Normal","ER_Positive vs Normal",2.42201298741299,0.0608676191464782,7.75020709459285,0.0111328867194136,0.04521548876813,"ER_Positive_higher"
"CHST12","Luminal_Epithelial","ER_Positive","Normal","ER_Positive vs Normal",1.50515498881784,4.17127518849218,8.17899398975594,0.0111411746440465,0.0452369068948066,"ER_Positive_higher"
"UBR5-AS1","Luminal_Epithelial","ER_Positive","Normal","ER_Positive vs Normal",1.42668259304043,1.80672016303621,8.06807734484748,0.0111452459610056,0.0452411972239143,"ER_Positive_higher"
"SPOPL","Luminal_Epithelial","ER_Positive","Normal","ER_Positive vs Normal",1.13215652695498,4.59556925738807,8.17400373651426,0.0111661813429488,0.0453139219615014,"ER_Positive_higher"
"WHAMM","Luminal_Epithelial","ER_Positive","Normal","ER_Positive vs Normal",-1.26524797367204,3.86485145579779,8.14285864339249,0.0111999824664891,0.0454388042375243,"Normal_higher"
"EIF5A2","Luminal_Epithelial","ER_Positive","Normal","ER_Positive vs Normal",-2.22099708019835,1.42579628814048,7.76789434999727,0.0112185464223698,0.0455018178812172,"Normal_higher"
"MGAM","Luminal_Epithelial","ER_Positive","Normal","ER_Positive vs Normal",-1.78788788863125,-0.517348274694313,7.84913470470846,0.0112509172027442,0.0456207820755424,"Normal_higher"
"RP11-107N15.1","Luminal_Epithelial","ER_Positive","Normal","ER_Positive vs Normal",-2.66442571171873,-0.390340656056112,7.85894817252752,0.0112549058554453,0.0456246278154154,"Normal_higher"
"AGA","Luminal_Epithelial","ER_Positive","Normal","ER_Positive vs Normal",1.1253436698442,4.41640000983907,8.15063444262676,0.0112598171253608,0.0456287125449046,"ER_Positive_higher"
"MPDU1","Luminal_Epithelial","ER_Positive","Normal","ER_Positive vs Normal",-1.33984520439094,5.21080383095755,8.1495789503645,0.0112619944869945,0.0456287125449046,"Normal_higher"
"RASGEF1A","Luminal_Epithelial","ER_Positive","Normal","ER_Positive vs Normal",-1.67502559865988,1.98775135675184,7.88889771462011,0.011265274384268,0.0456296822360891,"Normal_higher"
"MFSD2A","Luminal_Epithelial","ER_Positive","Normal","ER_Positive vs Normal",-1.93779623682046,2.61695609099245,7.96309581822058,0.0112889851262191,0.0457133836452157,"Normal_higher"
"FXYD5","Luminal_Epithelial","ER_Positive","Normal","ER_Positive vs Normal",-2.0950829796613,7.62778590024578,8.14085079856438,0.011296415702244,0.0457311331112963,"Normal_higher"
"CLPSL2","Luminal_Epithelial","ER_Positive","Normal","ER_Positive vs Normal",3.46751571431691,3.39552399581062,8.1323574880212,0.0113060702569029,0.045740563292768,"ER_Positive_higher"
"CH17-340M24.3","Luminal_Epithelial","ER_Positive","Normal","ER_Positive vs Normal",2.03743148644737,5.37235193198086,8.13959796419391,0.0113071857850683,0.045740563292768,"ER_Positive_higher"
"AC097724.3","Luminal_Epithelial","ER_Positive","Normal","ER_Positive vs Normal",-2.19246627201513,1.65239131774892,7.7669349082006,0.0113078889728906,0.045740563292768,"Normal_higher"
"FLT3","Luminal_Epithelial","ER_Positive","Normal","ER_Positive vs Normal",3.45839931922771,-0.474385904155327,7.53508625826231,0.0113301317022966,0.045800267986852,"ER_Positive_higher"
"BACE2","Luminal_Epithelial","ER_Positive","Normal","ER_Positive vs Normal",-2.00086557998866,5.98584876110527,8.13363695773598,0.0113318048267596,0.045800267986852,"Normal_higher"
"MTUS2","Luminal_Epithelial","ER_Positive","Normal","ER_Positive vs Normal",2.21898649919713,-1.50766330291989,7.5797523081098,0.0113492819995638,0.0458544967334469,"ER_Positive_higher"
"RP11-66B24.4","Luminal_Epithelial","ER_Positive","Normal","ER_Positive vs Normal",-2.35700350141775,-0.220726899564045,7.83209096058058,0.0113513330688849,0.0458544967334469,"Normal_higher"
"PDCD2L","Luminal_Epithelial","ER_Positive","Normal","ER_Positive vs Normal",-1.50744824553791,3.38608950841124,8.07198027970315,0.0113585963981949,0.0458714898137006,"Normal_higher"
"CYCS","Luminal_Epithelial","ER_Positive","Normal","ER_Positive vs Normal",-1.05234206063937,8.09094707604056,8.12408993037192,0.0113622742948919,0.0458739979401244,"Normal_higher"
"RP5-1125N11.2","Luminal_Epithelial","ER_Positive","Normal","ER_Positive vs Normal",2.01513252832522,-0.81650884414261,7.6439611844976,0.0113718205029547,0.0459001910403017,"ER_Positive_higher"
"NMNAT1","Luminal_Epithelial","ER_Positive","Normal","ER_Positive vs Normal",-1.11380829716781,2.7222885382844,8.02530118762126,0.0113841554669393,0.0459376233106638,"Normal_higher"
"RPL27A","Luminal_Epithelial","ER_Positive","Normal","ER_Positive vs Normal",-2.30846320735526,11.1017602623515,8.11695869755343,0.0113901203498427,0.0459493376586261,"Normal_higher"
"RP13-890H12.2","Luminal_Epithelial","ER_Positive","Normal","ER_Positive vs Normal",1.81514238524506,1.30155376486171,7.94055003974379,0.0113998900694891,0.045976390828493,"ER_Positive_higher"
"LATS2","Luminal_Epithelial","ER_Positive","Normal","ER_Positive vs Normal",-1.47564095021275,2.57647514970205,7.97795351850997,0.0114086879147071,0.0459995108909215,"Normal_higher"
"HLTF","Luminal_Epithelial","ER_Positive","Normal","ER_Positive vs Normal",1.32033811432838,4.29547787960259,8.11351064480372,0.0114130182474597,0.0460046104860669,"ER_Positive_higher"
"GALNT14","Luminal_Epithelial","ER_Positive","Normal","ER_Positive vs Normal",-2.3573889594852,0.769353505548161,7.73756510368176,0.0114335349961925,0.0460749354693503,"Normal_higher"
"SASH1","Luminal_Epithelial","ER_Positive","Normal","ER_Positive vs Normal",1.80229146132174,3.43439987628295,8.0989781282825,0.0114422379511712,0.0460870298720121,"ER_Positive_higher"
"VIMP","Luminal_Epithelial","ER_Positive","Normal","ER_Positive vs Normal",-1.18190887414819,7.7412776608051,8.10435969594747,0.0114457966799324,0.046087220492553,"Normal_higher"
"PACSIN2","Luminal_Epithelial","ER_Positive","Normal","ER_Positive vs Normal",-1.12701999811076,4.84757786357567,8.10074182548135,0.0114591033130472,0.0461284236638678,"Normal_higher"
"ESRRG","Luminal_Epithelial","ER_Positive","Normal","ER_Positive vs Normal",2.44273903304911,1.82751891453487,8.00379726709405,0.011466336317731,0.0461451620059505,"ER_Positive_higher"
"L3MBTL3","Luminal_Epithelial","ER_Positive","Normal","ER_Positive vs Normal",-1.54012879671271,1.49858833725078,7.75817018118765,0.0115059097475774,0.0462920073946097,"Normal_higher"
"KCNE4","Luminal_Epithelial","ER_Positive","Normal","ER_Positive vs Normal",5.69696180848775,5.47520292952193,8.09141865290583,0.0115092469485389,0.0462925668544404,"ER_Positive_higher"
"RDH16","Luminal_Epithelial","ER_Positive","Normal","ER_Positive vs Normal",2.0350402773419,-0.39617294079905,7.63228029980505,0.0115122182648612,0.0462925668544404,"ER_Positive_higher"
"SPP1","Luminal_Epithelial","ER_Positive","Normal","ER_Positive vs Normal",-2.79549782962906,2.22677237479108,7.7314061062904,0.0115241200015941,0.0463280120181951,"Normal_higher"
"TCFL5","Luminal_Epithelial","ER_Positive","Normal","ER_Positive vs Normal",1.46707118941273,1.52789432503432,7.94043880000013,0.0115285940981115,0.0463335864034172,"ER_Positive_higher"
"ATP1A1","Luminal_Epithelial","ER_Positive","Normal","ER_Positive vs Normal",-1.08260833141426,7.22655858081778,8.07891599145955,0.011554704282844,0.046419073467976,"Normal_higher"
"MFSD11","Luminal_Epithelial","ER_Positive","Normal","ER_Positive vs Normal",1.41809567072697,4.87960124795311,8.08043216517169,0.0115560510745891,0.046419073467976,"ER_Positive_higher"
"RNF6","Luminal_Epithelial","ER_Positive","Normal","ER_Positive vs Normal",-1.16871978832306,4.32754874964082,8.06651459615607,0.0115767015505031,0.0464895799219695,"Normal_higher"
"EPHA2","Luminal_Epithelial","ER_Positive","Normal","ER_Positive vs Normal",-2.04222255325988,3.30536989109363,7.98365302964471,0.0115803670632905,0.0464918588867844,"Normal_higher"
"RP4-565E6.1","Luminal_Epithelial","ER_Positive","Normal","ER_Positive vs Normal",2.76341862959749,0.447679238527922,7.71540789808103,0.0115915943334394,0.0465244868044731,"ER_Positive_higher"
"RP11-458J1.1","Luminal_Epithelial","ER_Positive","Normal","ER_Positive vs Normal",1.28851497770997,1.5293171115377,7.91892685788652,0.0116019811937111,0.0465537250732679,"ER_Positive_higher"
"RDH11","Luminal_Epithelial","ER_Positive","Normal","ER_Positive vs Normal",-1.21048584162424,5.32275759004217,8.06728871943636,0.0116093730981916,0.0465709334628605,"Normal_higher"
"TEN1","Luminal_Epithelial","ER_Positive","Normal","ER_Positive vs Normal",3.5027698868785,-1.16667311593657,7.49809410522182,0.0116151083970239,0.0465814889668994,"ER_Positive_higher"
"SHROOM1","Luminal_Epithelial","ER_Positive","Normal","ER_Positive vs Normal",2.0549549920098,3.96393423905391,8.06208577042713,0.0116266654737658,0.0466052746935447,"ER_Positive_higher"
"XKR6","Luminal_Epithelial","ER_Positive","Normal","ER_Positive vs Normal",-2.45848844165159,-0.358187942613288,7.77615963731431,0.0116272505132692,0.0466052746935447,"Normal_higher"
"LINC01515","Luminal_Epithelial","ER_Positive","Normal","ER_Positive vs Normal",1.76795028742631,1.09764480043307,7.85219290866108,0.0116304532068338,0.0466056638918436,"ER_Positive_higher"
"PEX11A","Luminal_Epithelial","ER_Positive","Normal","ER_Positive vs Normal",1.36025522100716,4.51713876976796,8.05981648812779,0.0116428090999634,0.0466322223805606,"ER_Positive_higher"
"CCDC39","Luminal_Epithelial","ER_Positive","Normal","ER_Positive vs Normal",4.8489135599777,-0.948932798706852,7.59654580389685,0.0116432956127114,0.0466322223805606,"ER_Positive_higher"
"BEST1","Luminal_Epithelial","ER_Positive","Normal","ER_Positive vs Normal",-2.5117072909089,5.73873309866174,8.05590525092136,0.0116496870111888,0.0466453716587275,"Normal_higher"
"DLST","Luminal_Epithelial","ER_Positive","Normal","ER_Positive vs Normal",-1.06628023586245,4.35482255669248,8.04863498664995,0.0116572558619548,0.0466632271860112,"Normal_higher"
"TTC21B","Luminal_Epithelial","ER_Positive","Normal","ER_Positive vs Normal",1.48262916567741,2.21261145299673,7.98767036920738,0.0116657985509676,0.0466849703611657,"ER_Positive_higher"
"CCNB1IP1","Luminal_Epithelial","ER_Positive","Normal","ER_Positive vs Normal",-1.32049200486633,4.88090238151716,8.04724349393837,0.0116837872613253,0.0467444935832334,"Normal_higher"
"MRPS9","Luminal_Epithelial","ER_Positive","Normal","ER_Positive vs Normal",-1.09458213086719,4.53943449919845,8.04249546049069,0.0116939145965181,0.0467725416710945,"Normal_higher"
"C4orf3","Luminal_Epithelial","ER_Positive","Normal","ER_Positive vs Normal",-1.31460738549258,7.99297062373256,8.04427560696113,0.0117004957810481,0.0467863949337033,"Normal_higher"
"PIK3R3","Luminal_Epithelial","ER_Positive","Normal","ER_Positive vs Normal",1.40476669437324,4.70291841199878,8.04500694176233,0.0117070997549043,0.0468003319184468,"ER_Positive_higher"
"GTF2E2","Luminal_Epithelial","ER_Positive","Normal","ER_Positive vs Normal",-1.04134967833086,4.89495099315843,8.03746246562794,0.0117304364835928,0.0468811345697143,"Normal_higher"
"ADAM17","Luminal_Epithelial","ER_Positive","Normal","ER_Positive vs Normal",-1.12913790916551,4.28824520136016,8.02660530522725,0.0117454509839363,0.0469286429488639,"Normal_higher"
"KPNA3","Luminal_Epithelial","ER_Positive","Normal","ER_Positive vs Normal",-1.13720772523829,4.26407552793656,8.02498486472158,0.0117513748224616,0.0469398142030029,"Normal_higher"
"CFAP221","Luminal_Epithelial","ER_Positive","Normal","ER_Positive vs Normal",4.53410577991632,-0.0616345160415183,7.42809822067459,0.0117964919005216,0.0471007512556021,"ER_Positive_higher"
"ASPHD1","Luminal_Epithelial","ER_Positive","Normal","ER_Positive vs Normal",-1.72197209431737,2.53128488056723,7.86098992282052,0.011816318644917,0.0471615675277313,"Normal_higher"
"COL4A5","Luminal_Epithelial","ER_Positive","Normal","ER_Positive vs Normal",1.95882078127335,2.7367317400969,7.98634671219567,0.0118356105295184,0.0472260056411814,"ER_Positive_higher"
"COX16","Luminal_Epithelial","ER_Positive","Normal","ER_Positive vs Normal",1.75157382263045,6.16468363506075,8.01100565318966,0.0118484678949668,0.0472521811585881,"ER_Positive_higher"
"INTU","Luminal_Epithelial","ER_Positive","Normal","ER_Positive vs Normal",1.10498894242431,3.24657590378751,7.9922918983409,0.0118663733218818,0.0473110160577792,"ER_Positive_higher"
"S100A16","Luminal_Epithelial","ER_Positive","Normal","ER_Positive vs Normal",-2.25836784173923,8.92335902834095,8.00500062626097,0.0118697210576352,0.0473117938677108,"Normal_higher"
"DDX59","Luminal_Epithelial","ER_Positive","Normal","ER_Positive vs Normal",1.00461120372128,4.1944011132653,7.99863064058021,0.0119002608835853,0.0474200200750952,"ER_Positive_higher"
"SH2D3A","Luminal_Epithelial","ER_Positive","Normal","ER_Positive vs Normal",-1.42440133671109,4.33102251141309,7.98746752121013,0.0119071914903841,0.0474200200750952,"Normal_higher"
"RP11-686G8.2","Luminal_Epithelial","ER_Positive","Normal","ER_Positive vs Normal",2.60378126193202,-1.02284401066791,7.45659100888184,0.0119077082547018,0.0474200200750952,"ER_Positive_higher"
"KIF3A","Luminal_Epithelial","ER_Positive","Normal","ER_Positive vs Normal",1.27509733606503,4.44090193528184,7.9979263651002,0.0119095495707159,0.0474200200750952,"ER_Positive_higher"
"SPIDR","Luminal_Epithelial","ER_Positive","Normal","ER_Positive vs Normal",1.22505911497543,4.5557573395439,7.99743820207171,0.0119126724650569,0.0474200200750952,"ER_Positive_higher"
"FAM117A","Luminal_Epithelial","ER_Positive","Normal","ER_Positive vs Normal",1.19793652385366,1.63700814528538,7.85914755691933,0.0119361621570951,0.0475009242883918,"ER_Positive_higher"
"ANKRD28","Luminal_Epithelial","ER_Positive","Normal","ER_Positive vs Normal",2.34111023590786,5.21539952091476,7.99089188019731,0.0119427787057109,0.0475146553649533,"ER_Positive_higher"
"PAK1IP1","Luminal_Epithelial","ER_Positive","Normal","ER_Positive vs Normal",-1.50084259462544,4.84712976896397,7.98341978282082,0.011955331834302,0.0475393918487995,"Normal_higher"
"SIGLEC15","Luminal_Epithelial","ER_Positive","Normal","ER_Positive vs Normal",2.94422218900816,2.33203118876928,7.93515567704109,0.0119629201342666,0.0475569648887257,"ER_Positive_higher"
"PPIL6","Luminal_Epithelial","ER_Positive","Normal","ER_Positive vs Normal",1.81865538305174,3.26595136612277,7.9712442911362,0.0119761395363105,0.0475969083743147,"ER_Positive_higher"
"SCG5","Luminal_Epithelial","ER_Positive","Normal","ER_Positive vs Normal",-2.56964905297449,-0.640419795342277,7.68940827281926,0.011984678469891,0.0476042311542999,"Normal_higher"
"MASTL","Luminal_Epithelial","ER_Positive","Normal","ER_Positive vs Normal",-1.2571306697716,1.34661474632794,7.65539425645131,0.0119874984695209,0.0476042311542999,"Normal_higher"
"BAMBI","Luminal_Epithelial","ER_Positive","Normal","ER_Positive vs Normal",3.01162258916883,7.59750926768755,7.97705320584833,0.0119926141939818,0.0476119474098109,"ER_Positive_higher"
"TUBB2B","Luminal_Epithelial","ER_Positive","Normal","ER_Positive vs Normal",-2.21972449644625,2.89259269718006,7.82071256000488,0.0120197891682902,0.0477072139773951,"Normal_higher"
"RP11-284F21.7","Luminal_Epithelial","ER_Positive","Normal","ER_Positive vs Normal",3.51122851460837,0.12233209147649,7.48509734074371,0.0120374039590586,0.0477504845474436,"ER_Positive_higher"
"CPNE5","Luminal_Epithelial","ER_Positive","Normal","ER_Positive vs Normal",2.61355156182307,-1.27699020763281,7.42216960886893,0.0120374512742635,0.0477504845474436,"ER_Positive_higher"
"ACAA2","Luminal_Epithelial","ER_Positive","Normal","ER_Positive vs Normal",-1.36671287684467,4.622977104182,7.96260539104611,0.0120402367913325,0.0477504845474436,"Normal_higher"
"RP6-65G23.3","Luminal_Epithelial","ER_Positive","Normal","ER_Positive vs Normal",-1.46173986786687,1.91663226861932,7.72630902449117,0.0120459568963367,0.0477516550222064,"Normal_higher"
"RFWD3","Luminal_Epithelial","ER_Positive","Normal","ER_Positive vs Normal",-1.23577258396732,1.79232499992618,7.72950125762633,0.0120623730020143,0.0478003780409899,"Normal_higher"
"HOTAIR","Luminal_Epithelial","ER_Positive","Normal","ER_Positive vs Normal",3.59034902803219,0.882124867238556,7.66105453209448,0.0120822544697425,0.0478665239776729,"ER_Positive_higher"
"PSPH","Luminal_Epithelial","ER_Positive","Normal","ER_Positive vs Normal",3.0583246884138,5.45774924245643,7.95854574521041,0.0120859423198957,0.0478684973329835,"ER_Positive_higher"
"TMEM173","Luminal_Epithelial","ER_Positive","Normal","ER_Positive vs Normal",1.59396310148004,3.12807761362735,7.93998907802159,0.0120958663192952,0.0478951624943704,"ER_Positive_higher"
"C1QTNF9B-AS1","Luminal_Epithelial","ER_Positive","Normal","ER_Positive vs Normal",2.06406483277112,2.83152484951711,7.93138562571288,0.0120994590715706,0.0478967508011238,"ER_Positive_higher"
"FKTN","Luminal_Epithelial","ER_Positive","Normal","ER_Positive vs Normal",1.14160972730744,2.42366168758382,7.89932831772363,0.0121091491203981,0.0479044199757154,"ER_Positive_higher"
"MTA1","Luminal_Epithelial","ER_Positive","Normal","ER_Positive vs Normal",2.36252427530062,6.31606218596939,7.95168455328962,0.0121100661477306,0.0479044199757154,"ER_Positive_higher"
"MORC2-AS1","Luminal_Epithelial","ER_Positive","Normal","ER_Positive vs Normal",-2.09688703150125,1.05178781097976,7.5699837655317,0.012112758126017,0.0479044199757154,"Normal_higher"
"SEMA4D","Luminal_Epithelial","ER_Positive","Normal","ER_Positive vs Normal",1.45125388235826,1.64752032074329,7.82676045550634,0.0121141649768668,0.0479044199757154,"ER_Positive_higher"
"CD247","Luminal_Epithelial","ER_Positive","Normal","ER_Positive vs Normal",3.21434688470002,-1.14531210815013,7.37785924024721,0.0121504911740839,0.0480227603501387,"ER_Positive_higher"
"KIAA1107","Luminal_Epithelial","ER_Positive","Normal","ER_Positive vs Normal",1.39833066425863,0.921457178757964,7.69525258470378,0.0121713812326267,0.0480926588093808,"ER_Positive_higher"
"DNAJC16","Luminal_Epithelial","ER_Positive","Normal","ER_Positive vs Normal",1.08975616506051,3.2888526193719,7.92252152778155,0.0121822178359873,0.0481228068082817,"ER_Positive_higher"
"RBPMS","Luminal_Epithelial","ER_Positive","Normal","ER_Positive vs Normal",-1.20194138304342,5.85810594391874,7.9346027925697,0.0121919072336091,0.0481410945119428,"Normal_higher"
"IER2","Luminal_Epithelial","ER_Positive","Normal","ER_Positive vs Normal",1.37422307996939,9.51600001385049,7.93172441239033,0.01219357469583,0.0481410945119428,"ER_Positive_higher"
"TEX2","Luminal_Epithelial","ER_Positive","Normal","ER_Positive vs Normal",1.04722433808826,3.33535447223728,7.92007249492986,0.0121977274586923,0.0481410945119428,"ER_Positive_higher"
"AFF4","Luminal_Epithelial","ER_Positive","Normal","ER_Positive vs Normal",1.10186464987486,6.22423571322768,7.93095790167695,0.0122032473701811,0.0481410945119428,"ER_Positive_higher"
"SMIM13","Luminal_Epithelial","ER_Positive","Normal","ER_Positive vs Normal",-1.24346948526695,2.37581523095631,7.78276697838908,0.0122061656537451,0.0481410945119428,"Normal_higher"
"TMEM44-AS1","Luminal_Epithelial","ER_Positive","Normal","ER_Positive vs Normal",1.92501047634263,3.4240996801295,7.92330344329167,0.0122080977869518,0.0481410945119428,"ER_Positive_higher"
"GMEB1","Luminal_Epithelial","ER_Positive","Normal","ER_Positive vs Normal",-1.03905248074896,3.39032845410441,7.89283240337379,0.0122095465514553,0.0481410945119428,"Normal_higher"
"CKAP4","Luminal_Epithelial","ER_Positive","Normal","ER_Positive vs Normal",-1.08662263361088,5.12751265212554,7.92935375748601,0.0122125106155105,0.0481410945119428,"Normal_higher"
"PSMD6","Luminal_Epithelial","ER_Positive","Normal","ER_Positive vs Normal",-1.06614129635537,5.99784323681154,7.92806635894185,0.0122208219164633,0.0481612065389614,"Normal_higher"
"CDT1","Luminal_Epithelial","ER_Positive","Normal","ER_Positive vs Normal",-1.32057282934627,1.06424068930195,7.55643214876433,0.0122886328014699,0.0484045849573906,"Normal_higher"
"VAMP8","Luminal_Epithelial","ER_Positive","Normal","ER_Positive vs Normal",-1.03201187043231,8.59247657757128,7.90762893130392,0.0123042153698896,0.0484516819879122,"Normal_higher"
"DOCK1","Luminal_Epithelial","ER_Positive","Normal","ER_Positive vs Normal",1.01597334773703,3.82056079699091,7.90238643457431,0.0123155350902836,0.0484835349160245,"ER_Positive_higher"
"SLC16A4","Luminal_Epithelial","ER_Positive","Normal","ER_Positive vs Normal",-1.3282888125811,2.13136499784604,7.71696216109864,0.0123215497415628,0.0484944917313489,"Normal_higher"
"VPS33B","Luminal_Epithelial","ER_Positive","Normal","ER_Positive vs Normal",-1.09596213963307,1.84773222987083,7.69099147736379,0.0123400450353961,0.048551429224112,"Normal_higher"
"FAM213B","Luminal_Epithelial","ER_Positive","Normal","ER_Positive vs Normal",1.05185691437388,4.47188762509809,7.90085312259753,0.0123436413890771,0.048551429224112,"ER_Positive_higher"
"BGN","Luminal_Epithelial","ER_Positive","Normal","ER_Positive vs Normal",2.91120574008886,1.31549741526308,7.73004632851789,0.0123457222575606,0.048551429224112,"ER_Positive_higher"
"ALDOC","Luminal_Epithelial","ER_Positive","Normal","ER_Positive vs Normal",-2.75781255539884,4.10130381667514,7.83913975577557,0.0123528002686646,0.0485557935044992,"Normal_higher"
"ZSWIM4","Luminal_Epithelial","ER_Positive","Normal","ER_Positive vs Normal",-1.31858443869451,2.40734234180703,7.75846176089343,0.0123533030985659,0.0485557935044992,"Normal_higher"
"CFH","Luminal_Epithelial","ER_Positive","Normal","ER_Positive vs Normal",3.17999144986427,-1.06663384750218,7.32404219270922,0.0123957630422604,0.0486971769568592,"ER_Positive_higher"
"AATK","Luminal_Epithelial","ER_Positive","Normal","ER_Positive vs Normal",2.04879259712429,1.78276942032631,7.78332269794418,0.0124207171754258,0.048782439846013,"ER_Positive_higher"
"POSTN","Luminal_Epithelial","ER_Positive","Normal","ER_Positive vs Normal",3.56522497880734,0.0533971477442526,7.36275271131932,0.0125080312706332,0.0491125131549953,"ER_Positive_higher"
"MINA","Luminal_Epithelial","ER_Positive","Normal","ER_Positive vs Normal",-1.21211009209327,3.83205060631355,7.8413746046732,0.0125171986164133,0.0491356525337469,"Normal_higher"
"HECTD4","Luminal_Epithelial","ER_Positive","Normal","ER_Positive vs Normal",1.05137941428762,3.31421008014893,7.831935469887,0.0126016037970002,0.0494411158644658,"ER_Positive_higher"
"RP11-390P2.4","Luminal_Epithelial","ER_Positive","Normal","ER_Positive vs Normal",-1.45091504875666,0.940160294002764,7.47619740587661,0.0126204704571081,0.0494763323275397,"Normal_higher"
"HLA-DQA2","Luminal_Epithelial","ER_Positive","Normal","ER_Positive vs Normal",3.31015323566255,0.261547992913587,7.40910783455376,0.0126255979953127,0.0494835072122375,"ER_Positive_higher"
"TOMM34","Luminal_Epithelial","ER_Positive","Normal","ER_Positive vs Normal",-1.08771646775216,4.45764360263807,7.8330587218552,0.0126307724312078,0.0494908621083903,"Normal_higher"
"DBF4B","Luminal_Epithelial","ER_Positive","Normal","ER_Positive vs Normal",1.63861514781992,1.10862326731466,7.63799323073111,0.0126448365567478,0.0495161129927597,"ER_Positive_higher"
"HMGA1P4","Luminal_Epithelial","ER_Positive","Normal","ER_Positive vs Normal",-1.80297689646638,0.0762206597764779,7.51540879048959,0.0126538978972935,0.0495297458906323,"Normal_higher"
"JPH1","Luminal_Epithelial","ER_Positive","Normal","ER_Positive vs Normal",2.43329030446599,1.60327502766542,7.71292025533978,0.0126624206227638,0.0495451334271522,"ER_Positive_higher"
"MMEL1","Luminal_Epithelial","ER_Positive","Normal","ER_Positive vs Normal",1.96579763278111,4.66306181820649,7.83256204695012,0.0126644320534788,0.0495451334271522,"ER_Positive_higher"
"PPP1R13B","Luminal_Epithelial","ER_Positive","Normal","ER_Positive vs Normal",1.31410949223991,2.81559488514517,7.80268265877201,0.0126677956833562,0.0495453765494206,"ER_Positive_higher"
"CTNND2","Luminal_Epithelial","ER_Positive","Normal","ER_Positive vs Normal",2.94659908372431,2.18933433789619,7.76591541130994,0.0126947689801042,0.0496250060131348,"ER_Positive_higher"
"LINC00339","Luminal_Epithelial","ER_Positive","Normal","ER_Positive vs Normal",1.13021679962436,2.83049308291929,7.79493913229533,0.0126992314159918,0.04962952235932,"ER_Positive_higher"
"JUND","Luminal_Epithelial","ER_Positive","Normal","ER_Positive vs Normal",1.44085666719116,7.06538378383455,7.81701701632028,0.0127265328431444,0.0496964161491786,"ER_Positive_higher"
"SLC15A4","Luminal_Epithelial","ER_Positive","Normal","ER_Positive vs Normal",-1.13725321017659,2.46706761922297,7.69948677730908,0.0127295944344268,0.0496964161491786,"Normal_higher"
"SEMA3F","Luminal_Epithelial","ER_Positive","Normal","ER_Positive vs Normal",2.12251675962934,2.40654559101239,7.77280779638495,0.0127346512180086,0.0497032277837856,"ER_Positive_higher"
"GRIN1","Luminal_Epithelial","ER_Positive","Normal","ER_Positive vs Normal",2.87801290553774,1.17970105786263,7.62537561354897,0.0127415277318125,0.0497171364199974,"ER_Positive_higher"
"TENM3","Luminal_Epithelial","ER_Positive","Normal","ER_Positive vs Normal",3.79156952838076,1.19924058088476,7.58048083859439,0.0127465297442702,0.0497194596712313,"ER_Positive_higher"
"NAA20","Luminal_Epithelial","ER_Positive","Normal","ER_Positive vs Normal",-1.05633669755144,7.59994184145016,7.81018693905933,0.0127592740444377,0.0497475774447588,"Normal_higher"
"PROCR","Luminal_Epithelial","ER_Positive","Normal","ER_Positive vs Normal",-1.57518109507315,1.16373518490004,7.45911996222899,0.012779111319234,0.0498043022281644,"Normal_higher"
"KLF4","Luminal_Epithelial","ER_Positive","Normal","ER_Positive vs Normal",1.84125831396556,6.97233437939889,7.8056239758049,0.0127805834649414,0.0498043022281644,"ER_Positive_higher"
"TMEM94","Luminal_Epithelial","ER_Positive","Normal","ER_Positive vs Normal",1.21350990849011,3.01783703064675,7.78556679705242,0.0127837790486366,0.0498043022281644,"ER_Positive_higher"
"MOCS2","Luminal_Epithelial","ER_Positive","Normal","ER_Positive vs Normal",1.59401052528017,6.0125338139123,7.7996360549777,0.0128138281117223,0.0499084138262694,"ER_Positive_higher"
